cell_id,region,center_x_m,center_y_m,center_z_m,tilt_deg,is_side,quad_c3,quad_c5,fit_rms_mm,outcome,passes,gu_before,gu_final,ra_final_um,rz_final_um,scratch_before_um,scratch_final_um,clearcoat_initial_um,clearcoat_min_um,temperature_peak_c,gu_target_pass,ra_target_pass,rz_target_pass,scratch_improved,clearcoat_safe,warranty_removal_ok,overall_pass,disposition,checkpoint
0,front,-0.503,1.415,0.208,95.5,True,-1.1723,+0.3580,2.91,success,1,58.70,70.67,0.1257,0.956,0.355,0.052,44.71,39.83,35.75,True,True,True,True,True,True,True,pass,model_ppo_curved.pt
1,front,-0.516,1.419,0.301,101.5,True,-1.5491,+0.4896,2.76,success,1,66.90,72.74,0.1209,0.887,0.159,0.018,46.97,42.64,35.77,True,True,True,True,True,True,True,pass,model_ppo_curved.pt
2,front,-0.516,1.431,0.424,69.0,True,-4.1796,-4.3271,7.64,fail_force_overload,0,63.48,67.94,0.1759,1.055,0.467,0.252,45.87,42.45,34.65,False,True,True,True,True,True,False,spot_repaint_review,model_ppo_curved.pt
3,front,-0.525,1.369,0.534,65.3,True,-4.4150,-1.6356,5.46,success,1,68.96,72.10,0.1229,0.821,0.490,0.093,43.92,41.42,35.79,True,True,True,True,True,True,True,pass,model_ppo_curved.pt
4,front,-0.422,1.466,0.209,84.5,True,-1.5920,+0.7827,4.10,success,1,63.85,71.90,0.1172,0.954,0.906,0.235,45.65,41.49,35.75,True,True,True,True,True,True,True,pass,model_ppo_curved.pt
5,front,-0.421,1.472,0.307,94.3,True,-0.9989,-0.0669,2.70,success,1,63.75,72.22,0.1280,0.946,0.818,0.254,49.65,43.99,35.83,True,True,True,True,True,True,True,pass,model_ppo_curved.pt
6,front,-0.416,1.470,0.411,73.7,True,-0.2087,-3.6438,4.83,fail_force_overload,0,68.77,71.48,0.1612,0.994,0.434,0.259,44.60,41.31,34.84,True,True,True,True,True,True,False,spot_repaint_review,model_ppo_curved.pt
7,front,-0.410,1.401,0.581,74.3,True,+0.0049,-0.7165,4.66,fail_force_overload,0,64.42,71.99,0.1564,1.083,0.697,0.337,45.33,44.13,35.09,True,True,True,True,True,True,False,spot_repaint_review,model_ppo_curved.pt
8,front,-0.376,1.409,0.624,75.8,True,-1.4758,-3.9538,4.83,fail_force_overload,0,61.86,69.68,0.1068,0.813,0.250,0.091,49.13,45.79,36.00,False,True,True,True,True,True,False,spot_repaint_review,model_ppo_curved.pt
9,front,-0.310,1.495,0.211,79.2,True,-1.4980,+2.4508,3.50,success,1,70.50,71.25,0.1280,0.883,0.429,0.075,43.46,38.51,35.73,True,True,True,True,True,True,True,pass,model_ppo_curved.pt
10,front,-0.300,1.500,0.308,94.7,True,-1.7214,+0.2143,3.74,success,1,59.00,72.72,0.1260,0.914,0.886,0.139,47.97,43.87,35.72,True,True,True,True,True,True,True,pass,model_ppo_curved.pt
11,front,-0.300,1.500,0.422,77.4,True,-0.4694,-3.6723,6.70,fail_force_overload,0,72.70,74.05,0.1444,0.916,0.187,0.074,44.13,39.98,34.85,True,True,True,True,True,True,False,spot_repaint_review,model_ppo_curved.pt
12,front,-0.286,1.456,0.551,85.0,True,-0.8345,+1.0958,5.48,success,1,66.44,73.51,0.1191,0.952,0.259,0.024,49.78,45.01,35.89,True,True,True,True,True,True,True,pass,model_ppo_curved.pt
13,front,-0.299,1.441,0.638,79.7,True,-0.6922,-5.4556,9.67,fail_force_overload,0,69.72,72.25,0.0839,0.736,0.257,0.111,43.15,37.94,35.92,True,True,True,True,True,True,False,spot_repaint_review,model_ppo_curved.pt
14,front,-0.165,1.495,0.209,73.7,True,+0.0982,-0.7130,7.16,fail_clearcoat_budget,1,63.72,66.81,0.1194,0.746,0.574,0.105,40.36,35.52,35.94,False,True,True,True,True,True,False,spot_repaint_review,model_ppo_curved.pt
15,front,-0.179,1.486,0.304,93.4,True,+1.7095,+3.1166,10.46,fail_force_overload,0,69.08,70.48,0.1407,0.817,0.284,0.240,47.58,44.06,35.19,True,True,True,True,True,True,False,spot_repaint_review,model_ppo_curved.pt
16,front,-0.178,1.490,0.425,73.9,True,+0.0241,-9.9297,35.70,fail_force_overload,0,69.54,72.27,0.1786,0.900,0.250,0.141,42.28,39.03,34.42,True,True,True,True,True,True,False,spot_repaint_review,model_ppo_curved.pt
17,front,-0.181,1.474,0.560,86.7,True,-0.3055,+0.7043,2.38,success,1,69.87,72.08,0.1171,0.721,0.507,0.064,44.83,40.73,35.83,True,True,True,True,True,True,True,pass,model_ppo_curved.pt
18,front,-0.178,1.472,0.642,86.4,True,+0.8926,-3.8451,16.20,fail_force_overload,0,58.29,70.84,0.0885,0.659,0.311,0.217,46.96,43.63,35.95,True,True,True,True,True,True,False,spot_repaint_review,model_ppo_curved.pt
19,front,-0.062,1.496,0.208,68.9,True,-0.1532,-0.5485,6.76,success,1,68.70,72.44,0.1212,0.817,0.564,0.088,46.32,42.15,35.88,True,True,True,True,True,True,True,pass,model_ppo_curved.pt
20,front,-0.062,1.482,0.305,94.0,True,-0.1459,+3.9273,8.59,fail_force_overload,0,72.04,74.56,0.1183,0.824,0.287,0.153,46.47,41.96,35.32,True,True,True,True,True,True,False,spot_repaint_review,model_ppo_curved.pt
21,front,-0.061,1.494,0.425,73.8,True,+0.0998,-7.1780,30.21,fail_force_overload,0,68.79,71.16,0.1573,0.878,0.235,0.124,40.28,37.13,34.70,True,True,True,True,True,True,False,spot_repaint_review,model_ppo_curved.pt
22,front,-0.067,1.482,0.537,90.8,True,-0.2562,+1.6193,4.65,success,1,56.75,71.72,0.1242,0.774,0.357,0.038,47.44,42.38,35.76,True,True,True,True,True,True,True,pass,model_ppo_curved.pt
23,front,-0.063,1.480,0.647,85.7,True,+0.6863,-4.2535,16.31,fail_force_overload,0,66.84,73.69,0.1089,0.801,0.476,0.205,49.38,45.98,35.98,True,True,True,True,True,True,False,spot_repaint_review,model_ppo_curved.pt
24,front,0.057,1.496,0.208,69.4,True,-0.1965,-0.8062,6.85,fail_clearcoat_budget,1,64.84,69.28,0.1159,0.760,0.406,0.043,41.24,36.19,35.88,False,True,True,True,True,True,False,rework_candidate,model_ppo_curved.pt
25,front,0.058,1.482,0.305,94.1,True,-0.1919,+4.5003,8.65,fail_force_overload,0,67.07,69.77,0.1244,0.834,0.426,0.292,41.67,38.46,35.64,False,True,True,True,True,True,False,spot_repaint_review,model_ppo_curved.pt
26,front,0.057,1.501,0.428,72.2,True,+0.0738,-5.6203,21.91,fail_force_overload,0,74.79,74.53,0.1723,0.965,0.323,0.249,49.51,46.58,34.79,True,True,True,True,True,True,False,spot_repaint_review,model_ppo_curved.pt
27,front,0.065,1.482,0.536,91.1,True,-0.4963,+1.6956,4.74,success,1,70.06,73.49,0.1177,0.791,0.297,0.036,49.01,44.78,35.72,True,True,True,True,True,True,True,pass,model_ppo_curved.pt
28,front,0.059,1.477,0.636,99.8,True,+2.8925,-1.7922,17.59,fail_force_overload,0,69.00,70.42,0.1020,0.897,0.517,0.289,41.02,35.63,35.77,True,True,True,True,True,True,False,spot_repaint_review,model_ppo_curved.pt
29,front,0.189,1.494,0.213,73.0,True,+0.3156,-0.2630,7.21,success,1,60.14,71.34,0.1318,0.832,0.351,0.055,45.32,40.14,35.78,True,True,True,True,True,True,True,pass,model_ppo_curved.pt
30,front,0.179,1.486,0.305,93.4,True,+1.6885,+3.1822,10.46,fail_force_overload,0,71.66,71.45,0.1706,0.944,0.429,0.348,48.62,46.17,35.25,True,True,True,True,True,True,False,spot_repaint_review,model_ppo_curved.pt
31,front,0.178,1.490,0.425,73.9,True,+0.0284,-7.6305,33.75,fail_force_overload,0,60.42,67.47,0.1658,0.939,0.269,0.182,43.41,40.07,34.63,False,True,True,True,True,True,False,spot_repaint_review,model_ppo_curved.pt
32,front,0.179,1.474,0.541,88.6,True,-0.2416,+1.6474,5.13,success,1,61.47,73.15,0.1220,0.727,0.218,0.030,49.05,42.99,35.79,True,True,True,True,True,True,True,pass,model_ppo_curved.pt
33,front,0.178,1.473,0.641,86.0,True,+0.2983,-4.0529,15.29,fail_force_overload,0,70.19,72.16,0.0995,0.608,0.342,0.142,41.30,37.83,35.94,True,True,True,True,True,True,False,spot_repaint_review,model_ppo_curved.pt
34,front,0.277,1.496,0.216,81.0,True,-0.8927,+2.9049,4.23,fail_force_overload,0,66.52,66.39,0.1581,0.925,0.165,0.160,47.53,44.36,35.32,False,True,True,True,True,True,False,spot_repaint_review,model_ppo_curved.pt
35,front,0.300,1.500,0.308,95.5,True,-1.9486,+0.2687,4.00,fail_clearcoat_budget,1,58.72,69.28,0.1280,0.971,0.491,0.096,41.74,36.72,35.78,False,True,True,True,True,True,False,rework_candidate,model_ppo_curved.pt
36,front,0.300,1.501,0.422,77.6,True,-0.4886,-3.7334,6.71,success,1,62.61,72.03,0.1129,0.728,0.499,0.053,45.09,40.44,36.01,True,True,True,True,True,True,True,pass,model_ppo_curved.pt
37,front,0.286,1.457,0.551,85.4,True,-0.8941,+1.1121,5.63,success,1,67.71,70.39,0.1204,0.814,0.278,0.044,42.22,37.92,35.83,True,True,True,True,True,True,True,pass,model_ppo_curved.pt
38,front,0.299,1.443,0.637,80.1,True,-0.8181,-5.2054,9.38,fail_force_overload,0,59.61,70.79,0.1099,1.007,0.738,0.419,45.71,42.02,35.92,True,True,True,True,True,True,False,spot_repaint_review,model_ppo_curved.pt
39,front,0.444,1.458,0.212,86.8,True,-1.8318,+0.7712,3.11,success,1,71.65,73.96,0.1147,0.687,0.491,0.043,48.95,46.06,35.82,True,True,True,True,True,True,True,pass,model_ppo_curved.pt
40,front,0.421,1.471,0.308,96.2,True,-0.8234,+0.1320,2.69,success,1,68.96,71.13,0.1258,0.819,0.495,0.129,44.09,37.54,35.80,True,True,True,True,True,True,True,pass,model_ppo_curved.pt
41,front,0.415,1.471,0.410,73.9,True,-0.1740,-3.8033,4.81,success,1,63.38,72.35,0.1196,0.815,0.461,0.081,46.23,41.91,36.00,True,True,True,True,True,True,True,pass,model_ppo_curved.pt
42,front,0.407,1.404,0.581,72.6,True,+0.1025,-0.5957,4.68,success,1,62.69,70.45,0.1131,0.711,0.357,0.053,40.99,38.58,35.81,True,True,True,True,True,True,True,pass,model_ppo_curved.pt
43,front,0.375,1.412,0.621,76.0,True,-1.4517,-3.4855,4.66,success,1,64.99,71.79,0.1216,0.817,0.310,0.046,44.66,39.57,35.87,True,True,True,True,True,True,True,pass,model_ppo_curved.pt
44,front,0.502,1.415,0.212,96.6,True,-0.9504,+0.5692,2.67,success,1,68.17,73.73,0.1171,0.762,0.327,0.041,49.97,46.28,35.84,True,True,True,True,True,True,True,pass,model_ppo_curved.pt
45,front,0.514,1.421,0.300,101.9,True,-1.4138,+0.6226,2.69,success,1,71.67,72.81,0.1378,0.869,0.317,0.051,46.59,41.37,35.82,True,True,True,True,True,True,True,pass,model_ppo_curved.pt
46,front,0.513,1.435,0.422,69.9,True,-4.1365,-4.5596,7.19,fail_force_overload,0,61.34,70.84,0.1312,0.910,0.230,0.089,44.98,40.60,35.06,True,True,True,True,True,True,False,spot_repaint_review,model_ppo_curved.pt
47,front,0.523,1.370,0.536,64.5,True,-4.1833,-2.0738,5.91,success,1,71.94,70.59,0.1087,0.716,0.132,0.028,41.85,37.87,35.53,True,True,True,True,True,True,True,pass,model_ppo_curved.pt
48,rear,-0.506,-1.333,0.170,93.9,True,-2.8768,-9.0903,10.43,fail_force_overload,0,65.19,70.19,0.1817,1.106,0.638,0.464,48.76,46.49,34.45,True,True,True,True,True,True,False,spot_repaint_review,model_ppo_curved.pt
49,rear,-0.421,-1.374,0.158,96.5,True,-0.5865,-14.4501,8.45,fail_force_overload,0,58.56,67.93,0.1628,0.917,0.372,0.198,41.74,38.53,35.19,False,True,True,True,True,True,False,spot_repaint_review,model_ppo_curved.pt
50,rear,-0.421,-1.407,0.315,101.4,True,-1.1690,-3.0320,6.74,success,1,62.39,72.73,0.1236,0.858,0.491,0.084,48.89,43.46,35.91,True,True,True,True,True,True,True,pass,model_ppo_curved.pt
51,rear,-0.423,-1.417,0.375,83.6,True,-0.7886,-7.0803,6.96,fail_force_overload,0,71.96,72.19,0.1661,1.094,0.299,0.279,42.66,38.12,34.80,True,True,True,True,True,True,False,spot_repaint_review,model_ppo_curved.pt
52,rear,-0.308,-1.404,0.188,90.2,True,-0.2507,+7.8101,11.83,fail_force_overload,0,73.22,73.73,0.1154,0.923,0.408,0.325,40.36,38.36,34.52,True,True,True,True,True,True,False,spot_repaint_review,model_ppo_curved.pt
53,rear,-0.302,-1.440,0.311,104.8,True,+0.0607,-2.6991,5.97,success,1,69.24,72.33,0.1249,0.796,0.169,0.036,46.04,41.55,35.91,True,True,True,True,True,True,True,pass,model_ppo_curved.pt
54,rear,-0.297,-1.441,0.419,78.3,True,-4.0829,+1.1771,12.97,success,1,64.76,72.82,0.1256,0.870,0.378,0.050,47.51,43.26,35.66,True,True,True,True,True,True,True,pass,model_ppo_curved.pt
55,rear,-0.297,-1.425,0.492,55.1,True,+0.5067,-4.9968,12.92,fail_force_overload,0,65.17,72.13,0.1827,1.000,0.373,0.224,48.66,43.88,34.68,True,True,True,True,True,True,False,spot_repaint_review,model_ppo_curved.pt
56,rear,-0.179,-1.428,0.183,96.1,True,-0.2693,+6.2002,10.32,fail_force_overload,0,56.80,59.04,0.1355,1.187,0.624,0.624,43.20,39.76,34.84,False,True,True,False,True,True,False,spot_repaint_review,model_ppo_curved.pt
57,rear,-0.180,-1.473,0.315,103.2,True,+0.2250,-8.4669,13.45,fail_force_overload,0,66.17,70.56,0.1459,1.023,0.470,0.275,43.39,40.75,34.56,True,True,True,True,True,True,False,spot_repaint_review,model_ppo_curved.pt
58,rear,-0.177,-1.426,0.417,88.1,True,+1.1161,+14.2424,26.69,fail_force_overload,0,60.26,60.27,0.1331,1.021,0.385,0.385,43.39,39.75,25.54,False,True,True,True,True,True,False,spot_repaint_review,model_ppo_curved.pt
59,rear,-0.179,-1.456,0.497,62.1,True,+0.6340,-18.2456,17.81,fail_force_overload,0,61.16,61.15,0.1263,0.861,0.207,0.207,46.56,44.40,24.28,False,True,True,False,True,True,False,spot_repaint_review,model_ppo_curved.pt
60,rear,-0.063,-1.440,0.181,98.1,True,-0.4518,+6.6984,10.71,fail_force_overload,0,65.98,67.38,0.1289,0.948,0.495,0.495,46.58,45.93,34.72,False,True,True,False,True,True,False,spot_repaint_review,model_ppo_curved.pt
61,rear,-0.061,-1.487,0.313,103.7,True,+0.7300,-6.6877,12.61,fail_force_overload,0,73.98,73.46,0.1478,0.788,0.168,0.134,44.96,41.82,34.67,True,True,True,True,True,True,False,spot_repaint_review,model_ppo_curved.pt
62,rear,-0.062,-1.447,0.417,86.7,True,+6.4268,+12.8594,30.08,fail_force_overload,0,71.58,71.59,0.1166,0.827,0.104,0.104,48.92,45.33,23.69,True,True,True,False,True,True,False,spot_repaint_review,model_ppo_curved.pt
63,rear,-0.063,-1.475,0.497,61.2,True,+1.9813,-8.8106,21.81,fail_force_overload,0,73.32,73.33,0.1209,0.950,0.273,0.273,45.51,40.95,23.62,True,True,True,False,True,True,False,spot_repaint_review,model_ppo_curved.pt
64,rear,0.059,-1.440,0.180,98.2,True,-0.1756,+4.5489,9.89,fail_force_overload,0,72.52,72.15,0.1219,0.999,0.514,0.514,45.97,41.92,34.62,True,True,True,False,True,True,False,spot_repaint_review,model_ppo_curved.pt
65,rear,0.057,-1.487,0.313,104.0,True,+0.5766,-6.3193,12.13,fail_force_overload,0,70.09,70.15,0.1365,0.992,0.609,0.376,40.69,35.76,34.77,True,True,True,True,True,True,False,spot_repaint_review,model_ppo_curved.pt
66,rear,0.056,-1.452,0.417,86.2,True,+4.3323,+11.3989,28.17,fail_force_overload,0,70.32,70.35,0.1103,0.857,0.221,0.221,41.66,38.55,24.72,True,True,True,False,True,True,False,spot_repaint_review,model_ppo_curved.pt
67,rear,0.061,-1.476,0.496,61.4,True,+1.4306,-8.1990,20.82,fail_force_overload,0,59.22,67.32,0.1714,1.218,0.768,0.620,40.45,37.91,34.53,False,True,True,True,True,True,False,spot_repaint_review,model_ppo_curved.pt
68,rear,0.180,-1.427,0.183,95.9,True,-0.1943,+6.1718,10.28,fail_force_overload,0,67.03,72.17,0.1307,0.955,0.355,0.266,48.52,47.23,34.83,True,True,True,True,True,True,False,spot_repaint_review,model_ppo_curved.pt
69,rear,0.180,-1.472,0.315,102.8,True,+0.1467,-8.5007,13.35,fail_force_overload,0,59.17,70.10,0.1642,0.988,0.508,0.252,41.09,37.42,34.51,True,True,True,True,True,True,False,spot_repaint_review,model_ppo_curved.pt
70,rear,0.178,-1.426,0.417,88.1,True,+1.1648,+14.2074,26.87,fail_force_overload,0,65.56,65.57,0.1095,0.854,0.381,0.381,44.54,41.55,24.21,False,True,True,True,True,True,False,spot_repaint_review,model_ppo_curved.pt
71,rear,0.180,-1.455,0.497,61.6,True,+0.5989,-17.6100,17.63,fail_force_overload,0,69.80,69.81,0.1330,1.032,0.508,0.508,49.31,46.61,24.38,False,True,True,False,True,True,False,spot_repaint_review,model_ppo_curved.pt
72,rear,0.309,-1.403,0.188,88.8,True,-0.3971,+7.7016,11.46,fail_force_overload,0,68.88,68.33,0.1144,0.915,0.292,0.292,43.51,41.75,34.78,False,True,True,False,True,True,False,spot_repaint_review,model_ppo_curved.pt
73,rear,0.302,-1.439,0.311,104.6,True,+0.1098,-2.6027,5.70,fail_clearcoat_budget,1,60.44,68.58,0.1208,0.858,0.568,0.117,40.91,36.72,35.95,False,True,True,True,True,True,False,rework_candidate,model_ppo_curved.pt
74,rear,0.298,-1.440,0.420,78.3,True,-4.1331,+0.9702,12.77,success,1,66.30,70.92,0.1299,0.911,0.434,0.045,41.53,39.09,35.66,True,True,True,True,True,True,True,pass,model_ppo_curved.pt
75,rear,0.297,-1.423,0.493,54.7,True,+0.5667,-4.9363,12.65,fail_force_overload,0,67.88,73.17,0.1511,0.968,0.354,0.193,45.61,44.19,34.86,True,True,True,True,True,True,False,spot_repaint_review,model_ppo_curved.pt
76,rear,0.422,-1.372,0.157,97.2,True,-0.4928,-14.5118,8.47,fail_force_overload,0,64.80,64.81,0.1221,1.034,0.487,0.487,46.47,44.91,24.73,False,True,True,False,True,True,False,spot_repaint_review,model_ppo_curved.pt
77,rear,0.421,-1.405,0.314,101.7,True,-0.9798,-3.1041,6.69,success,1,57.86,71.81,0.1218,0.828,0.184,0.021,46.29,42.09,35.93,True,True,True,True,True,True,True,pass,model_ppo_curved.pt
78,rear,0.423,-1.416,0.375,82.8,True,-0.5876,-7.3601,7.06,fail_force_overload,0,64.46,72.08,0.1553,1.003,0.416,0.284,46.93,45.74,34.79,True,True,True,True,True,True,False,spot_repaint_review,model_ppo_curved.pt
79,rear,0.517,-1.322,0.178,90.7,True,-2.5878,-4.5102,11.65,fail_force_overload,0,63.37,71.75,0.0975,0.852,0.447,0.215,43.34,39.76,35.84,True,True,True,True,True,True,False,spot_repaint_review,model_ppo_curved.pt
80,side_left,0.006,-1.475,0.413,89.5,True,-3.4634,+6.0154,34.23,fail_force_overload,0,70.14,70.15,0.1106,0.752,0.221,0.221,40.72,38.12,23.58,True,True,True,False,True,True,False,spot_repaint_review,model_ppo_curved.pt
81,side_left,-0.504,-1.352,0.314,97.0,True,-1.5689,-1.5943,4.81,fail_clearcoat_budget,1,61.74,67.39,0.1186,0.764,0.155,0.022,40.04,35.80,35.90,False,True,True,True,True,True,False,spot_repaint_review,model_ppo_curved.pt
82,side_left,-0.378,-1.373,0.392,85.1,True,-1.1476,-7.1625,49.22,fail_force_overload,0,65.40,65.40,0.1167,0.916,0.212,0.212,43.69,43.64,25.91,False,True,True,False,True,True,False,spot_repaint_review,model_ppo_curved.pt
83,side_left,-0.564,-1.255,0.181,96.3,True,-2.1956,-0.7737,5.00,fail_clearcoat_budget,1,73.90,68.30,0.1160,0.779,0.200,0.025,41.21,35.33,35.73,False,True,True,True,True,True,False,spot_repaint_review,model_ppo_curved.pt
84,side_left,-0.571,-1.261,0.305,94.9,True,-1.3875,-0.3133,3.48,success,1,67.31,71.42,0.1239,0.858,0.901,0.311,43.60,39.38,35.81,True,True,True,True,True,True,True,pass,model_ppo_curved.pt
85,side_left,-0.572,-1.260,0.390,75.9,True,-1.4884,-3.1326,4.11,success,1,65.92,71.43,0.1229,0.777,0.174,0.040,43.02,40.49,35.92,True,True,True,True,True,True,True,pass,model_ppo_curved.pt
86,side_left,-0.534,-1.227,0.523,56.6,True,+0.2030,-4.9828,3.37,fail_force_overload,0,72.19,71.44,0.1436,0.940,0.235,0.136,40.06,37.63,34.72,True,True,True,True,True,True,False,spot_repaint_review,model_ppo_curved.pt
87,side_left,-0.585,-1.183,0.181,100.3,True,-4.8556,+0.1080,2.50,success,1,67.04,73.48,0.1051,0.655,0.430,0.069,48.84,46.38,35.48,True,True,True,True,True,True,True,pass,model_ppo_curved.pt
88,side_left,-0.606,-1.176,0.305,98.1,True,-3.8843,-0.5463,2.78,success,1,64.93,73.09,0.1222,0.767,0.360,0.066,49.72,45.46,35.69,True,True,True,True,True,True,True,pass,model_ppo_curved.pt
89,side_left,-0.616,-1.147,0.424,82.5,True,-2.1057,-2.4348,4.12,fail_force_overload,0,68.59,72.56,0.1471,0.879,0.407,0.193,44.20,39.55,35.08,True,True,True,True,True,True,False,spot_repaint_review,model_ppo_curved.pt
90,side_left,-0.580,-1.136,0.526,58.0,True,-0.4330,-1.8619,3.51,success,1,68.01,72.11,0.1178,0.748,0.709,0.177,46.10,41.89,35.90,True,True,True,True,True,True,True,pass,model_ppo_curved.pt
91,side_left,-0.629,-1.032,0.522,68.6,True,-0.9575,-3.9970,4.59,fail_force_overload,0,71.55,70.23,0.0925,0.669,0.155,0.052,41.37,37.60,36.03,True,True,True,True,True,True,False,spot_repaint_review,model_ppo_curved.pt
92,side_left,-0.634,-0.892,0.555,66.1,True,-0.8543,-4.4358,4.73,fail_force_overload,0,69.58,69.24,0.1520,0.873,0.173,0.132,42.50,38.17,34.79,False,True,True,True,True,True,False,spot_repaint_review,model_ppo_curved.pt
93,side_left,-0.636,-0.777,0.545,71.4,True,+0.0557,-1.7389,3.25,success,1,58.70,71.99,0.1309,1.016,0.845,0.259,49.13,43.66,35.88,True,True,True,True,True,True,True,pass,model_ppo_curved.pt
94,side_left,-0.660,-0.615,0.309,87.0,True,-0.4702,-0.1391,0.67,success,1,68.50,72.93,0.1130,0.880,0.310,0.028,47.46,41.99,35.83,True,True,True,True,True,True,True,pass,model_ppo_curved.pt
95,side_left,-0.652,-0.646,0.429,85.2,True,+0.1294,-0.4182,0.93,success,1,63.93,72.96,0.1307,0.934,0.229,0.050,48.71,43.41,35.88,True,True,True,True,True,True,True,pass,model_ppo_curved.pt
96,side_left,-0.633,-0.662,0.539,75.5,True,+0.4472,-0.6785,1.58,fail_quality_regression,2,62.76,61.38,0.1553,1.206,0.444,0.032,40.80,36.25,35.94,False,True,True,True,True,True,False,rework_candidate,model_ppo_curved.pt
97,side_left,-0.615,-0.657,0.607,63.7,True,+0.1412,-7.5684,6.48,fail_force_overload,0,63.10,69.07,0.0983,0.678,0.414,0.205,46.98,42.34,36.16,False,True,True,True,True,True,False,spot_repaint_review,model_ppo_curved.pt
98,side_left,-0.663,-0.539,0.185,88.7,True,-0.0847,-0.1499,0.66,success,1,69.99,72.87,0.1176,0.777,0.281,0.038,46.62,41.47,35.86,True,True,True,True,True,True,True,pass,model_ppo_curved.pt
99,side_left,-0.657,-0.539,0.300,86.8,True,-0.0149,+0.1192,1.05,success,1,63.28,73.29,0.1168,0.849,0.266,0.035,49.72,44.20,35.85,True,True,True,True,True,True,True,pass,model_ppo_curved.pt
100,side_left,-0.651,-0.538,0.419,85.0,True,+0.0881,-0.5318,1.15,success,1,72.95,71.21,0.1087,0.713,0.265,0.026,42.77,38.46,35.86,True,True,True,True,True,True,True,pass,model_ppo_curved.pt
101,side_left,-0.635,-0.540,0.538,79.5,True,+0.0530,-0.9164,1.71,success,1,53.38,71.11,0.1287,0.796,0.356,0.036,45.09,40.67,35.87,True,True,True,True,True,True,True,pass,model_ppo_curved.pt
102,side_left,-0.620,-0.538,0.606,66.0,True,+0.1123,-7.3734,6.03,fail_force_overload,0,66.26,68.98,0.1008,0.759,0.219,0.096,43.42,39.59,36.07,False,True,True,True,True,True,False,spot_repaint_review,model_ppo_curved.pt
103,side_left,-0.662,-0.419,0.185,88.0,True,+0.0934,+0.0695,0.69,success,1,73.24,72.99,0.1331,0.850,0.227,0.022,47.53,42.44,35.88,True,True,True,True,True,True,True,pass,model_ppo_curved.pt
104,side_left,-0.655,-0.420,0.300,86.0,True,+0.3769,+0.3787,1.35,success,1,74.87,73.18,0.1275,0.836,0.065,0.015,48.44,43.18,35.86,True,True,True,True,True,True,True,pass,model_ppo_curved.pt
105,side_left,-0.651,-0.426,0.412,87.7,True,+0.3054,-0.1664,1.36,fail_clearcoat_budget,1,60.17,66.92,0.1061,0.677,0.334,0.037,40.18,35.96,35.89,False,True,True,True,True,True,False,spot_repaint_review,model_ppo_curved.pt
106,side_left,-0.640,-0.420,0.537,80.0,True,-0.1854,-1.1131,2.23,success,1,60.41,72.02,0.1317,0.992,0.981,0.404,47.55,42.90,35.88,True,True,True,True,True,True,True,pass,model_ppo_curved.pt
107,side_left,-0.624,-0.422,0.608,62.0,True,-0.0033,-6.8785,5.19,fail_force_overload,0,68.30,73.89,0.1573,1.051,0.438,0.255,49.88,46.44,35.26,True,True,True,True,True,True,False,spot_repaint_review,model_ppo_curved.pt
108,side_left,-0.663,-0.300,0.186,89.6,True,+0.0206,-0.2850,0.50,success,1,68.89,73.28,0.1128,0.857,0.536,0.149,49.48,45.29,35.85,True,True,True,True,True,True,True,pass,model_ppo_curved.pt
109,side_left,-0.659,-0.302,0.300,87.3,True,-0.1907,+0.0546,0.66,fail_clearcoat_budget,1,66.92,68.49,0.1170,0.798,0.445,0.062,41.10,36.34,35.83,False,True,True,True,True,True,False,rework_candidate,model_ppo_curved.pt
110,side_left,-0.652,-0.302,0.419,85.6,True,-0.4116,-0.1802,0.95,success,1,71.58,73.02,0.1199,0.907,0.527,0.100,46.76,42.59,35.84,True,True,True,True,True,True,True,pass,model_ppo_curved.pt
111,side_left,-0.640,-0.302,0.538,81.9,True,-0.1886,-0.8986,2.37,success,1,71.20,71.29,0.1202,0.860,0.198,0.011,43.48,38.99,35.86,True,True,True,True,True,True,True,pass,model_ppo_curved.pt
112,side_left,-0.628,-0.305,0.607,63.6,True,-0.1445,-7.2057,5.04,fail_force_overload,0,71.92,74.18,0.1437,1.051,0.421,0.177,48.47,44.88,34.46,True,True,True,True,True,True,False,spot_repaint_review,model_ppo_curved.pt
113,side_left,-0.664,-0.181,0.186,89.7,True,-0.1064,-0.1816,0.48,success,1,69.16,70.83,0.1201,0.818,0.205,0.014,42.86,38.37,35.85,True,True,True,True,True,True,True,pass,model_ppo_curved.pt
114,side_left,-0.661,-0.181,0.301,86.9,True,-0.1160,-0.2751,0.66,success,1,69.21,70.85,0.1152,0.845,0.327,0.050,42.26,39.08,35.85,True,True,True,True,True,True,True,pass,model_ppo_curved.pt
115,side_left,-0.652,-0.181,0.419,84.4,True,+0.0943,-0.1658,0.51,success,1,57.62,71.18,0.1447,1.143,0.938,0.328,49.30,44.28,35.86,True,True,True,True,True,True,True,pass,model_ppo_curved.pt
116,side_left,-0.639,-0.181,0.538,83.4,True,+0.1818,-0.5161,1.85,success,1,67.69,72.37,0.1204,0.917,0.365,0.050,46.30,41.15,35.89,True,True,True,True,True,True,True,pass,model_ppo_curved.pt
117,side_left,-0.582,-0.164,0.640,56.2,True,-0.0006,-1.7350,6.02,fail_force_overload,0,65.56,70.67,0.1050,0.848,0.493,0.381,45.61,40.26,35.93,True,True,True,True,True,True,False,spot_repaint_review,model_ppo_curved.pt
118,side_left,-0.663,-0.063,0.185,89.8,True,-0.1104,-0.1421,0.42,success,1,71.98,72.44,0.1148,0.757,0.151,0.015,45.44,40.08,35.84,True,True,True,True,True,True,True,pass,model_ppo_curved.pt
119,side_left,-0.660,-0.063,0.301,87.6,True,-0.1111,-0.1586,0.48,success,1,68.03,70.58,0.1147,0.739,0.181,0.024,42.82,39.12,35.85,True,True,True,True,True,True,True,pass,model_ppo_curved.pt
120,side_left,-0.654,-0.063,0.419,85.4,True,-0.1466,-0.2846,0.64,success,1,57.26,71.43,0.1265,0.787,0.372,0.048,43.95,39.72,35.85,True,True,True,True,True,True,True,pass,model_ppo_curved.pt
121,side_left,-0.641,-0.063,0.538,82.5,True,-0.1692,-1.1429,2.84,success,1,58.68,72.11,0.1061,0.626,0.142,0.024,48.41,43.21,35.87,True,True,True,True,True,True,True,pass,model_ppo_curved.pt
122,side_left,-0.561,-0.082,0.670,51.7,True,-0.7561,+2.2844,8.19,fail_force_overload,0,66.49,71.47,0.0859,0.566,0.257,0.080,40.43,37.16,35.95,True,True,True,True,True,True,False,spot_repaint_review,model_ppo_curved.pt
123,side_left,-0.514,-0.035,0.738,51.9,True,-0.7285,-1.4538,1.40,success,1,70.41,71.88,0.1186,0.842,0.350,0.050,44.53,39.74,35.84,True,True,True,True,True,True,True,pass,model_ppo_curved.pt
124,side_left,-0.658,0.058,0.186,89.5,True,-0.2631,-0.0979,0.58,success,1,58.35,71.63,0.1236,0.822,0.230,0.034,49.93,45.47,35.83,True,True,True,True,True,True,True,pass,model_ppo_curved.pt
125,side_left,-0.656,0.058,0.300,88.5,True,-0.2419,-0.0562,0.56,success,1,71.02,73.16,0.1106,0.762,0.452,0.049,47.30,42.61,35.84,True,True,True,True,True,True,True,pass,model_ppo_curved.pt
126,side_left,-0.652,0.058,0.419,86.4,True,-0.2042,-0.3406,0.81,success,1,66.39,73.56,0.1318,0.915,0.353,0.045,48.93,43.81,35.85,True,True,True,True,True,True,True,pass,model_ppo_curved.pt
127,side_left,-0.641,0.058,0.538,81.2,True,-0.1356,-1.5608,3.09,success,1,65.09,72.32,0.1248,0.979,0.725,0.168,47.19,42.21,35.89,True,True,True,True,True,True,True,pass,model_ppo_curved.pt
128,side_left,-0.497,0.056,0.794,51.3,True,-1.4249,-3.1534,1.72,fail_force_overload,0,60.74,67.12,0.1627,1.063,0.329,0.189,41.38,39.57,35.02,False,True,True,True,True,True,False,spot_repaint_review,model_ppo_curved.pt
129,side_left,-0.649,0.182,0.188,89.4,True,+0.0141,-0.0476,0.35,success,1,70.46,72.61,0.1163,0.736,0.418,0.051,44.09,41.58,35.85,True,True,True,True,True,True,True,pass,model_ppo_curved.pt
130,side_left,-0.647,0.181,0.300,89.2,True,+0.0028,+0.0398,0.35,fail_clearcoat,1,62.74,64.91,0.1143,0.871,0.445,0.043,40.72,34.95,35.85,False,True,True,True,False,True,False,spot_repaint_review,model_ppo_curved.pt
131,side_left,-0.645,0.181,0.418,88.0,True,-0.0043,-0.3369,0.60,fail_clearcoat_budget,1,67.22,69.29,0.1124,0.683,0.427,0.059,41.66,36.53,35.86,False,True,True,True,True,True,False,rework_candidate,model_ppo_curved.pt
132,side_left,-0.635,0.182,0.540,78.2,True,+0.0226,-2.2048,3.66,success,1,72.81,73.02,0.1206,0.878,0.326,0.047,46.44,42.80,35.92,True,True,True,True,True,True,True,pass,model_ppo_curved.pt
133,side_left,-0.601,0.191,0.616,47.5,True,+0.0769,-3.4807,2.84,fail_force_overload,0,60.23,67.20,0.1571,1.000,0.456,0.295,40.18,36.92,34.94,False,True,True,True,True,True,False,spot_repaint_review,model_ppo_curved.pt
134,side_left,-0.471,0.181,0.857,47.9,True,-1.0359,-4.5341,1.92,fail_force_overload,0,72.74,74.29,0.1451,0.882,0.402,0.165,45.06,43.61,34.90,True,True,True,True,True,True,False,spot_repaint_review,model_ppo_curved.pt
135,side_left,-0.640,0.302,0.187,89.3,True,+0.3712,-0.0340,0.62,fail_clearcoat_budget,1,50.12,67.54,0.1285,0.853,0.286,0.046,41.21,36.14,35.87,False,True,True,True,True,True,False,rework_candidate,model_ppo_curved.pt
136,side_left,-0.639,0.301,0.299,89.9,True,+0.4318,+0.0816,0.76,success,1,61.16,71.50,0.1267,0.900,0.797,0.289,44.31,41.79,35.86,True,True,True,True,True,True,True,pass,model_ppo_curved.pt
137,side_left,-0.639,0.302,0.420,88.9,True,+0.3258,-0.3516,0.44,fail_clearcoat_budget,1,70.71,65.89,0.1196,0.735,0.166,0.044,40.10,35.46,35.87,False,True,True,True,True,True,False,spot_repaint_review,model_ppo_curved.pt
138,side_left,-0.629,0.302,0.542,76.4,True,+0.0470,-2.4090,3.51,success,1,70.44,72.98,0.1192,0.716,0.405,0.048,46.89,42.33,35.94,True,True,True,True,True,True,True,pass,model_ppo_curved.pt
139,side_left,-0.587,0.301,0.626,49.2,True,-0.0607,-1.9823,1.64,success,1,63.87,72.19,0.1181,0.733,0.258,0.062,47.18,41.65,35.90,True,True,True,True,True,True,True,pass,model_ppo_curved.pt
140,side_left,-0.458,0.316,0.879,48.0,True,-0.2429,-5.0281,1.38,fail_force_overload,0,63.89,70.02,0.1415,0.873,0.211,0.145,43.84,40.28,34.80,True,True,True,True,True,True,False,spot_repaint_review,model_ppo_curved.pt
141,side_left,-0.638,0.421,0.187,90.2,True,+0.3641,-0.1092,0.67,success,1,62.01,72.77,0.1179,0.766,0.317,0.035,48.09,42.32,35.86,True,True,True,True,True,True,True,pass,model_ppo_curved.pt
142,side_left,-0.638,0.420,0.298,90.2,True,+0.0782,+0.0223,0.56,success,1,67.15,70.11,0.1278,0.929,0.470,0.098,42.20,37.59,35.84,True,True,True,True,True,True,True,pass,model_ppo_curved.pt
143,side_left,-0.638,0.421,0.419,89.1,True,+0.0235,-0.4935,0.76,success,1,60.20,72.62,0.1179,0.878,0.395,0.062,48.18,43.13,35.87,True,True,True,True,True,True,True,pass,model_ppo_curved.pt
144,side_left,-0.623,0.418,0.541,72.2,True,-0.5010,-1.6620,4.31,success,1,72.91,72.46,0.1152,0.870,0.240,0.035,45.06,41.34,35.89,True,True,True,True,True,True,True,pass,model_ppo_curved.pt
145,side_left,-0.582,0.420,0.625,52.5,True,+0.0724,-1.6851,1.58,success,1,64.59,72.00,0.1371,0.938,0.504,0.132,45.75,40.07,35.90,True,True,True,True,True,True,True,pass,model_ppo_curved.pt
146,side_left,-0.447,0.418,0.888,48.3,True,-0.2392,-4.8002,2.09,fail_force_overload,0,60.31,70.93,0.1572,1.045,0.295,0.140,45.82,42.80,34.57,True,True,True,True,True,True,False,spot_repaint_review,model_ppo_curved.pt
147,side_left,-0.644,0.541,0.188,90.5,True,+0.1839,-0.2426,0.42,success,1,71.48,71.52,0.1130,0.803,0.116,0.021,42.77,38.68,35.86,True,True,True,True,True,True,True,pass,model_ppo_curved.pt
148,side_left,-0.643,0.541,0.299,89.3,True,+0.1956,+0.1534,0.89,success,1,61.05,72.25,0.1226,0.749,0.394,0.068,46.10,42.10,35.86,True,True,True,True,True,True,True,pass,model_ppo_curved.pt
149,side_left,-0.641,0.540,0.420,86.8,True,+0.1652,-0.5560,1.00,fail_clearcoat,2,62.20,56.09,0.1507,1.159,0.821,0.025,41.24,34.93,36.11,False,True,True,True,False,True,False,spot_repaint_review,model_ppo_curved.pt
150,side_left,-0.618,0.544,0.538,65.6,True,+1.0676,-0.0830,5.59,fail_clearcoat_budget,1,64.67,69.19,0.1213,0.796,0.329,0.035,42.02,36.83,35.89,False,True,True,True,True,True,False,rework_candidate,model_ppo_curved.pt
151,side_left,-0.578,0.541,0.625,54.5,True,+0.0111,-0.2652,0.79,success,1,66.34,73.29,0.1197,0.875,0.354,0.059,49.73,44.81,35.86,True,True,True,True,True,True,True,pass,model_ppo_curved.pt
152,side_left,-0.445,0.537,0.883,46.3,True,-0.3451,-4.1834,2.00,fail_force_overload,0,58.67,69.21,0.1542,1.004,0.312,0.141,42.52,38.69,34.80,False,True,True,True,True,True,False,spot_repaint_review,model_ppo_curved.pt
153,side_left,-0.653,0.640,0.188,91.8,True,-0.6266,-0.2386,0.80,success,1,58.94,71.54,0.1158,0.817,0.554,0.117,45.66,40.63,35.82,True,True,True,True,True,True,True,pass,model_ppo_curved.pt
154,side_left,-0.654,0.649,0.304,89.0,True,-0.1225,-0.2340,1.13,success,1,68.40,71.97,0.1131,0.841,0.261,0.022,44.30,39.91,35.85,True,True,True,True,True,True,True,pass,model_ppo_curved.pt
155,side_left,-0.650,0.659,0.420,85.8,True,+0.1302,-0.4543,1.19,success,1,67.06,73.16,0.1323,0.958,0.474,0.127,48.17,43.66,35.86,True,True,True,True,True,True,True,pass,model_ppo_curved.pt
156,side_left,-0.628,0.660,0.540,68.9,True,+0.0287,-2.4539,3.92,fail_clearcoat_budget,1,63.88,69.02,0.1359,1.130,0.724,0.149,42.36,35.87,35.94,False,True,True,True,True,True,False,spot_repaint_review,model_ppo_curved.pt
157,side_left,-0.576,0.647,0.622,52.1,True,+0.7583,-0.8140,1.38,success,1,59.49,73.15,0.1221,0.731,0.591,0.107,49.65,47.22,35.97,True,True,True,True,True,True,True,pass,model_ppo_curved.pt
158,side_left,-0.659,0.748,0.444,88.4,True,-0.5011,-0.7668,1.32,fail_quality_regression,2,60.46,65.78,0.1348,0.942,0.246,0.036,43.05,37.36,35.87,False,True,True,True,True,True,False,rework_candidate,model_ppo_curved.pt
159,side_left,-0.646,0.780,0.540,72.8,True,-0.2789,-1.8826,2.98,success,1,59.41,70.22,0.1318,0.980,0.886,0.303,44.27,39.98,35.89,True,True,True,True,True,True,True,pass,model_ppo_curved.pt
160,side_left,-0.621,0.798,0.606,55.8,True,-0.6349,-4.7788,2.64,fail_force_overload,0,71.60,73.22,0.0903,0.623,0.126,0.056,45.80,41.99,35.94,True,True,True,True,True,True,False,spot_repaint_review,model_ppo_curved.pt
161,side_left,-0.652,0.898,0.553,70.4,True,-0.2275,-2.4600,2.50,success,1,68.92,72.07,0.1194,0.865,0.824,0.201,45.38,39.53,35.92,True,True,True,True,True,True,True,pass,model_ppo_curved.pt
162,side_left,-0.614,0.905,0.615,55.2,True,-0.4263,-5.6985,4.67,fail_force_overload,0,64.60,69.95,0.0871,0.684,0.575,0.338,40.43,36.24,35.92,False,True,True,True,True,True,False,spot_repaint_review,model_ppo_curved.pt
163,side_left,-0.650,1.023,0.552,70.3,True,-0.5212,-3.3535,3.93,success,1,74.50,73.25,0.1230,0.790,0.277,0.045,47.87,43.09,35.95,True,True,True,True,True,True,True,pass,model_ppo_curved.pt
164,side_left,-0.523,1.021,0.667,60.6,True,-0.7288,+5.7134,13.36,fail_force_overload,0,71.80,71.62,0.1276,0.989,0.550,0.550,47.01,43.64,35.23,True,True,True,False,True,True,False,spot_repaint_review,model_ppo_curved.pt
165,side_left,-0.474,1.017,0.733,52.9,True,-0.0082,-2.9093,2.40,success,1,58.79,72.24,0.1402,1.073,0.921,0.236,49.99,46.88,35.98,True,True,True,True,True,True,True,pass,model_ppo_curved.pt
166,side_left,-0.644,1.168,0.445,89.1,True,-1.4391,-1.5786,2.60,success,1,60.59,70.05,0.1266,0.921,0.396,0.047,42.12,37.47,35.82,True,True,True,True,True,True,True,pass,model_ppo_curved.pt
167,side_left,-0.628,1.142,0.542,68.6,True,-0.4557,-2.3930,4.59,success,1,73.87,72.56,0.1135,0.719,0.332,0.053,43.94,41.47,35.91,True,True,True,True,True,True,True,pass,model_ppo_curved.pt
168,side_left,-0.494,1.143,0.666,54.8,True,-0.3191,+2.9754,9.95,fail_force_overload,0,73.00,74.99,0.1144,0.788,0.144,0.059,48.67,47.71,35.31,True,True,True,True,True,True,False,spot_repaint_review,model_ppo_curved.pt
169,side_left,-0.601,1.278,0.205,100.1,True,-3.1105,+0.2185,3.58,success,1,72.29,73.58,0.1209,0.715,0.335,0.045,49.60,45.11,35.61,True,True,True,True,True,True,True,pass,model_ppo_curved.pt
170,side_left,-0.619,1.269,0.301,97.2,True,-1.9445,-0.8516,4.51,success,1,73.18,72.85,0.1105,0.698,0.330,0.053,46.53,41.63,35.76,True,True,True,True,True,True,True,pass,model_ppo_curved.pt
171,side_left,-0.619,1.259,0.422,79.9,True,-0.2889,-1.3451,3.08,success,1,65.37,70.90,0.1190,0.820,0.352,0.039,43.21,37.90,35.88,True,True,True,True,True,True,True,pass,model_ppo_curved.pt
172,side_left,-0.582,1.261,0.543,66.5,True,-0.2219,-2.2291,4.19,success,1,56.80,71.42,0.1269,0.957,0.726,0.250,48.19,42.77,35.91,True,True,True,True,True,True,True,pass,model_ppo_curved.pt
173,side_left,-0.460,1.261,0.652,55.3,True,-0.8766,+1.4414,6.44,success,1,63.92,71.47,0.1261,0.795,0.474,0.083,44.25,39.57,35.70,True,True,True,True,True,True,True,pass,model_ppo_curved.pt
174,side_left,-0.547,1.366,0.205,93.9,True,-1.3253,+0.7533,2.68,fail_clearcoat_budget,1,65.29,69.06,0.1290,0.868,0.198,0.020,41.14,35.97,35.78,False,True,True,True,True,True,False,spot_repaint_review,model_ppo_curved.pt
175,side_left,-0.573,1.365,0.309,100.1,True,-1.7020,-0.6821,3.36,success,1,62.71,72.58,0.1302,0.963,0.808,0.282,48.56,45.06,35.79,True,True,True,True,True,True,True,pass,model_ppo_curved.pt
176,side_left,-0.573,1.372,0.414,82.1,True,-1.8827,-2.4839,6.77,success,1,58.53,71.44,0.1102,0.662,0.484,0.074,44.10,39.53,35.82,True,True,True,True,True,True,True,pass,model_ppo_curved.pt
177,side_left,-0.547,1.343,0.533,66.5,True,-2.4665,-2.3041,5.82,success,1,73.08,73.43,0.1096,0.678,0.480,0.051,47.22,43.61,35.78,True,True,True,True,True,True,True,pass,model_ppo_curved.pt
178,side_left,-0.408,1.364,0.639,61.1,True,-2.0320,-1.1127,6.40,success,1,54.69,70.38,0.1235,0.863,0.395,0.055,42.71,38.91,35.58,True,True,True,True,True,True,True,pass,model_ppo_curved.pt
179,side_right,-0.024,-1.473,0.414,87.0,True,-5.8946,+6.0944,37.49,fail_force_overload,0,68.14,68.14,0.1214,0.960,0.537,0.537,43.61,43.60,24.11,False,True,True,False,True,True,False,spot_repaint_review,model_ppo_curved.pt
180,side_right,0.508,-1.350,0.315,96.8,True,-1.5466,-1.8564,4.84,success,1,69.08,72.93,0.1215,0.861,0.385,0.038,46.94,43.14,35.85,True,True,True,True,True,True,True,pass,model_ppo_curved.pt
181,side_right,0.381,-1.369,0.389,85.5,True,-0.9918,-11.5669,50.32,fail_force_overload,0,67.60,67.61,0.1330,1.021,0.383,0.383,48.81,45.97,23.22,False,True,True,False,True,True,False,spot_repaint_review,model_ppo_curved.pt
182,side_right,0.569,-1.254,0.179,96.3,True,-2.2049,-1.1243,5.01,success,1,70.06,70.37,0.1234,0.936,0.379,0.036,41.54,38.19,35.82,True,True,True,True,True,True,True,pass,model_ppo_curved.pt
183,side_right,0.573,-1.260,0.305,95.5,True,-1.2449,-0.2437,3.20,success,1,66.97,73.25,0.1165,0.758,0.168,0.019,48.82,44.18,35.81,True,True,True,True,True,True,True,pass,model_ppo_curved.pt
184,side_right,0.577,-1.257,0.390,75.5,True,-1.5047,-3.4218,4.12,fail_force_overload,0,65.77,70.24,0.1467,0.998,0.490,0.320,42.60,40.06,34.95,True,True,True,True,True,True,False,spot_repaint_review,model_ppo_curved.pt
185,side_right,0.537,-1.226,0.522,57.0,True,+0.1687,-5.1312,3.25,fail_force_overload,0,68.04,71.92,0.1516,0.853,0.230,0.098,48.13,45.00,34.84,True,True,True,True,True,True,False,spot_repaint_review,model_ppo_curved.pt
186,side_right,0.520,-1.183,0.181,99.4,True,-4.8806,-0.3602,68.52,success,1,69.22,73.16,0.1118,0.714,0.576,0.108,47.57,41.83,35.45,True,True,True,True,True,True,True,pass,model_ppo_curved.pt
187,side_right,0.610,-1.178,0.305,98.2,True,-4.1092,-0.5708,2.80,success,1,71.68,73.79,0.1189,0.822,0.276,0.033,48.59,44.83,35.75,True,True,True,True,True,True,True,pass,model_ppo_curved.pt
188,side_right,0.619,-1.148,0.426,80.8,True,-1.3912,-2.1725,4.17,success,1,71.33,71.20,0.1174,0.861,0.188,0.019,42.81,38.29,35.89,True,True,True,True,True,True,True,pass,model_ppo_curved.pt
189,side_right,0.583,-1.136,0.524,58.2,True,-0.4390,-1.9187,3.55,success,1,71.88,73.87,0.1219,0.840,0.282,0.042,49.31,46.83,35.89,True,True,True,True,True,True,True,pass,model_ppo_curved.pt
190,side_right,0.630,-1.033,0.524,65.2,True,-0.9220,-3.2198,4.33,success,1,58.93,71.35,0.1228,0.795,0.468,0.081,44.39,40.39,36.09,True,True,True,True,True,True,True,pass,model_ppo_curved.pt
191,side_right,0.638,-0.892,0.552,66.9,True,-0.8408,-4.2347,4.32,fail_force_overload,0,71.96,72.08,0.1647,0.963,0.411,0.281,40.80,37.57,34.79,True,True,True,True,True,True,False,spot_repaint_review,model_ppo_curved.pt
192,side_right,0.639,-0.778,0.544,71.1,True,+0.0374,-1.7130,3.31,success,1,72.13,72.50,0.1182,0.719,0.267,0.046,45.31,40.91,35.92,True,True,True,True,True,True,True,pass,model_ppo_curved.pt
193,side_right,0.666,-0.607,0.192,89.7,True,-0.3965,-0.4116,0.58,fail_clearcoat_budget,1,62.71,68.31,0.1254,0.881,0.884,0.159,41.03,35.78,35.84,False,True,True,True,True,True,False,spot_repaint_review,model_ppo_curved.pt
194,side_right,0.662,-0.616,0.308,86.9,True,-0.4483,-0.1085,0.67,success,1,71.13,72.75,0.1271,0.883,0.308,0.035,46.22,41.15,35.82,True,True,True,True,True,True,True,pass,model_ppo_curved.pt
195,side_right,0.655,-0.646,0.428,85.1,True,+0.1238,-0.4191,0.92,success,1,60.63,73.04,0.1231,0.896,0.423,0.070,49.06,43.76,35.87,True,True,True,True,True,True,True,pass,model_ppo_curved.pt
196,side_right,0.636,-0.661,0.537,75.6,True,+0.4741,-0.6004,1.48,fail_clearcoat_budget,1,69.70,68.26,0.1159,0.836,0.413,0.057,40.87,36.40,35.95,False,True,True,True,True,True,False,rework_candidate,model_ppo_curved.pt
197,side_right,0.617,-0.663,0.605,63.1,True,+0.1143,-7.3790,6.45,fail_force_overload,0,62.96,67.48,0.1267,0.752,0.162,0.091,45.53,41.67,34.87,False,True,True,True,True,True,False,spot_repaint_review,model_ppo_curved.pt
198,side_right,0.664,-0.539,0.186,88.2,True,-0.2052,-0.3694,0.76,success,1,62.60,70.50,0.1230,0.964,0.255,0.048,41.93,39.39,35.85,True,True,True,True,True,True,True,pass,model_ppo_curved.pt
199,side_right,0.658,-0.538,0.300,87.5,True,-0.0151,+0.1424,0.89,success,1,73.46,71.32,0.1151,0.710,0.177,0.034,43.17,37.75,35.85,True,True,True,True,True,True,True,pass,model_ppo_curved.pt
200,side_right,0.653,-0.538,0.419,85.1,True,+0.0575,-0.5480,1.18,fail_quality_regression,2,65.71,62.07,0.1552,1.304,0.482,0.046,40.86,36.13,35.90,False,True,True,True,True,True,False,rework_candidate,model_ppo_curved.pt
201,side_right,0.637,-0.539,0.538,79.4,True,+0.0537,-0.9532,1.80,success,1,67.23,72.35,0.1371,0.928,0.347,0.060,45.94,41.05,35.89,True,True,True,True,True,True,True,pass,model_ppo_curved.pt
202,side_right,0.621,-0.541,0.606,63.8,True,+0.1012,-7.3195,6.36,fail_force_overload,0,75.19,74.78,0.1355,0.826,0.408,0.228,45.90,43.92,34.87,True,True,True,True,True,True,False,spot_repaint_review,model_ppo_curved.pt
203,side_right,0.661,-0.418,0.185,86.3,True,+0.2502,-0.0826,0.79,success,1,62.98,73.14,0.1120,0.727,0.118,0.016,48.12,43.39,35.87,True,True,True,True,True,True,True,pass,model_ppo_curved.pt
204,side_right,0.655,-0.420,0.300,88.7,True,+0.4198,+0.0450,0.78,success,1,69.93,72.40,0.1201,0.927,0.128,0.029,46.37,41.02,35.86,True,True,True,True,True,True,True,pass,model_ppo_curved.pt
205,side_right,0.652,-0.424,0.412,87.9,True,+0.3595,-0.1451,1.30,success,1,65.12,72.20,0.1325,0.946,0.368,0.088,46.45,41.09,35.86,True,True,True,True,True,True,True,pass,model_ppo_curved.pt
206,side_right,0.641,-0.421,0.538,79.8,True,-0.1905,-1.2162,2.46,success,1,62.61,70.50,0.1149,0.817,0.524,0.078,43.34,38.15,35.89,True,True,True,True,True,True,True,pass,model_ppo_curved.pt
207,side_right,0.626,-0.419,0.607,62.8,True,+0.0645,-6.7620,5.54,fail_force_overload,0,63.26,70.78,0.1519,0.872,0.144,0.051,47.99,46.83,34.83,True,True,True,True,True,True,False,spot_repaint_review,model_ppo_curved.pt
208,side_right,0.663,-0.300,0.186,89.1,True,+0.0205,-0.1435,0.53,success,1,62.38,72.95,0.1197,0.780,0.303,0.038,47.87,41.77,35.86,True,True,True,True,True,True,True,pass,model_ppo_curved.pt
209,side_right,0.660,-0.302,0.301,88.3,True,-0.2104,-0.1685,0.65,fail_clearcoat_budget,1,59.92,66.00,0.1059,0.770,0.296,0.054,40.56,35.68,35.85,False,True,True,True,True,True,False,spot_repaint_review,model_ppo_curved.pt
210,side_right,0.654,-0.301,0.420,85.5,True,-0.3843,-0.1830,0.94,fail_clearcoat_budget,1,64.43,68.85,0.1188,0.797,0.299,0.045,41.06,36.81,35.85,False,True,True,True,True,True,False,rework_candidate,model_ppo_curved.pt
211,side_right,0.642,-0.302,0.538,82.1,True,-0.1643,-0.9050,2.49,success,1,63.51,72.93,0.1150,0.727,0.234,0.034,47.37,43.43,35.88,True,True,True,True,True,True,True,pass,model_ppo_curved.pt
212,side_right,0.630,-0.304,0.607,62.2,True,-0.1466,-7.2519,5.41,fail_force_overload,0,68.63,71.20,0.1693,0.917,0.339,0.284,49.31,46.44,34.81,True,True,True,True,True,True,False,spot_repaint_review,model_ppo_curved.pt
213,side_right,0.664,-0.181,0.186,89.7,True,-0.0973,-0.1802,0.45,success,1,68.21,72.71,0.1127,0.735,0.285,0.036,46.63,40.88,35.84,True,True,True,True,True,True,True,pass,model_ppo_curved.pt
214,side_right,0.661,-0.181,0.301,87.0,True,-0.0670,-0.2399,0.56,success,1,69.81,72.17,0.1233,0.955,0.260,0.024,45.22,39.36,35.84,True,True,True,True,True,True,True,pass,model_ppo_curved.pt
215,side_right,0.653,-0.181,0.419,84.6,True,+0.0907,-0.2083,0.49,success,1,67.52,72.65,0.1211,0.801,0.260,0.044,48.31,43.61,35.86,True,True,True,True,True,True,True,pass,model_ppo_curved.pt
216,side_right,0.640,-0.181,0.538,83.3,True,+0.1606,-0.6776,2.33,success,1,74.33,73.49,0.1212,0.907,0.275,0.042,46.73,43.98,35.87,True,True,True,True,True,True,True,pass,model_ppo_curved.pt
217,side_right,0.580,-0.164,0.641,55.2,True,-0.0230,-1.4157,5.98,fail_force_overload,0,64.68,71.93,0.0882,0.684,0.469,0.311,48.14,46.79,36.00,True,True,True,True,True,True,False,spot_repaint_review,model_ppo_curved.pt
218,side_right,0.663,-0.063,0.185,89.8,True,-0.0870,-0.1399,0.41,success,1,70.86,71.51,0.1172,0.672,0.399,0.082,44.09,38.89,35.85,True,True,True,True,True,True,True,pass,model_ppo_curved.pt
219,side_right,0.660,-0.063,0.301,87.8,True,-0.1008,-0.1222,0.44,success,1,60.88,72.43,0.1168,0.775,0.468,0.082,47.95,42.33,35.83,True,True,True,True,True,True,True,pass,model_ppo_curved.pt
220,side_right,0.654,-0.063,0.420,85.5,True,-0.1521,-0.3165,0.66,fail_clearcoat_budget,1,59.22,66.58,0.1175,0.856,0.429,0.062,40.27,35.86,35.85,False,True,True,True,True,True,False,spot_repaint_review,model_ppo_curved.pt
221,side_right,0.642,-0.063,0.538,82.3,True,-0.1620,-1.1567,2.93,success,1,68.38,70.59,0.1175,0.730,0.348,0.042,42.27,37.56,35.89,True,True,True,True,True,True,True,pass,model_ppo_curved.pt
222,side_right,0.559,-0.082,0.670,51.7,True,-0.8796,+2.2543,7.94,fail_force_overload,0,69.65,72.84,0.0953,0.789,0.542,0.360,42.73,39.98,35.66,True,True,True,True,True,True,False,spot_repaint_review,model_ppo_curved.pt
223,side_right,0.512,-0.035,0.740,51.7,True,-0.6986,-1.7414,1.46,fail_clearcoat_budget,1,68.30,68.65,0.1128,0.764,0.496,0.097,41.67,36.29,35.93,False,True,True,True,True,True,False,rework_candidate,model_ppo_curved.pt
224,side_right,0.658,0.058,0.186,89.5,True,-0.2749,-0.0956,0.60,fail_quality_regression,2,65.70,63.57,0.1539,1.233,0.359,0.023,42.40,35.64,35.87,False,True,True,True,True,True,False,spot_repaint_review,model_ppo_curved.pt
225,side_right,0.656,0.058,0.300,88.5,True,-0.2507,-0.0544,0.58,fail_clearcoat_budget,1,67.45,68.58,0.1329,0.792,0.412,0.029,41.38,35.99,35.81,False,True,True,True,True,True,False,spot_repaint_review,model_ppo_curved.pt
226,side_right,0.652,0.058,0.419,86.5,True,-0.2104,-0.3412,0.83,success,1,68.91,73.07,0.1209,0.765,0.121,0.025,45.71,43.27,35.85,True,True,True,True,True,True,True,pass,model_ppo_curved.pt
227,side_right,0.640,0.058,0.539,80.2,True,-0.1666,-1.7040,3.43,success,1,65.61,71.06,0.1309,0.866,0.349,0.075,41.78,39.24,35.90,True,True,True,True,True,True,True,pass,model_ppo_curved.pt
228,side_right,0.495,0.056,0.795,51.0,True,-1.5156,-3.4438,1.82,success,1,59.62,72.76,0.1187,0.798,0.312,0.040,48.93,43.78,35.94,True,True,True,True,True,True,True,pass,model_ppo_curved.pt
229,side_right,0.648,0.181,0.188,89.4,True,+0.0095,-0.0454,0.35,success,1,65.79,72.74,0.1150,0.763,0.385,0.055,47.06,42.79,35.84,True,True,True,True,True,True,True,pass,model_ppo_curved.pt
230,side_right,0.646,0.182,0.300,89.2,True,+0.0005,+0.0425,0.35,success,1,60.46,71.61,0.1178,0.728,0.247,0.028,45.12,39.16,35.84,True,True,True,True,True,True,True,pass,model_ppo_curved.pt
231,side_right,0.644,0.181,0.418,88.0,True,-0.0053,-0.3379,0.60,fail_quality_regression,2,66.37,63.26,0.1471,1.045,0.356,0.024,42.39,35.21,35.88,False,True,True,True,True,True,False,spot_repaint_review,model_ppo_curved.pt
232,side_right,0.634,0.182,0.541,77.9,True,+0.0224,-2.2947,3.89,fail_quality_regression,2,52.36,64.81,0.1617,1.353,0.244,0.058,44.00,38.42,36.31,False,True,True,True,True,True,False,rework_candidate,model_ppo_curved.pt
233,side_right,0.597,0.195,0.618,47.4,True,+0.0436,-3.1595,2.89,success,1,65.37,70.81,0.1272,0.829,0.411,0.079,42.35,38.89,35.99,True,True,True,True,True,True,True,pass,model_ppo_curved.pt
234,side_right,0.468,0.176,0.857,47.5,True,-1.0205,-4.4632,2.25,fail_force_overload,0,71.99,73.50,0.1504,0.974,0.419,0.198,44.75,40.97,34.74,True,True,True,True,True,True,False,spot_repaint_review,model_ppo_curved.pt
235,side_right,0.639,0.302,0.187,89.3,True,+0.3621,-0.0198,0.61,success,1,74.76,71.06,0.1183,0.789,0.407,0.031,42.02,37.38,35.89,True,True,True,True,True,True,True,pass,model_ppo_curved.pt
236,side_right,0.638,0.301,0.298,89.9,True,+0.4307,+0.0747,0.75,fail_clearcoat_budget,1,65.42,66.46,0.1225,0.801,0.132,0.024,40.29,35.69,35.88,False,True,True,True,True,True,False,spot_repaint_review,model_ppo_curved.pt
237,side_right,0.638,0.302,0.420,88.9,True,+0.3236,-0.3455,0.44,fail_quality_regression,2,65.39,61.21,0.1420,1.092,0.337,0.016,40.62,36.07,35.93,False,True,True,True,True,True,False,rework_candidate,model_ppo_curved.pt
238,side_right,0.627,0.303,0.542,76.0,True,+0.0575,-2.4411,3.59,success,1,71.06,73.49,0.1187,0.824,0.466,0.065,48.13,45.36,35.93,True,True,True,True,True,True,True,pass,model_ppo_curved.pt
239,side_right,0.585,0.300,0.625,49.6,True,-0.0610,-1.8769,2.02,fail_clearcoat_budget,1,60.54,68.43,0.1216,0.842,0.185,0.037,41.12,36.21,35.93,False,True,True,True,True,True,False,rework_candidate,model_ppo_curved.pt
240,side_right,0.458,0.305,0.876,48.8,True,-0.2713,-5.2263,2.11,fail_force_overload,0,71.55,69.33,0.1444,0.943,0.167,0.087,40.59,37.72,34.59,False,True,True,True,True,True,False,spot_repaint_review,model_ppo_curved.pt
241,side_right,0.637,0.421,0.187,90.0,True,+0.3832,-0.0662,0.69,success,1,65.70,72.47,0.1197,0.837,0.496,0.078,49.66,45.07,35.89,True,True,True,True,True,True,True,pass,model_ppo_curved.pt
242,side_right,0.637,0.420,0.298,90.4,True,+0.1315,-0.0211,0.55,success,1,60.38,70.09,0.1195,0.938,0.499,0.144,42.76,37.97,35.86,True,True,True,True,True,True,True,pass,model_ppo_curved.pt
243,side_right,0.637,0.421,0.419,89.0,True,+0.0208,-0.4745,0.73,success,1,67.79,71.56,0.1126,0.729,0.245,0.041,44.19,39.31,35.87,True,True,True,True,True,True,True,pass,model_ppo_curved.pt
244,side_right,0.621,0.417,0.541,71.4,True,-0.4812,-1.6375,4.45,success,1,60.46,72.06,0.1120,0.869,0.380,0.053,46.91,42.40,35.85,True,True,True,True,True,True,True,pass,model_ppo_curved.pt
245,side_right,0.580,0.421,0.625,53.0,True,+0.0578,-1.6472,2.08,fail_quality_regression,2,66.42,67.14,0.1462,1.134,0.268,0.048,44.62,38.00,35.97,False,True,True,True,True,True,False,rework_candidate,model_ppo_curved.pt
246,side_right,0.445,0.423,0.887,48.4,True,-0.1908,-4.8675,2.57,fail_force_overload,0,64.27,72.35,0.1375,0.789,0.259,0.115,45.43,42.74,34.75,True,True,True,True,True,True,False,spot_repaint_review,model_ppo_curved.pt
247,side_right,0.642,0.541,0.188,90.4,True,+0.1982,-0.2399,0.39,success,1,63.53,70.24,0.1148,0.753,0.556,0.119,41.75,39.14,35.87,True,True,True,True,True,True,True,pass,model_ppo_curved.pt
248,side_right,0.641,0.541,0.299,89.0,True,+0.3296,+0.1198,0.82,success,1,69.83,71.67,0.1150,0.724,0.301,0.042,43.57,38.29,35.85,True,True,True,True,True,True,True,pass,model_ppo_curved.pt
249,side_right,0.639,0.540,0.420,87.0,True,+0.2346,-0.5878,0.93,success,1,67.41,71.44,0.1134,0.780,0.293,0.015,43.51,37.79,35.85,True,True,True,True,True,True,True,pass,model_ppo_curved.pt
250,side_right,0.616,0.546,0.538,66.2,True,+0.9604,-0.2060,5.43,success,1,72.04,73.50,0.1164,0.723,0.335,0.073,49.06,45.45,35.92,True,True,True,True,True,True,True,pass,model_ppo_curved.pt
251,side_right,0.575,0.540,0.625,54.4,True,-0.0040,-0.2959,1.51,success,1,70.94,73.28,0.1220,0.939,0.243,0.026,48.03,42.95,35.86,True,True,True,True,True,True,True,pass,model_ppo_curved.pt
252,side_right,0.445,0.534,0.881,47.7,True,-0.3177,-4.5811,2.54,fail_force_overload,0,73.26,72.10,0.1497,0.852,0.487,0.357,42.93,39.49,34.76,True,True,True,True,True,True,False,spot_repaint_review,model_ppo_curved.pt
253,side_right,0.651,0.637,0.189,91.8,True,-0.6007,-0.2347,0.73,success,1,62.54,70.22,0.1245,0.928,0.726,0.125,42.98,36.99,35.84,True,True,True,True,True,True,True,pass,model_ppo_curved.pt
254,side_right,0.653,0.648,0.304,89.0,True,-0.2362,-0.2285,1.05,success,1,73.73,73.52,0.1156,0.708,0.382,0.067,48.74,43.95,35.84,True,True,True,True,True,True,True,pass,model_ppo_curved.pt
255,side_right,0.649,0.659,0.419,85.8,True,+0.0812,-0.4441,1.16,success,1,68.98,71.44,0.1129,0.790,0.707,0.117,44.18,39.58,35.87,True,True,True,True,True,True,True,pass,model_ppo_curved.pt
256,side_right,0.626,0.660,0.540,68.5,True,+0.0285,-2.5103,4.02,fail_clearcoat_budget,1,58.75,67.00,0.1369,1.005,0.624,0.185,41.11,35.62,35.96,False,True,True,True,True,True,False,spot_repaint_review,model_ppo_curved.pt
257,side_right,0.573,0.646,0.622,52.3,True,+0.7454,-0.6942,1.92,success,1,72.17,73.32,0.1208,0.777,0.295,0.034,48.59,43.52,35.80,True,True,True,True,True,True,True,pass,model_ppo_curved.pt
258,side_right,0.657,0.748,0.446,88.5,True,-0.4605,-0.7608,1.32,fail_clearcoat_budget,1,69.08,67.53,0.1251,0.865,0.598,0.103,40.95,35.70,35.90,False,True,True,True,True,True,False,spot_repaint_review,model_ppo_curved.pt
259,side_right,0.644,0.780,0.540,72.6,True,-0.2939,-1.9220,3.16,success,1,71.02,73.32,0.1211,0.870,0.294,0.043,47.76,43.51,35.91,True,True,True,True,True,True,True,pass,model_ppo_curved.pt
260,side_right,0.648,0.899,0.554,70.4,True,-0.2445,-2.3861,2.70,fail_clearcoat_budget,1,62.64,68.41,0.1201,0.736,0.561,0.074,40.89,36.54,35.95,False,True,True,True,True,True,False,rework_candidate,model_ppo_curved.pt
261,side_right,0.609,0.908,0.615,55.3,True,-0.4702,-5.8367,5.31,fail_force_overload,0,74.38,72.64,0.1393,0.981,0.350,0.342,40.35,38.36,35.04,True,True,True,True,True,True,False,spot_repaint_review,model_ppo_curved.pt
262,side_right,0.646,1.023,0.552,70.0,True,-0.4178,-3.2495,3.93,success,1,66.67,71.02,0.1138,0.848,0.333,0.040,43.51,38.67,36.02,True,True,True,True,True,True,True,pass,model_ppo_curved.pt
263,side_right,0.521,1.021,0.666,60.9,True,-0.6030,+5.9349,14.20,fail_force_overload,0,61.52,63.99,0.1229,0.774,0.236,0.236,45.56,42.51,34.48,False,True,True,False,True,True,False,spot_repaint_review,model_ppo_curved.pt
264,side_right,0.466,1.019,0.735,52.6,True,-0.0081,-2.7857,2.91,fail_force_overload,0,65.25,71.15,0.1565,0.886,0.261,0.190,48.32,44.97,35.07,True,True,True,True,True,True,False,spot_repaint_review,model_ppo_curved.pt
265,side_right,0.640,1.167,0.443,90.3,True,-1.6057,-1.7491,2.89,success,1,64.85,73.34,0.1138,0.735,0.256,0.036,49.14,44.40,35.97,True,True,True,True,True,True,True,pass,model_ppo_curved.pt
266,side_right,0.625,1.142,0.542,68.9,True,-0.4876,-2.4368,4.85,success,1,65.34,72.47,0.1263,0.965,0.416,0.104,47.40,42.52,35.91,True,True,True,True,True,True,True,pass,model_ppo_curved.pt
267,side_right,0.491,1.141,0.666,54.9,True,-0.3264,+3.1443,10.65,fail_force_overload,0,66.69,66.10,0.1137,0.838,0.313,0.313,40.07,37.91,34.60,False,True,True,False,True,True,False,spot_repaint_review,model_ppo_curved.pt
268,side_right,0.549,1.273,0.206,100.4,True,-2.7012,+0.2550,48.30,fail_clearcoat_budget,1,72.89,69.77,0.1185,0.832,0.364,0.091,41.64,36.89,35.62,False,True,True,True,True,True,False,rework_candidate,model_ppo_curved.pt
269,side_right,0.615,1.267,0.290,99.1,True,-2.9227,-0.0280,4.48,success,1,69.29,72.49,0.1173,0.824,0.457,0.066,45.77,40.53,35.58,True,True,True,True,True,True,True,pass,model_ppo_curved.pt
270,side_right,0.615,1.254,0.434,77.2,True,-0.1442,-0.8346,2.60,success,1,62.22,71.07,0.1216,0.838,0.278,0.044,42.50,39.98,35.84,True,True,True,True,True,True,True,pass,model_ppo_curved.pt
271,side_right,0.578,1.261,0.542,66.6,True,-0.2392,-2.1974,4.31,success,1,65.41,71.21,0.1158,0.756,0.414,0.065,43.80,39.40,35.91,True,True,True,True,True,True,True,pass,model_ppo_curved.pt
272,side_right,0.457,1.259,0.653,55.1,True,-0.6932,+1.6004,6.82,success,1,62.27,71.75,0.1163,0.748,0.469,0.060,44.46,40.14,35.78,True,True,True,True,True,True,True,pass,model_ppo_curved.pt
273,side_right,0.543,1.368,0.204,94.1,True,-1.3643,+0.8772,2.87,success,1,64.28,71.91,0.1110,0.746,0.384,0.043,43.52,39.95,35.79,True,True,True,True,True,True,True,pass,model_ppo_curved.pt
274,side_right,0.568,1.364,0.296,101.9,True,-1.6600,+0.4069,2.48,success,1,64.26,70.58,0.1160,0.800,0.185,0.018,41.99,37.52,35.75,True,True,True,True,True,True,True,pass,model_ppo_curved.pt
275,side_right,0.567,1.369,0.441,73.0,True,-1.9187,+0.4515,5.14,success,1,65.17,72.46,0.1392,1.024,0.717,0.272,48.46,43.99,35.72,True,True,True,True,True,True,True,pass,model_ppo_curved.pt
276,side_right,0.542,1.346,0.533,66.7,True,-1.9776,-2.4530,5.74,success,1,67.68,72.03,0.1258,1.063,0.261,0.050,43.79,41.14,35.84,True,True,True,True,True,True,True,pass,model_ppo_curved.pt
277,side_right,0.404,1.365,0.639,60.6,True,-1.9639,-1.1172,6.52,fail_clearcoat,1,67.54,64.67,0.1152,0.836,0.348,0.065,40.43,34.87,35.85,False,True,True,True,False,True,False,spot_repaint_review,model_ppo_curved.pt
278,top,-0.616,-0.995,0.558,40.9,False,-3.7783,-0.7816,4.03,success,1,72.02,72.72,0.1146,0.881,0.193,0.048,48.93,44.60,35.75,True,True,True,True,True,True,True,pass,model_ppo_curved.pt
279,top,-0.616,-0.919,0.577,42.5,False,-4.8546,-0.4833,4.32,success,1,68.15,73.60,0.1233,0.719,0.647,0.186,49.78,46.94,35.71,True,True,True,True,True,True,True,pass,model_ppo_curved.pt
280,top,-0.610,-0.418,0.620,25.8,False,-7.6090,+0.0367,4.74,fail_force_overload,0,60.84,60.86,0.1259,0.929,0.453,0.453,43.29,41.56,23.29,False,True,True,False,True,True,False,spot_repaint_review,model_ppo_curved.pt
281,top,-0.612,-0.299,0.621,27.2,False,-7.6732,-0.0517,4.93,success,1,64.19,70.77,0.1224,0.758,0.244,0.044,43.39,38.69,35.70,True,True,True,True,True,True,True,pass,model_ppo_curved.pt
282,top,-0.614,-0.176,0.620,30.7,False,-6.7221,+0.1090,5.58,success,1,62.36,72.73,0.1271,0.884,0.369,0.075,47.73,43.10,35.74,True,True,True,True,True,True,True,pass,model_ppo_curved.pt
283,top,-0.614,-0.060,0.617,36.6,False,-6.6410,-0.0860,3.39,success,1,69.70,73.05,0.1178,0.892,0.274,0.039,45.23,42.72,35.64,True,True,True,True,True,True,True,pass,model_ppo_curved.pt
284,top,-0.612,0.055,0.613,41.8,False,-5.1419,-0.0263,2.98,success,1,70.21,71.93,0.1149,0.761,0.509,0.128,43.96,40.26,35.67,True,True,True,True,True,True,True,pass,model_ppo_curved.pt
285,top,-0.609,0.778,0.614,36.8,False,-4.6196,-0.8242,2.14,success,1,74.67,72.64,0.1221,0.923,0.114,0.023,45.32,40.93,35.71,True,True,True,True,True,True,True,pass,model_ppo_curved.pt
286,top,-0.610,1.029,0.615,41.3,False,-5.0589,-0.2063,2.13,success,1,72.64,73.36,0.1257,0.907,0.260,0.029,46.11,43.56,35.31,True,True,True,True,True,True,True,pass,model_ppo_curved.pt
287,top,-0.499,-1.246,0.540,29.1,False,-3.3683,-0.2801,3.07,success,1,66.50,71.27,0.1143,0.807,0.195,0.027,42.74,38.47,35.72,True,True,True,True,True,True,True,pass,model_ppo_curved.pt
288,top,-0.516,-1.137,0.578,23.7,False,-2.9779,-1.4029,4.84,fail_quality_regression,2,61.50,59.55,0.1503,1.186,0.914,0.048,40.88,35.59,36.05,False,True,True,True,True,True,False,spot_repaint_review,model_ppo_curved.pt
289,top,-0.546,-1.020,0.592,24.1,False,-2.4238,-0.1848,4.39,success,1,66.38,73.05,0.1129,0.684,0.227,0.022,46.96,43.37,35.63,True,True,True,True,True,True,True,pass,model_ppo_curved.pt
290,top,-0.544,-0.903,0.613,17.9,False,-1.5691,-0.3691,4.14,success,1,65.93,70.79,0.1319,0.927,0.364,0.061,42.83,38.32,35.74,True,True,True,True,True,True,True,pass,model_ppo_curved.pt
291,top,-0.541,-0.782,0.627,15.2,False,-0.8177,-0.0471,3.08,success,1,61.64,70.90,0.1204,0.993,0.732,0.198,45.00,39.39,35.76,True,True,True,True,True,True,True,pass,model_ppo_curved.pt
292,top,-0.542,-0.660,0.635,15.8,False,-0.6929,-0.2563,3.17,success,1,66.90,71.78,0.1166,0.758,0.435,0.050,44.45,40.59,35.84,True,True,True,True,True,True,True,pass,model_ppo_curved.pt
293,top,-0.541,-0.541,0.638,15.8,False,-0.7596,+0.0569,2.08,success,1,66.77,73.28,0.1228,0.954,0.226,0.036,48.53,44.23,35.75,True,True,True,True,True,True,True,pass,model_ppo_curved.pt
294,top,-0.543,-0.421,0.642,15.5,False,-1.1461,-0.0652,2.02,success,1,62.18,71.35,0.1135,0.786,0.419,0.049,43.87,38.18,35.75,True,True,True,True,True,True,True,pass,model_ppo_curved.pt
295,top,-0.547,-0.303,0.644,15.6,False,-1.3461,-0.0715,1.91,success,1,67.79,73.36,0.1195,0.805,0.293,0.028,48.14,42.30,35.75,True,True,True,True,True,True,True,pass,model_ppo_curved.pt
296,top,-0.568,-0.185,0.640,25.0,False,-1.0300,+0.6777,4.58,success,1,71.67,70.68,0.1170,0.816,0.493,0.075,41.45,38.97,35.92,True,True,True,True,True,True,True,pass,model_ppo_curved.pt
297,top,-0.581,-0.062,0.639,32.2,False,+0.4716,-0.2992,5.76,success,1,65.76,71.40,0.1144,0.747,0.312,0.069,43.53,40.12,36.09,True,True,True,True,True,True,True,pass,model_ppo_curved.pt
298,top,-0.582,0.059,0.637,36.2,False,-2.9759,+0.0232,1.88,success,1,67.27,72.71,0.1094,0.741,0.120,0.020,48.26,42.72,35.58,True,True,True,True,True,True,True,pass,model_ppo_curved.pt
299,top,-0.578,0.168,0.640,42.3,False,-1.6105,-0.1008,0.93,fail_clearcoat_budget,1,63.98,67.36,0.1166,0.811,0.356,0.070,40.88,35.86,35.74,False,True,True,True,True,True,False,spot_repaint_review,model_ppo_curved.pt
300,top,-0.576,0.703,0.624,42.2,False,-1.7766,+0.2332,2.09,success,1,66.11,71.77,0.1192,0.719,0.416,0.059,44.50,40.02,35.67,True,True,True,True,True,True,True,pass,model_ppo_curved.pt
301,top,-0.575,0.778,0.632,26.6,False,-4.2479,-0.5526,3.71,success,1,63.25,72.10,0.1144,0.757,0.224,0.026,45.25,41.85,35.59,True,True,True,True,True,True,True,pass,model_ppo_curved.pt
302,top,-0.568,0.901,0.637,13.7,False,-3.8744,-0.2743,5.70,success,1,71.71,72.43,0.1359,0.876,0.257,0.047,44.79,40.46,35.64,True,True,True,True,True,True,True,pass,model_ppo_curved.pt
303,top,-0.561,1.024,0.634,17.8,False,+1.0181,-0.1169,7.89,fail_clearcoat_budget,1,60.83,68.84,0.1153,0.792,0.862,0.175,41.10,36.47,35.99,False,True,True,True,True,True,False,rework_candidate,model_ppo_curved.pt
304,top,-0.547,1.138,0.626,19.4,False,-0.1467,-0.5128,7.46,success,1,69.94,71.95,0.1206,0.801,0.427,0.090,44.82,40.70,36.00,True,True,True,True,True,True,True,pass,model_ppo_curved.pt
305,top,-0.516,1.256,0.613,21.0,False,-0.3271,-0.8249,7.29,success,1,67.09,71.65,0.1142,0.709,0.189,0.021,44.08,38.82,36.03,True,True,True,True,True,True,True,pass,model_ppo_curved.pt
306,top,-0.497,1.364,0.548,30.8,False,-3.2558,-3.9249,18.47,fail_force_overload,0,63.22,70.02,0.1735,1.211,0.950,0.742,42.68,38.57,35.11,True,True,True,True,True,True,False,spot_repaint_review,model_ppo_curved.pt
307,top,-0.403,-1.378,0.439,30.7,False,+3.3227,-0.0268,8.88,fail_force_overload,0,64.30,64.43,0.1249,0.928,0.462,0.462,45.10,41.34,33.07,False,True,True,False,True,True,False,spot_repaint_review,model_ppo_curved.pt
308,top,-0.419,-1.259,0.552,24.6,False,-0.1957,+0.0090,0.58,success,1,69.60,72.04,0.1233,0.816,0.469,0.059,43.84,40.62,35.82,True,True,True,True,True,True,True,pass,model_ppo_curved.pt
309,top,-0.420,-1.145,0.597,20.9,False,-0.1181,-1.1931,2.02,success,1,58.11,72.18,0.1127,0.786,0.356,0.052,45.27,41.16,35.89,True,True,True,True,True,True,True,pass,model_ppo_curved.pt
310,top,-0.422,-1.021,0.622,14.7,False,-0.2465,-0.0108,0.52,success,1,62.09,72.93,0.1278,0.942,0.557,0.095,49.57,45.96,35.76,True,True,True,True,True,True,True,pass,model_ppo_curved.pt
311,top,-0.423,-0.901,0.640,14.2,False,-0.4027,-0.2176,0.89,success,1,65.74,71.77,0.1217,0.845,0.887,0.319,47.72,41.86,35.85,True,True,True,True,True,True,True,pass,model_ppo_curved.pt
312,top,-0.420,-0.779,0.655,13.1,False,-0.5973,+0.0627,0.97,fail_clearcoat_budget,1,66.44,64.79,0.1241,0.858,0.143,0.024,40.16,35.05,35.78,False,True,True,True,True,True,False,spot_repaint_review,model_ppo_curved.pt
313,top,-0.423,-0.661,0.666,12.2,False,-0.9244,-0.6896,2.29,fail_clearcoat_budget,1,61.94,66.48,0.1179,0.908,0.533,0.073,40.33,35.40,35.83,False,True,True,True,True,True,False,spot_repaint_review,model_ppo_curved.pt
314,top,-0.425,-0.539,0.666,10.3,False,-0.9421,-0.0754,1.55,success,1,70.03,72.44,0.1223,0.881,0.198,0.020,44.26,41.59,35.75,True,True,True,True,True,True,True,pass,model_ppo_curved.pt
315,top,-0.419,-0.423,0.663,6.4,False,-0.2302,+0.1633,1.13,success,1,64.93,72.36,0.1208,0.883,0.211,0.028,44.85,41.59,35.86,True,True,True,True,True,True,True,pass,model_ppo_curved.pt
316,top,-0.413,0.200,0.894,26.1,False,-1.4937,-0.7762,2.90,success,1,71.70,72.63,0.1244,0.880,0.201,0.028,45.68,41.21,35.81,True,True,True,True,True,True,True,pass,model_ppo_curved.pt
317,top,-0.411,0.296,0.907,25.5,False,-1.7757,-0.2606,2.74,success,1,68.41,71.34,0.1194,0.839,0.412,0.082,43.82,39.12,35.75,True,True,True,True,True,True,True,pass,model_ppo_curved.pt
318,top,-0.405,0.423,0.915,24.4,False,-2.2508,-0.4015,3.25,success,1,73.00,71.50,0.1177,0.664,0.416,0.110,44.07,39.09,35.79,True,True,True,True,True,True,True,pass,model_ppo_curved.pt
319,top,-0.401,0.542,0.912,25.0,False,-2.0373,-0.4900,2.83,success,1,68.57,73.31,0.1204,0.893,0.339,0.033,49.68,43.69,35.79,True,True,True,True,True,True,True,pass,model_ppo_curved.pt
320,top,-0.412,0.663,0.888,31.3,False,-2.5044,-0.1685,3.13,success,1,68.87,72.96,0.1199,0.796,0.210,0.031,46.79,41.86,35.67,True,True,True,True,True,True,True,pass,model_ppo_curved.pt
321,top,-0.424,0.777,0.857,34.7,False,-2.6109,-0.5155,3.57,fail_quality_regression,2,60.83,65.46,0.1608,1.270,0.878,0.078,43.43,36.28,35.77,False,True,True,True,True,True,False,rework_candidate,model_ppo_curved.pt
322,top,-0.437,0.904,0.807,39.1,False,-0.6768,-0.2913,1.66,success,1,61.95,70.29,0.1146,0.810,0.809,0.322,43.55,38.84,35.83,True,True,True,True,True,True,True,pass,model_ppo_curved.pt
323,top,-0.426,1.018,0.768,38.9,False,-0.7960,+0.2311,2.30,fail_clearcoat_budget,1,71.02,68.67,0.1235,0.807,0.396,0.083,41.13,36.75,35.77,False,True,True,True,True,True,False,rework_candidate,model_ppo_curved.pt
324,top,-0.405,1.137,0.737,30.5,False,-1.8608,+0.0332,3.02,fail_clearcoat_budget,1,59.79,68.86,0.1252,0.861,0.813,0.177,41.73,36.78,35.69,False,True,True,True,True,True,False,rework_candidate,model_ppo_curved.pt
325,top,-0.402,1.260,0.695,24.3,False,-4.1023,-0.4999,7.66,success,1,70.10,72.09,0.1116,0.721,0.151,0.023,44.71,39.47,35.78,True,True,True,True,True,True,True,pass,model_ppo_curved.pt
326,top,-0.426,1.377,0.576,29.4,False,+3.2781,-4.0041,16.14,fail_force_overload,0,63.12,63.09,0.1084,0.895,0.373,0.373,42.02,39.73,34.29,False,True,True,False,True,True,False,spot_repaint_review,model_ppo_curved.pt
327,top,-0.300,-1.375,0.512,28.7,False,-0.3609,-2.9196,15.53,fail_force_overload,0,65.87,73.73,0.1128,0.769,0.293,0.155,49.33,47.97,35.88,True,True,True,True,True,True,False,spot_repaint_review,model_ppo_curved.pt
328,top,-0.301,-1.260,0.572,22.5,False,-0.4391,-0.0064,0.89,success,1,69.98,72.88,0.1208,0.776,0.360,0.056,47.60,41.88,35.78,True,True,True,True,True,True,True,pass,model_ppo_curved.pt
329,top,-0.302,-1.142,0.617,18.2,False,-0.4834,-1.0878,2.28,success,1,67.87,70.60,0.1152,0.736,0.159,0.027,41.65,37.71,35.87,True,True,True,True,True,True,True,pass,model_ppo_curved.pt
330,top,-0.301,-1.019,0.642,10.9,False,-0.4316,-0.0809,0.76,fail_quality_regression,2,60.89,63.38,0.1471,1.050,0.911,0.070,41.90,36.20,35.96,False,True,True,True,True,True,False,rework_candidate,model_ppo_curved.pt
331,top,-0.302,-0.901,0.659,10.1,False,-0.0896,-0.3758,0.88,fail_clearcoat_budget,1,59.17,68.03,0.1159,0.816,0.247,0.036,41.53,35.96,35.84,False,True,True,True,True,True,False,spot_repaint_review,model_ppo_curved.pt
332,top,-0.301,-0.781,0.670,7.4,False,+0.1812,+0.1413,0.98,success,1,55.40,70.61,0.1093,0.660,0.271,0.038,43.42,39.11,35.90,True,True,True,True,True,True,True,pass,model_ppo_curved.pt
333,top,-0.300,-0.661,0.680,4.6,False,-0.1755,-0.6672,1.65,success,1,63.60,71.24,0.1174,0.789,0.660,0.134,44.61,39.37,35.87,True,True,True,True,True,True,True,pass,model_ppo_curved.pt
334,top,-0.301,-0.539,0.680,4.9,False,-0.1717,+0.0014,1.19,success,1,72.64,73.17,0.1201,0.843,0.386,0.055,47.27,43.01,35.84,True,True,True,True,True,True,True,pass,model_ppo_curved.pt
335,top,-0.301,-0.433,0.676,7.0,False,-0.0756,-0.4847,1.14,success,1,54.51,71.83,0.1195,0.867,0.275,0.051,48.02,44.20,35.87,True,True,True,True,True,True,True,pass,model_ppo_curved.pt
336,top,-0.301,0.190,0.929,19.6,False,-1.3915,-0.9718,2.98,success,1,61.56,71.93,0.1236,0.898,0.582,0.097,44.01,40.86,35.82,True,True,True,True,True,True,True,pass,model_ppo_curved.pt
337,top,-0.303,0.299,0.944,14.9,False,-1.3967,-0.2501,2.63,fail_clearcoat_budget,1,67.09,67.55,0.1173,0.902,0.234,0.027,40.87,35.77,35.77,False,True,True,True,True,True,False,spot_repaint_review,model_ppo_curved.pt
338,top,-0.304,0.420,0.949,14.5,False,-1.2697,-0.4328,2.74,success,1,66.15,70.76,0.1206,0.817,0.178,0.029,43.29,38.28,35.81,True,True,True,True,True,True,True,pass,model_ppo_curved.pt
339,top,-0.302,0.541,0.946,14.7,False,-1.3132,-0.4777,2.82,success,1,59.26,71.67,0.1181,0.883,0.240,0.057,46.02,40.57,35.81,True,True,True,True,True,True,True,pass,model_ppo_curved.pt
340,top,-0.303,0.660,0.929,17.5,False,-1.1338,-0.1723,2.34,success,1,66.88,71.50,0.1294,0.866,0.261,0.039,44.16,39.16,35.79,True,True,True,True,True,True,True,pass,model_ppo_curved.pt
341,top,-0.300,0.761,0.907,20.8,False,-0.9941,-0.6854,2.35,success,1,70.76,73.67,0.1108,0.759,0.136,0.011,49.54,45.86,35.82,True,True,True,True,True,True,True,pass,model_ppo_curved.pt
342,top,-0.339,1.268,0.711,21.2,False,-0.9349,+0.3984,2.00,success,1,74.50,73.16,0.1190,0.708,0.205,0.025,46.29,41.58,35.84,True,True,True,True,True,True,True,pass,model_ppo_curved.pt
343,top,-0.304,1.379,0.683,12.6,False,-2.9045,-4.5922,9.64,fail_force_overload,0,59.07,66.38,0.1403,0.953,0.181,0.079,45.48,42.55,34.79,False,True,True,True,True,True,False,spot_repaint_review,model_ppo_curved.pt
344,top,-0.292,1.463,0.524,25.6,False,-0.4682,+9.8521,11.25,fail_force_overload,0,61.11,61.11,0.1241,1.153,0.625,0.625,44.73,41.46,28.56,False,True,True,False,True,True,False,spot_repaint_review,model_ppo_curved.pt
345,top,-0.173,-1.461,0.421,36.4,False,-1.5352,+8.8977,49.66,fail_force_overload,0,71.54,74.58,0.1177,0.894,0.319,0.201,41.36,40.78,34.81,True,True,True,True,True,True,False,spot_repaint_review,model_ppo_curved.pt
346,top,-0.180,-1.385,0.528,23.5,False,+0.4498,-1.6293,16.68,success,1,69.19,73.12,0.1144,0.839,0.320,0.034,45.42,42.93,35.87,True,True,True,True,True,True,True,pass,model_ppo_curved.pt
347,top,-0.180,-1.263,0.583,19.3,False,-0.4304,-0.0063,0.94,success,1,63.73,71.65,0.1174,0.749,0.199,0.042,45.92,42.02,35.75,True,True,True,True,True,True,True,pass,model_ppo_curved.pt
348,top,-0.182,-1.144,0.622,15.5,False,-0.0850,-0.7983,1.87,success,1,68.00,72.90,0.1195,0.789,0.421,0.071,48.14,42.87,35.88,True,True,True,True,True,True,True,pass,model_ppo_curved.pt
349,top,-0.182,-1.020,0.647,9.4,False,+0.1046,+0.0189,1.46,fail_clearcoat_budget,1,70.79,68.08,0.1162,0.848,0.145,0.012,40.69,36.22,35.85,False,True,True,True,True,True,False,rework_candidate,model_ppo_curved.pt
350,top,-0.181,-0.903,0.666,7.7,False,+0.0209,-0.5118,1.58,success,1,71.63,72.26,0.1311,0.813,0.523,0.139,45.31,40.51,35.87,True,True,True,True,True,True,True,pass,model_ppo_curved.pt
351,top,-0.183,-0.782,0.676,3.3,False,+0.0546,+0.0462,1.62,fail_clearcoat_budget,1,60.34,67.63,0.1254,0.971,0.948,0.286,41.10,36.31,35.87,False,True,True,True,True,True,False,rework_candidate,model_ppo_curved.pt
352,top,-0.181,-0.661,0.682,1.7,False,+0.4187,-0.4803,1.36,success,1,73.25,72.76,0.1090,0.783,0.388,0.064,46.40,42.02,35.90,True,True,True,True,True,True,True,pass,model_ppo_curved.pt
353,top,-0.182,-0.538,0.683,0.6,False,+0.3958,+0.1358,1.56,success,1,66.34,71.65,0.1183,0.763,0.275,0.073,45.15,40.68,35.85,True,True,True,True,True,True,True,pass,model_ppo_curved.pt
354,top,-0.184,-0.449,0.683,1.1,False,+0.0533,-0.1637,1.36,fail_clearcoat_budget,1,70.62,69.96,0.1117,0.676,0.248,0.046,42.38,36.22,35.89,False,True,True,True,True,True,False,rework_candidate,model_ppo_curved.pt
355,top,-0.178,0.184,0.942,13.8,False,-0.0723,-0.7578,1.59,success,1,55.69,71.80,0.1229,0.814,0.394,0.059,45.54,40.84,35.87,True,True,True,True,True,True,True,pass,model_ppo_curved.pt
356,top,-0.178,0.298,0.959,5.9,False,-0.4831,-0.2608,1.93,success,1,63.53,72.01,0.1359,1.175,0.962,0.347,47.75,43.46,35.83,True,True,True,True,True,True,True,pass,model_ppo_curved.pt
357,top,-0.177,0.420,0.965,1.3,False,-1.0612,-0.4378,2.79,success,1,65.82,73.23,0.1096,0.773,0.490,0.055,47.09,44.68,35.82,True,True,True,True,True,True,True,pass,model_ppo_curved.pt
358,top,-0.176,0.541,0.962,3.1,False,-1.3476,-0.4583,3.42,success,1,62.48,70.62,0.1188,0.900,0.217,0.046,48.15,44.73,35.81,True,True,True,True,True,True,True,pass,model_ppo_curved.pt
359,top,-0.177,0.660,0.946,11.4,False,-0.9601,-0.1571,2.61,success,1,70.97,70.69,0.1122,0.791,0.240,0.012,41.81,37.74,35.82,True,True,True,True,True,True,True,pass,model_ppo_curved.pt
360,top,-0.178,0.766,0.921,16.0,False,-0.2771,-0.4178,1.86,success,1,70.97,71.98,0.1172,0.755,0.514,0.112,45.28,39.82,35.85,True,True,True,True,True,True,True,pass,model_ppo_curved.pt
361,top,-0.186,1.413,0.678,1.9,False,+1.6689,-4.8947,17.64,fail_force_overload,0,70.32,72.01,0.1833,1.010,0.391,0.273,44.36,41.00,34.87,True,True,True,True,True,True,False,spot_repaint_review,model_ppo_curved.pt
362,top,-0.183,1.470,0.579,15.9,False,-0.2277,+16.7217,9.37,fail_force_overload,0,71.43,71.43,0.1074,0.947,0.481,0.481,44.90,42.97,37.05,True,True,True,False,True,True,False,spot_repaint_review,model_ppo_curved.pt
363,top,-0.070,-1.462,0.466,33.5,False,+4.6676,-0.2785,36.79,fail_force_overload,0,73.38,74.89,0.1195,0.955,0.228,0.138,48.36,45.92,38.28,True,True,True,True,True,True,False,spot_repaint_review,model_ppo_curved.pt
364,top,-0.063,-1.385,0.536,20.6,False,+0.1752,-0.8803,14.57,success,1,58.24,71.37,0.1309,0.846,0.290,0.032,45.53,39.97,35.86,True,True,True,True,True,True,True,pass,model_ppo_curved.pt
365,top,-0.062,-1.262,0.589,17.8,False,-0.0785,-0.0152,0.43,success,1,66.10,72.98,0.1088,0.707,0.409,0.047,46.51,42.16,35.83,True,True,True,True,True,True,True,pass,model_ppo_curved.pt
366,top,-0.063,-1.144,0.625,14.7,False,-0.0703,-0.7791,1.35,success,1,64.24,72.91,0.1433,1.119,0.266,0.034,48.57,43.51,35.87,True,True,True,True,True,True,True,pass,model_ppo_curved.pt
367,top,-0.063,-1.019,0.648,8.9,False,-0.0807,+0.0122,0.60,fail_clearcoat_budget,1,59.75,68.62,0.1184,0.761,0.230,0.040,41.14,36.59,35.80,False,True,True,True,True,True,False,rework_candidate,model_ppo_curved.pt
368,top,-0.063,-0.902,0.666,7.7,False,-0.0301,-0.3952,0.99,success,1,56.47,72.24,0.1174,0.860,0.876,0.149,48.99,43.17,35.87,True,True,True,True,True,True,True,pass,model_ppo_curved.pt
369,top,-0.064,-0.784,0.677,4.6,False,-0.0970,+0.0250,0.84,success,1,73.16,70.70,0.1235,0.776,0.219,0.048,42.60,37.61,35.85,True,True,True,True,True,True,True,pass,model_ppo_curved.pt
370,top,-0.064,-0.661,0.686,2.8,False,-0.0628,-0.5124,1.29,success,1,66.48,71.97,0.1302,0.924,0.471,0.072,43.84,41.22,35.86,True,True,True,True,True,True,True,pass,model_ppo_curved.pt
371,top,-0.063,-0.537,0.686,1.8,False,-0.0678,+0.0596,1.07,success,1,61.98,72.45,0.1315,0.930,0.544,0.116,49.11,43.99,35.80,True,True,True,True,True,True,True,pass,model_ppo_curved.pt
372,top,-0.066,-0.452,0.686,1.2,False,-0.0717,+0.0852,1.12,success,1,65.02,71.15,0.1113,0.771,0.294,0.026,43.57,38.43,35.84,True,True,True,True,True,True,True,pass,model_ppo_curved.pt
373,top,-0.062,0.182,0.944,9.5,False,+0.0796,-0.4090,1.62,success,1,68.48,72.63,0.1183,0.781,0.255,0.043,47.51,43.57,35.85,True,True,True,True,True,True,True,pass,model_ppo_curved.pt
374,top,-0.063,0.300,0.958,4.3,False,+0.4894,-0.2132,1.87,success,1,63.06,70.16,0.1119,0.680,0.147,0.030,42.15,38.03,35.91,True,True,True,True,True,True,True,pass,model_ppo_curved.pt
375,top,-0.061,0.421,0.962,1.4,False,+0.5957,-0.4491,2.13,fail_clearcoat_budget,1,70.07,69.29,0.1319,0.923,0.291,0.038,41.08,36.59,35.90,False,True,True,True,True,True,False,rework_candidate,model_ppo_curved.pt
376,top,-0.058,0.542,0.957,3.3,False,+0.6028,-0.4262,2.34,success,1,62.95,72.37,0.1290,0.903,0.263,0.051,46.68,44.26,35.90,True,True,True,True,True,True,True,pass,model_ppo_curved.pt
377,top,-0.060,0.658,0.944,8.6,False,+0.5608,-0.0230,2.23,success,1,73.53,72.91,0.1160,0.713,0.289,0.029,46.83,42.13,35.91,True,True,True,True,True,True,True,pass,model_ppo_curved.pt
378,top,-0.061,0.768,0.925,12.6,False,+0.0089,-0.5875,1.75,success,1,68.95,73.45,0.1224,0.832,0.281,0.041,49.43,44.91,35.87,True,True,True,True,True,True,True,pass,model_ppo_curved.pt
379,top,-0.064,1.420,0.681,2.3,False,+1.6952,-4.7990,17.72,fail_force_overload,0,67.99,71.11,0.1705,1.021,0.344,0.155,41.69,37.36,34.85,True,True,True,True,True,True,False,spot_repaint_review,model_ppo_curved.pt
380,top,-0.058,1.471,0.618,14.6,False,-1.7632,-39.7967,41.46,fail_force_overload,0,65.74,70.61,0.1253,0.762,0.401,0.308,43.68,42.78,34.47,True,True,True,True,True,True,False,spot_repaint_review,model_ppo_curved.pt
381,top,0.069,-1.461,0.466,33.5,False,+4.7969,-0.3828,35.61,fail_force_overload,0,54.60,70.83,0.0812,0.538,0.296,0.142,48.82,44.29,35.49,True,True,True,True,True,True,False,spot_repaint_review,model_ppo_curved.pt
382,top,0.058,-1.385,0.537,20.3,False,+0.0400,-0.9196,13.65,success,1,66.15,73.44,0.1166,0.774,0.181,0.017,48.72,44.33,35.90,True,True,True,True,True,True,True,pass,model_ppo_curved.pt
383,top,0.057,-1.262,0.589,17.7,False,-0.1045,-0.0165,0.55,success,1,56.73,71.79,0.1160,0.871,0.312,0.046,45.45,41.55,35.83,True,True,True,True,True,True,True,pass,model_ppo_curved.pt
384,top,0.059,-1.144,0.625,14.6,False,-0.0815,-0.7759,1.41,fail_clearcoat_budget,1,61.59,67.89,0.1106,0.714,0.237,0.028,40.61,35.53,35.87,False,True,True,True,True,True,False,spot_repaint_review,model_ppo_curved.pt
385,top,0.059,-1.019,0.648,8.8,False,-0.0961,+0.0171,0.68,fail_quality_regression,2,63.89,63.09,0.1420,1.012,0.333,0.039,41.89,35.69,35.85,False,True,True,True,True,True,False,spot_repaint_review,model_ppo_curved.pt
386,top,0.059,-0.902,0.666,7.6,False,-0.0263,-0.4018,1.03,success,1,70.02,73.15,0.1122,0.713,0.327,0.036,46.47,41.18,35.86,True,True,True,True,True,True,True,pass,model_ppo_curved.pt
387,top,0.059,-0.784,0.677,4.6,False,-0.1059,+0.0214,0.91,fail_clearcoat_budget,1,58.06,66.71,0.1151,0.859,0.759,0.190,40.59,35.75,35.82,False,True,True,True,True,True,False,spot_repaint_review,model_ppo_curved.pt
388,top,0.061,-0.661,0.686,2.7,False,-0.0876,-0.5110,1.40,fail_quality_regression,2,61.09,64.13,0.1367,0.999,0.460,0.055,42.33,36.10,35.89,False,True,True,True,True,True,False,rework_candidate,model_ppo_curved.pt
389,top,0.059,-0.537,0.686,1.8,False,-0.0732,+0.0616,1.17,success,1,65.11,72.31,0.1180,0.726,0.380,0.045,45.91,39.85,35.85,True,True,True,True,True,True,True,pass,model_ppo_curved.pt
390,top,0.061,-0.451,0.686,1.3,False,-0.0996,+0.1429,1.21,success,1,59.40,70.29,0.1259,0.830,0.276,0.042,42.35,38.36,35.86,True,True,True,True,True,True,True,pass,model_ppo_curved.pt
391,top,0.057,0.182,0.944,9.7,False,+0.1282,-0.3965,1.64,fail_clearcoat,2,65.06,62.04,0.1487,1.143,0.394,0.026,42.21,34.97,35.90,False,True,True,True,False,True,False,spot_repaint_review,model_ppo_curved.pt
392,top,0.057,0.300,0.958,4.2,False,+0.4256,-0.2325,1.84,success,1,72.90,71.41,0.1263,0.872,0.448,0.089,42.79,38.80,35.86,True,True,True,True,True,True,True,pass,model_ppo_curved.pt
393,top,0.056,0.421,0.961,2.0,False,+0.6312,-0.4399,2.10,fail_clearcoat,1,71.21,64.23,0.1153,0.737,0.136,0.012,40.14,34.81,35.89,False,True,True,True,False,True,False,spot_repaint_review,model_ppo_curved.pt
394,top,0.053,0.542,0.957,3.4,False,+0.5071,-0.3727,2.36,success,1,70.40,70.44,0.1226,0.966,0.149,0.018,42.91,37.37,35.89,True,True,True,True,True,True,True,pass,model_ppo_curved.pt
395,top,0.056,0.657,0.944,8.6,False,+0.4423,-0.0227,2.19,success,1,55.55,70.40,0.1238,0.736,0.198,0.053,44.05,39.75,35.86,True,True,True,True,True,True,True,pass,model_ppo_curved.pt
396,top,0.056,0.768,0.925,12.3,False,-0.0002,-0.6002,1.80,success,1,61.01,70.06,0.1209,0.826,0.472,0.074,41.86,39.12,35.87,True,True,True,True,True,True,True,pass,model_ppo_curved.pt
397,top,0.060,1.420,0.681,2.5,False,+1.3604,-16.6424,13.45,fail_force_overload,0,73.05,73.05,0.1335,0.992,0.188,0.188,49.13,46.43,26.33,True,True,True,False,True,True,False,spot_repaint_review,model_ppo_curved.pt
398,top,0.175,-1.462,0.417,36.3,False,-1.0497,+7.6188,47.62,fail_force_overload,0,68.41,69.11,0.1021,0.606,0.236,0.207,47.51,44.61,35.37,False,True,True,True,True,True,False,spot_repaint_review,model_ppo_curved.pt
399,top,0.179,-1.384,0.527,23.4,False,+0.3789,-1.6496,16.63,success,1,73.57,72.56,0.1154,0.853,0.304,0.043,44.40,41.42,35.93,True,True,True,True,True,True,True,pass,model_ppo_curved.pt
400,top,0.179,-1.262,0.583,19.2,False,-0.4115,-0.0222,1.02,success,1,60.89,72.50,0.1200,0.806,0.446,0.088,47.42,43.23,35.84,True,True,True,True,True,True,True,pass,model_ppo_curved.pt
401,top,0.182,-1.144,0.622,15.7,False,-0.0983,-0.8434,1.95,success,1,66.29,72.18,0.1178,0.784,0.257,0.050,44.29,41.25,35.89,True,True,True,True,True,True,True,pass,model_ppo_curved.pt
402,top,0.183,-1.021,0.647,9.4,False,+0.0825,-0.0202,1.51,success,1,64.58,72.58,0.1260,0.832,0.298,0.055,47.61,42.55,35.85,True,True,True,True,True,True,True,pass,model_ppo_curved.pt
403,top,0.181,-0.903,0.666,7.8,False,+0.0120,-0.5073,1.69,success,1,65.67,72.35,0.1202,0.769,0.256,0.034,45.79,40.69,35.86,True,True,True,True,True,True,True,pass,model_ppo_curved.pt
404,top,0.183,-0.782,0.676,3.3,False,+0.0529,+0.0615,1.74,success,1,66.08,72.03,0.1411,0.955,0.156,0.017,45.24,40.06,35.81,True,True,True,True,True,True,True,pass,model_ppo_curved.pt
405,top,0.181,-0.661,0.682,1.8,False,+0.3869,-0.5099,1.50,success,1,69.25,73.85,0.1209,0.792,0.368,0.042,49.66,45.51,35.87,True,True,True,True,True,True,True,pass,model_ppo_curved.pt
406,top,0.182,-0.538,0.683,0.8,False,+0.3936,+0.1581,1.71,success,1,71.93,73.20,0.1220,0.746,0.434,0.037,46.32,41.79,35.86,True,True,True,True,True,True,True,pass,model_ppo_curved.pt
407,top,0.184,-0.449,0.683,1.1,False,+0.0180,-0.2441,1.59,success,1,58.66,70.70,0.1119,0.699,0.390,0.045,43.95,38.74,35.86,True,True,True,True,True,True,True,pass,model_ppo_curved.pt
408,top,0.178,0.185,0.942,13.6,False,-0.0293,-0.7741,1.59,success,1,66.80,71.18,0.1268,0.837,0.672,0.170,43.66,39.28,35.88,True,True,True,True,True,True,True,pass,model_ppo_curved.pt
409,top,0.178,0.297,0.959,6.1,False,-0.3586,-0.2753,1.94,success,1,61.46,72.07,0.1283,0.891,0.363,0.061,46.75,41.67,35.85,True,True,True,True,True,True,True,pass,model_ppo_curved.pt
410,top,0.176,0.419,0.965,2.1,False,-0.9884,-0.4683,2.69,success,1,67.47,72.36,0.1163,0.857,0.940,0.184,47.69,42.24,35.82,True,True,True,True,True,True,True,pass,model_ppo_curved.pt
411,top,0.176,0.541,0.962,3.3,False,-1.2637,-0.4005,3.39,success,1,72.43,72.96,0.1111,0.728,0.270,0.054,47.21,42.74,35.78,True,True,True,True,True,True,True,pass,model_ppo_curved.pt
412,top,0.176,0.659,0.946,11.3,False,-0.9656,-0.1720,2.80,success,1,66.37,72.43,0.1269,0.879,0.862,0.180,48.01,43.28,35.76,True,True,True,True,True,True,True,pass,model_ppo_curved.pt
413,top,0.177,0.764,0.922,15.7,False,-0.2726,-0.3977,2.07,success,1,69.78,70.54,0.1320,1.072,0.542,0.082,41.23,38.78,35.84,True,True,True,True,True,True,True,pass,model_ppo_curved.pt
414,top,0.184,1.412,0.678,2.2,False,+1.4632,-4.8725,17.21,fail_force_overload,0,60.33,68.02,0.1466,0.840,0.178,0.118,42.53,37.67,35.02,False,True,True,True,True,True,False,spot_repaint_review,model_ppo_curved.pt
415,top,0.185,1.469,0.606,18.4,False,-2.0290,-26.7249,20.01,fail_force_overload,0,72.06,72.12,0.1088,0.832,0.444,0.436,48.04,45.40,34.99,True,True,True,True,True,True,False,spot_repaint_review,model_ppo_curved.pt
416,top,0.300,-1.375,0.512,28.4,False,-0.3713,-2.8957,14.65,success,1,68.92,72.25,0.1162,0.711,0.223,0.032,45.31,40.39,35.89,True,True,True,True,True,True,True,pass,model_ppo_curved.pt
417,top,0.300,-1.260,0.572,22.5,False,-0.4298,-0.0007,1.03,success,1,62.03,72.67,0.1225,0.764,0.574,0.115,48.17,43.89,35.83,True,True,True,True,True,True,True,pass,model_ppo_curved.pt
418,top,0.301,-1.143,0.616,18.3,False,-0.4671,-1.0515,2.28,fail_clearcoat_budget,1,64.98,68.04,0.1248,0.893,0.665,0.172,41.11,35.62,35.86,False,True,True,True,True,True,False,spot_repaint_review,model_ppo_curved.pt
419,top,0.302,-1.020,0.642,11.0,False,-0.4239,-0.0756,1.10,success,1,73.91,72.56,0.1128,0.736,0.231,0.029,46.52,40.65,35.82,True,True,True,True,True,True,True,pass,model_ppo_curved.pt
420,top,0.301,-0.902,0.659,10.1,False,-0.0838,-0.3733,1.24,success,1,73.16,71.49,0.1246,0.756,0.456,0.064,42.61,39.80,35.85,True,True,True,True,True,True,True,pass,model_ppo_curved.pt
421,top,0.301,-0.781,0.670,7.4,False,+0.2047,+0.1295,1.29,success,1,67.91,72.84,0.1232,0.913,0.495,0.066,47.81,43.10,35.87,True,True,True,True,True,True,True,pass,model_ppo_curved.pt
422,top,0.300,-0.660,0.680,4.7,False,-0.0829,-0.6778,1.70,success,1,65.84,72.27,0.1139,0.735,0.350,0.028,46.43,42.54,35.87,True,True,True,True,True,True,True,pass,model_ppo_curved.pt
423,top,0.301,-0.539,0.679,5.1,False,-0.0945,+0.0024,1.41,fail_clearcoat_budget,1,62.61,69.60,0.1239,0.776,0.261,0.041,41.69,36.65,35.85,False,True,True,True,True,True,False,rework_candidate,model_ppo_curved.pt
424,top,0.301,-0.434,0.675,7.1,False,-0.0585,-0.5206,1.50,fail_quality_regression,2,65.93,61.72,0.1481,1.215,0.286,0.020,41.57,35.78,36.14,False,True,True,True,True,True,False,spot_repaint_review,model_ppo_curved.pt
425,top,0.302,0.190,0.928,19.5,False,-1.3062,-0.9245,3.15,success,1,72.12,73.48,0.1227,0.870,0.193,0.059,48.53,44.54,35.83,True,True,True,True,True,True,True,pass,model_ppo_curved.pt
426,top,0.303,0.300,0.943,15.2,False,-1.3477,-0.2627,2.92,success,1,71.87,73.50,0.1257,0.976,0.198,0.029,49.42,45.28,35.75,True,True,True,True,True,True,True,pass,model_ppo_curved.pt
427,top,0.304,0.421,0.948,14.9,False,-1.2360,-0.4701,3.10,success,1,62.22,71.92,0.1079,0.701,0.271,0.041,46.14,40.92,35.81,True,True,True,True,True,True,True,pass,model_ppo_curved.pt
428,top,0.302,0.542,0.944,15.0,False,-1.2592,-0.4193,3.13,success,1,63.28,70.19,0.1121,0.783,0.311,0.081,42.56,37.35,35.80,True,True,True,True,True,True,True,pass,model_ppo_curved.pt
429,top,0.304,0.662,0.928,17.7,False,-1.0781,-0.1512,2.78,fail_clearcoat_budget,1,64.90,67.64,0.1172,0.844,0.420,0.064,40.36,36.22,35.79,False,True,True,True,True,True,False,rework_candidate,model_ppo_curved.pt
430,top,0.279,0.749,0.915,18.0,False,-1.2611,-0.6821,2.77,success,1,70.52,72.87,0.1180,0.897,0.278,0.033,45.86,42.78,35.80,True,True,True,True,True,True,True,pass,model_ppo_curved.pt
431,top,0.338,1.269,0.711,20.7,False,-1.2423,+0.3247,2.45,success,1,66.57,73.13,0.1269,0.917,0.239,0.039,49.10,45.04,35.81,True,True,True,True,True,True,True,pass,model_ppo_curved.pt
432,top,0.303,1.379,0.683,12.7,False,-2.9565,-4.3536,9.33,fail_force_overload,0,53.72,62.02,0.1379,0.959,0.458,0.458,43.75,40.26,35.06,False,True,True,False,True,True,False,spot_repaint_review,model_ppo_curved.pt
433,top,0.292,1.464,0.519,25.9,False,-0.7806,+9.7151,10.47,fail_force_overload,0,65.90,65.90,0.1021,0.749,0.086,0.086,45.14,41.91,24.64,False,True,True,False,True,True,False,spot_repaint_review,model_ppo_curved.pt
434,top,0.404,-1.378,0.439,30.8,False,+3.3537,-0.1674,9.54,fail_force_overload,0,63.99,63.99,0.1272,1.112,0.477,0.477,40.24,36.95,24.36,False,True,True,False,True,True,False,spot_repaint_review,model_ppo_curved.pt
435,top,0.418,-1.260,0.552,24.7,False,-0.1817,+0.0035,0.88,success,1,66.38,72.71,0.1178,0.777,0.546,0.117,48.66,43.87,35.81,True,True,True,True,True,True,True,pass,model_ppo_curved.pt
436,top,0.420,-1.145,0.597,21.0,False,-0.1182,-1.1835,2.15,success,1,66.24,73.10,0.1282,0.803,0.528,0.076,47.90,42.27,35.88,True,True,True,True,True,True,True,pass,model_ppo_curved.pt
437,top,0.421,-1.021,0.622,14.8,False,-0.2643,-0.0058,1.15,success,1,69.36,70.24,0.1118,0.698,0.431,0.054,41.25,38.72,35.81,True,True,True,True,True,True,True,pass,model_ppo_curved.pt
438,top,0.423,-0.901,0.639,14.1,False,-0.4083,-0.2109,1.41,success,1,65.52,72.82,0.1154,0.777,0.214,0.030,47.82,43.46,35.83,True,True,True,True,True,True,True,pass,model_ppo_curved.pt
439,top,0.421,-0.779,0.654,13.1,False,-0.5838,+0.0615,1.45,success,1,73.06,70.17,0.1230,0.760,0.370,0.061,41.91,38.07,35.79,True,True,True,True,True,True,True,pass,model_ppo_curved.pt
440,top,0.422,-0.661,0.666,12.0,False,-0.9198,-0.6901,2.53,fail_quality_regression,2,69.06,61.55,0.1386,1.051,0.220,0.026,40.66,36.15,35.85,False,True,True,True,True,True,False,rework_candidate,model_ppo_curved.pt
441,top,0.423,-0.539,0.666,10.1,False,-0.9225,-0.1019,1.94,success,1,63.63,73.20,0.1125,0.730,0.355,0.049,49.15,44.89,35.78,True,True,True,True,True,True,True,pass,model_ppo_curved.pt
442,top,0.419,-0.423,0.662,6.4,False,-0.2402,+0.1415,1.57,success,1,68.57,71.33,0.1198,0.894,0.921,0.253,43.30,39.48,35.86,True,True,True,True,True,True,True,pass,model_ppo_curved.pt
443,top,0.413,0.199,0.892,26.4,False,-1.4113,-0.8033,3.15,success,1,61.66,73.09,0.1132,0.693,0.207,0.026,47.42,42.66,35.82,True,True,True,True,True,True,True,pass,model_ppo_curved.pt
444,top,0.410,0.298,0.906,25.4,False,-1.7802,-0.2310,3.08,success,1,65.38,71.88,0.1155,0.762,0.283,0.054,44.70,41.54,35.71,True,True,True,True,True,True,True,pass,model_ppo_curved.pt
445,top,0.401,0.419,0.916,23.3,False,-2.0589,-0.4245,3.21,success,1,68.31,72.87,0.1267,0.822,0.148,0.033,45.89,43.42,35.75,True,True,True,True,True,True,True,pass,model_ppo_curved.pt
446,top,0.400,0.542,0.911,25.7,False,-2.1338,-0.4891,3.17,success,1,60.78,72.44,0.1205,0.796,0.432,0.044,45.48,40.57,35.71,True,True,True,True,True,True,True,pass,model_ppo_curved.pt
447,top,0.413,0.663,0.886,31.8,False,-2.5654,-0.0873,3.62,fail_clearcoat_budget,1,55.73,67.26,0.1204,0.902,0.289,0.037,40.74,35.54,35.63,False,True,True,True,True,True,False,spot_repaint_review,model_ppo_curved.pt
448,top,0.430,0.777,0.851,37.4,False,-2.1974,-0.5283,3.11,success,1,70.10,73.09,0.1185,0.806,0.159,0.028,48.49,44.44,35.77,True,True,True,True,True,True,True,pass,model_ppo_curved.pt
449,top,0.434,0.903,0.808,39.2,False,-0.6505,-0.3032,2.37,success,1,61.77,72.86,0.1217,0.844,0.306,0.046,47.21,44.68,35.81,True,True,True,True,True,True,True,pass,model_ppo_curved.pt
450,top,0.423,1.018,0.768,38.6,False,-0.7786,+0.1949,2.77,success,1,60.49,70.27,0.1172,0.768,0.423,0.084,42.77,37.65,35.76,True,True,True,True,True,True,True,pass,model_ppo_curved.pt
451,top,0.403,1.139,0.735,30.5,False,-2.0684,+0.0273,3.48,success,1,70.54,71.48,0.1134,0.700,0.278,0.073,43.44,39.21,35.70,True,True,True,True,True,True,True,pass,model_ppo_curved.pt
452,top,0.403,1.260,0.692,24.3,False,-4.2396,-0.4779,8.46,success,1,68.60,71.25,0.1207,0.738,0.142,0.019,42.87,37.82,35.63,True,True,True,True,True,True,True,pass,model_ppo_curved.pt
453,top,0.427,1.377,0.576,28.8,False,+3.6244,-3.4326,16.14,fail_force_overload,0,66.03,68.59,0.1478,0.866,0.206,0.094,42.12,38.70,35.02,False,True,True,True,True,True,False,spot_repaint_review,model_ppo_curved.pt
454,top,0.501,-1.245,0.539,28.7,False,-3.2719,-0.3194,3.01,success,1,66.81,72.92,0.1350,1.094,0.124,0.025,46.80,43.93,35.51,True,True,True,True,True,True,True,pass,model_ppo_curved.pt
455,top,0.517,-1.136,0.578,23.6,False,-2.8819,-1.4162,4.92,success,1,72.19,72.61,0.1197,0.749,0.494,0.096,45.95,40.59,35.74,True,True,True,True,True,True,True,pass,model_ppo_curved.pt
456,top,0.544,-1.020,0.593,22.7,False,-2.2676,-0.1191,4.15,fail_quality_regression,2,65.49,62.67,0.1522,1.163,0.260,0.009,41.09,36.21,35.79,False,True,True,True,True,True,False,rework_candidate,model_ppo_curved.pt
457,top,0.543,-0.903,0.613,17.0,False,-1.2618,-0.3690,3.95,success,1,66.80,72.84,0.1203,0.902,0.296,0.058,47.39,43.08,35.82,True,True,True,True,True,True,True,pass,model_ppo_curved.pt
458,top,0.540,-0.781,0.626,14.7,False,-0.5860,-0.0163,2.98,success,1,73.66,73.60,0.1183,0.855,0.411,0.040,47.48,43.41,35.75,True,True,True,True,True,True,True,pass,model_ppo_curved.pt
459,top,0.541,-0.661,0.634,15.8,False,-0.3671,-0.2869,2.47,fail_clearcoat_budget,1,63.57,65.26,0.1127,0.760,0.396,0.051,40.28,35.36,35.83,False,True,True,True,True,True,False,spot_repaint_review,model_ppo_curved.pt
460,top,0.539,-0.541,0.638,15.8,False,-0.4444,+0.0515,1.86,success,1,71.46,72.76,0.1223,0.789,0.236,0.019,45.97,41.88,35.80,True,True,True,True,True,True,True,pass,model_ppo_curved.pt
461,top,0.543,-0.422,0.641,15.4,False,-1.1126,-0.0604,2.41,success,1,75.60,74.03,0.1338,0.806,0.173,0.003,48.36,45.97,35.77,True,True,True,True,True,True,True,pass,model_ppo_curved.pt
462,top,0.546,-0.304,0.643,15.4,False,-1.2776,-0.0750,2.38,success,1,73.97,71.02,0.1277,0.853,0.399,0.123,43.01,37.78,35.69,True,True,True,True,True,True,True,pass,model_ppo_curved.pt
463,top,0.567,-0.186,0.639,25.1,False,-0.8915,+0.7058,4.64,success,1,67.97,72.06,0.1197,0.723,0.319,0.050,45.37,40.01,35.92,True,True,True,True,True,True,True,pass,model_ppo_curved.pt
464,top,0.581,-0.062,0.637,32.9,False,+0.3829,-0.2380,5.55,success,1,70.41,71.60,0.1213,0.870,0.187,0.036,44.34,38.85,35.90,True,True,True,True,True,True,True,pass,model_ppo_curved.pt
465,top,0.582,0.058,0.636,37.2,False,-2.8289,+0.0001,2.57,success,1,71.78,73.53,0.1154,0.734,0.489,0.070,49.37,45.22,35.68,True,True,True,True,True,True,True,pass,model_ppo_curved.pt
466,top,0.580,0.163,0.637,42.2,False,-1.7170,-0.0772,1.82,fail_clearcoat_budget,1,69.64,68.74,0.1264,0.826,0.477,0.075,41.27,36.02,35.73,False,True,True,True,True,True,False,rework_candidate,model_ppo_curved.pt
467,top,0.576,0.702,0.621,41.4,False,-1.9371,+0.2172,2.83,success,1,62.08,72.83,0.1163,0.731,0.443,0.059,48.83,44.81,35.83,True,True,True,True,True,True,True,pass,model_ppo_curved.pt
468,top,0.573,0.777,0.630,26.1,False,-4.3698,-0.5584,4.30,fail_clearcoat_budget,1,66.95,67.46,0.1112,0.700,0.290,0.029,40.48,35.85,35.70,False,True,True,True,True,True,False,spot_repaint_review,model_ppo_curved.pt
469,top,0.567,0.901,0.636,13.8,False,-3.6967,-0.2686,5.96,success,1,63.45,73.30,0.1192,0.816,0.458,0.070,49.45,45.23,35.50,True,True,True,True,True,True,True,pass,model_ppo_curved.pt
470,top,0.560,1.023,0.632,19.0,False,+0.5127,-0.1175,8.08,success,1,69.42,71.94,0.1222,0.876,0.600,0.189,45.70,40.09,35.88,True,True,True,True,True,True,True,pass,model_ppo_curved.pt
471,top,0.543,1.137,0.626,19.8,False,-0.0036,-0.4671,7.57,success,1,71.87,72.61,0.1216,0.773,0.407,0.049,45.77,41.02,35.87,True,True,True,True,True,True,True,pass,model_ppo_curved.pt
472,top,0.515,1.255,0.613,20.4,False,-0.7019,-0.7389,7.46,success,1,71.28,72.12,0.1211,0.873,0.384,0.045,44.35,38.95,35.84,True,True,True,True,True,True,True,pass,model_ppo_curved.pt
473,top,0.495,1.366,0.548,30.6,False,-4.1109,-3.5233,21.13,fail_force_overload,0,65.61,69.81,0.1369,0.817,0.198,0.148,45.83,44.38,35.22,False,True,True,True,True,True,False,spot_repaint_review,model_ppo_curved.pt
474,top,0.617,-0.995,0.558,41.0,False,-3.5252,-0.7641,3.88,success,1,64.78,71.79,0.1173,0.873,0.516,0.063,44.42,38.85,35.56,True,True,True,True,True,True,True,pass,model_ppo_curved.pt
475,top,0.615,-0.915,0.580,42.6,False,-4.7480,-0.5193,4.26,success,1,55.01,72.95,0.1249,0.825,0.539,0.114,49.06,44.72,35.65,True,True,True,True,True,True,True,pass,model_ppo_curved.pt
476,top,0.609,-0.540,0.618,24.7,False,-7.9265,+0.1342,6.00,success,1,67.02,71.04,0.1179,0.846,0.441,0.078,43.47,38.51,35.31,True,True,True,True,True,True,True,pass,model_ppo_curved.pt
477,top,0.611,-0.418,0.620,24.8,False,-7.4941,+0.0501,4.95,fail_clearcoat_budget,1,74.33,69.36,0.1139,0.756,0.126,0.025,40.96,36.66,35.26,False,True,True,True,True,True,False,rework_candidate,model_ppo_curved.pt
478,top,0.613,-0.301,0.620,26.8,False,-7.5496,-0.0203,5.29,fail_clearcoat_budget,1,71.65,68.35,0.1220,0.797,0.160,0.044,40.55,36.21,35.26,False,True,True,True,True,True,False,rework_candidate,model_ppo_curved.pt
479,top,0.614,-0.180,0.619,30.2,False,-6.5861,+0.1414,5.93,fail_force_overload,0,65.41,67.87,0.0836,0.554,0.169,0.064,41.18,37.46,35.39,False,True,True,True,True,True,False,spot_repaint_review,model_ppo_curved.pt
480,top,0.614,-0.064,0.616,36.1,False,-6.6617,-0.0652,3.80,success,1,70.18,72.74,0.1089,0.708,0.229,0.027,44.96,42.44,35.24,True,True,True,True,True,True,True,pass,model_ppo_curved.pt
481,top,0.613,0.053,0.612,41.4,False,-5.2065,-0.0564,3.23,success,1,72.38,73.69,0.1242,0.815,0.358,0.043,49.71,44.42,35.36,True,True,True,True,True,True,True,pass,model_ppo_curved.pt
482,top,0.609,0.780,0.613,36.9,False,-4.6620,-0.8306,2.86,success,1,74.13,71.11,0.1121,0.663,0.307,0.036,41.91,39.06,35.63,True,True,True,True,True,True,True,pass,model_ppo_curved.pt
