cell_id,region,cx,cy,cz,nx,ny,nz,ux,uy,uz,vx,vy,vz
0,front,-0.50295,1.41481,0.20787,-0.67201,0.73423,-0.09649,0.74054,0.66628,-0.08756,-0.0,-0.1303,-0.99147
1,front,-0.51633,1.41854,0.30143,-0.5965,0.77725,-0.20016,0.80261,0.57765,-0.14876,-0.0,-0.24939,-0.9684
2,front,-0.5161,1.43077,0.42412,-0.31754,0.87818,0.35773,0.94825,0.29407,0.11979,0.0,0.37725,-0.92611
3,front,-0.52485,1.36868,0.53369,-0.37078,0.82914,0.4184,0.92872,0.33102,0.16704,0.0,0.45051,-0.89277
4,front,-0.42236,1.46602,0.20874,-0.39947,0.91179,0.09524,0.91675,0.39731,0.0415,0.0,0.10389,-0.99459
5,front,-0.42061,1.47239,0.30743,-0.35062,0.93358,-0.07416,0.93652,0.34952,-0.02776,-0.0,-0.07919,-0.99686
6,front,-0.41583,1.46962,0.41069,-0.29116,0.91479,0.27996,0.95667,0.27842,0.08521,0.0,0.29264,-0.95622
7,front,-0.40988,1.40074,0.58064,-0.45241,0.8495,0.27142,0.89181,0.43094,0.13769,0.0,0.30435,-0.95256
8,front,-0.37635,1.40886,0.62437,-0.5036,0.82848,0.24495,0.86394,0.48293,0.14279,0.0,0.28353,-0.95896
9,front,-0.31056,1.49541,0.21135,-0.09465,0.97816,0.18503,0.99551,0.093,0.01759,-0.0,0.18586,-0.98258
10,front,-0.30033,1.49987,0.30781,-0.0767,0.99362,-0.08273,0.99705,0.07643,-0.00636,-0.0,-0.08298,-0.99655
11,front,-0.29986,1.50016,0.42181,-0.25391,0.94243,0.21762,0.96723,0.2474,0.05713,0.0,0.22499,-0.97436
12,front,-0.28595,1.45586,0.55109,-0.27054,0.95869,0.08783,0.96271,0.26942,0.02468,0.0,0.09123,-0.99583
13,front,-0.29947,1.44132,0.63785,-0.3735,0.91011,0.17941,0.92763,0.36645,0.07224,0.0,0.19341,-0.98112
14,front,-0.16465,1.49504,0.20938,-0.00491,0.95965,0.28114,0.99999,0.00471,0.00138,0.0,0.28114,-0.95967
15,front,-0.17932,1.48558,0.30432,0.08155,0.99487,-0.05991,0.99667,-0.0814,0.0049,0.0,-0.06011,-0.99819
16,front,-0.17832,1.48989,0.42489,0.00389,0.961,0.27652,0.99999,-0.00374,-0.00108,0.0,0.27652,-0.96101
17,front,-0.18104,1.47353,0.56036,-0.13267,0.9895,0.05742,0.99116,0.13245,0.00769,-0.0,0.05793,-0.99832
18,front,-0.17769,1.47225,0.64213,-0.15377,0.98611,0.06286,0.98811,0.15346,0.00978,0.0,0.06362,-0.99797
19,front,-0.06248,1.4961,0.2077,0.00137,0.9319,0.36272,1.0,-0.00128,-0.0005,0.0,0.36272,-0.9319
20,front,-0.06172,1.48195,0.30493,0.00239,0.99747,-0.07101,1.0,-0.00239,0.00017,0.0,-0.07101,-0.99748
21,front,-0.06096,1.49357,0.42477,-0.00044,0.96009,0.27968,1.0,0.00042,0.00012,0.0,0.27968,-0.96009
22,front,-0.0667,1.48183,0.53692,-0.01245,0.99981,-0.01466,0.99992,0.01245,-0.00018,0.0,-0.01467,-0.99989
23,front,-0.06288,1.48016,0.64741,-0.01815,0.99708,0.07424,0.99984,0.0181,0.00135,0.0,0.07425,-0.99724
24,front,0.0567,1.49591,0.20849,-0.00376,0.93532,0.35378,0.99999,0.00352,0.00133,0.0,0.35378,-0.93533
25,front,0.05825,1.48216,0.30499,-0.00598,0.99735,-0.07246,0.99998,0.00596,-0.00043,0.0,-0.07246,-0.99737
26,front,0.05738,1.50077,0.42825,-0.00278,0.95237,0.30493,1.0,0.00265,0.00085,-0.0,0.30493,-0.95237
27,front,0.06509,1.48201,0.53555,0.00927,0.99976,-0.01978,0.99996,-0.00926,0.00018,-0.0,-0.01978,-0.9998
28,front,0.05944,1.47678,0.63599,0.01901,0.98509,-0.171,0.99982,-0.01873,0.00325,-0.0,-0.17103,-0.98527
29,front,0.18923,1.49425,0.21295,-0.00812,0.95621,0.29257,0.99997,0.00777,0.00238,-0.0,0.29258,-0.95624
30,front,0.17943,1.48614,0.30467,-0.08588,0.99454,-0.05933,0.99631,0.08573,-0.00511,0.0,-0.05955,-0.99823
31,front,0.17825,1.49044,0.425,-0.00709,0.96062,0.27777,0.99997,0.00681,0.00197,0.0,0.27778,-0.96065
32,front,0.17921,1.47435,0.5412,0.11802,0.99273,0.02382,0.99301,-0.11798,-0.00283,0.0,0.02399,-0.99971
33,front,0.17784,1.47297,0.64112,0.14933,0.98635,0.06932,0.98879,-0.14897,-0.01047,-0.0,0.0701,-0.99754
34,front,0.27805,1.49633,0.21622,-0.01203,0.98838,0.15153,0.99993,0.01189,0.00182,-0.0,0.15154,-0.98845
35,front,0.30028,1.49997,0.30803,0.09676,0.99066,-0.09602,0.99531,-0.09631,0.00933,0.0,-0.09647,-0.99534
36,front,0.29968,1.50138,0.4217,0.24985,0.9441,0.21508,0.96829,-0.2436,-0.0555,0.0,0.22213,-0.97502
37,front,0.28621,1.4568,0.55086,0.2802,0.9566,0.08006,0.95994,-0.27923,-0.02337,0.0,0.08341,-0.99652
38,front,0.29861,1.44302,0.63697,0.3713,0.91252,0.17158,0.92851,-0.36491,-0.06861,0.0,0.18479,-0.98278
39,front,0.44392,1.45805,0.21187,0.4819,0.87446,0.05559,0.87622,-0.48093,-0.03057,0.0,0.06344,-0.99799
40,front,0.42053,1.47141,0.30783,0.32669,0.93896,-0.10782,0.94513,-0.32456,0.03727,0.0,-0.11408,-0.99347
41,front,0.41513,1.47146,0.4103,0.29035,0.91607,0.27662,0.95692,-0.27795,-0.08393,0.0,0.28907,-0.95731
42,front,0.40705,1.40354,0.58053,0.44982,0.84161,0.29891,0.89312,-0.42388,-0.15055,-0.0,0.33468,-0.94233
43,front,0.37499,1.41204,0.62063,0.51189,0.82416,0.24234,0.85905,-0.4911,-0.1444,0.0,0.2821,-0.95939
44,front,0.50189,1.41482,0.21256,0.67414,0.72968,-0.11447,0.73861,-0.66599,0.10448,0.0,-0.15499,-0.98792
45,front,0.51373,1.42059,0.30042,0.60077,0.77234,-0.20634,0.79943,-0.58041,0.15506,-0.0,-0.25811,-0.96612
46,front,0.51349,1.43468,0.4223,0.31634,0.88424,0.34358,0.94864,-0.29487,-0.11457,0.0,0.36218,-0.93211
47,front,0.52264,1.37033,0.53618,0.40743,0.80499,0.43127,0.91324,-0.35914,-0.1924,0.0,0.47224,-0.88147
48,rear,-0.50604,-1.33313,0.17109,-0.60784,-0.79207,-0.05609,0.79406,-0.60633,-0.04294,0.0,-0.07064,0.9975
49,rear,-0.42072,-1.37364,0.1581,-0.2855,-0.95172,-0.11278,0.95838,-0.28351,-0.0336,0.0,-0.11768,0.99305
50,rear,-0.42112,-1.40658,0.31472,-0.33014,-0.92286,-0.19835,0.94393,-0.32277,-0.06937,0.0,-0.21013,0.97767
51,rear,-0.42348,-1.41691,0.37491,-0.35482,-0.92815,0.11241,0.93493,-0.35225,0.04266,0.0,0.12024,0.99275
52,rear,-0.30802,-1.40439,0.18813,-0.26037,-0.9655,-0.00367,0.96551,-0.26036,-0.00099,0.0,-0.0038,0.99999
53,rear,-0.30196,-1.44018,0.31107,-0.28944,-0.92226,-0.25625,0.9572,-0.27887,-0.07748,0.0,-0.26771,0.9635
54,rear,-0.29714,-1.44073,0.41944,-0.11604,-0.97241,0.20235,0.99324,-0.11361,0.02364,0.0,0.20373,0.97903
55,rear,-0.2975,-1.42451,0.49241,-0.27577,-0.77212,0.57252,0.96122,-0.22152,0.16425,0.0,0.59561,0.80327
56,rear,-0.17902,-1.4278,0.18299,-0.13814,-0.98473,-0.10594,0.99041,-0.13735,-0.01478,0.0,-0.10697,0.99426
57,rear,-0.1801,-1.47304,0.31462,-0.16634,-0.9593,-0.22821,0.98607,-0.16183,-0.0385,-0.0,-0.23144,0.97285
58,rear,-0.17721,-1.42635,0.41678,-0.08969,-0.99542,0.0332,0.99597,-0.08964,0.00299,-0.0,0.03333,0.99944
59,rear,-0.17942,-1.45589,0.49721,-0.19963,-0.8613,0.46725,0.97987,-0.17547,0.09519,-0.0,0.47684,0.87899
60,rear,-0.06328,-1.43992,0.18105,-0.04283,-0.989,-0.14159,0.99908,-0.0424,-0.00607,0.0,-0.14172,0.98991
61,rear,-0.06093,-1.48715,0.31328,-0.09727,-0.96687,-0.23601,0.99526,-0.09449,-0.02306,0.0,-0.23713,0.97148
62,rear,-0.0624,-1.44715,0.41738,-0.1923,-0.97969,0.05679,0.98134,-0.19198,0.01113,0.0,0.05787,0.99832
63,rear,-0.06279,-1.47538,0.49681,-0.10026,-0.87027,0.48227,0.99496,-0.08769,0.0486,0.0,0.48471,0.87468
64,rear,0.05921,-1.43995,0.18034,0.04448,-0.98887,-0.14195,0.99901,0.04403,0.00632,-0.0,-0.14209,0.98985
65,rear,0.05736,-1.48676,0.3127,0.09491,-0.96576,-0.24144,0.99549,0.09208,0.02302,0.0,-0.24253,0.97014
66,rear,0.0564,-1.45217,0.41712,0.17717,-0.98199,0.06559,0.98418,0.17678,-0.01181,0.0,0.06665,0.99778
67,rear,0.06092,-1.47559,0.49638,0.10107,-0.87247,0.4781,0.99488,0.08864,-0.04857,0.0,0.48056,0.87696
68,rear,0.17992,-1.42684,0.18307,0.13875,-0.98495,-0.10307,0.99033,0.138,0.01444,0.0,-0.10408,0.99457
69,rear,0.18016,-1.47249,0.31528,0.17079,-0.96007,-0.22156,0.98531,0.16641,0.0384,-0.0,-0.22487,0.97439
70,rear,0.17755,-1.4262,0.41662,0.09698,-0.99473,0.03319,0.99529,0.09692,-0.00323,0.0,0.03335,0.99944
71,rear,0.1802,-1.45495,0.49733,0.20287,-0.85635,0.47488,0.97921,0.17741,-0.09838,0.0,0.48496,0.87453
72,rear,0.30877,-1.40303,0.18763,0.26464,-0.96412,0.02112,0.96435,0.26457,-0.0058,0.0,0.0219,0.99976
73,rear,0.30181,-1.439,0.31122,0.29165,-0.92282,-0.2517,0.95652,0.28137,0.07674,-0.0,-0.26314,0.96476
74,rear,0.29782,-1.43959,0.41985,0.10652,-0.9735,0.20239,0.99431,0.10429,-0.02168,0.0,0.20354,0.97907
75,rear,0.29712,-1.42341,0.49283,0.27486,-0.768,0.57847,0.96148,0.21955,-0.16537,0.0,0.60164,0.79876
76,rear,0.4216,-1.37171,0.15739,0.28029,-0.95164,-0.12578,0.95992,0.27787,0.03673,0.0,-0.13104,0.99138
77,rear,0.42092,-1.40491,0.31424,0.32139,-0.92514,-0.20207,0.94695,0.31398,0.06858,-0.0,-0.21339,0.97697
78,rear,0.42255,-1.4158,0.37526,0.35135,-0.92775,0.12584,0.93625,0.34816,-0.04722,-0.0,0.13441,0.99093
79,rear,0.51654,-1.32246,0.1784,0.60025,-0.79972,-0.01206,0.79981,0.60019,0.00905,0.0,-0.01508,0.99989
80,side_left,0.00578,-1.47549,0.41289,-0.78931,-0.61392,0.00946,-0.61388,0.78937,0.00736,-0.01198,0.0,-0.99993
81,side_left,-0.50403,-1.35182,0.31361,-0.77743,-0.61701,-0.12207,-0.60954,0.78696,-0.09571,0.15512,0.0,-0.9879
82,side_left,-0.37831,-1.37253,0.39155,-0.79522,-0.60018,0.08606,-0.5967,0.79986,0.06458,-0.1076,0.0,-0.99419
83,side_left,-0.56448,-1.25476,0.18085,-0.90064,-0.42063,-0.10914,-0.41758,0.90723,-0.0506,0.12031,0.0,-0.99274
84,side_left,-0.57083,-1.26059,0.30536,-0.84719,-0.52426,-0.08616,-0.52157,0.85156,-0.05304,0.10118,0.0,-0.99487
85,side_left,-0.57209,-1.26037,0.3901,-0.84488,-0.47603,0.24408,-0.45733,0.87943,0.13212,-0.27754,0.0,-0.96071
86,side_left,-0.53405,-1.22681,0.52261,-0.73421,-0.39685,0.55086,-0.31743,0.91789,0.23816,-0.60014,0.0,-0.79989
87,side_left,-0.58573,-1.18263,0.18414,-0.98023,0.0842,-0.17906,0.08283,0.99645,0.01513,0.1797,-0.0,-0.98372
88,side_left,-0.60674,-1.17581,0.30756,-0.98991,-0.02934,-0.1386,-0.02906,0.99957,-0.00407,0.13866,-0.0,-0.99034
89,side_left,-0.61644,-1.14737,0.42363,-0.92671,-0.35236,0.13055,-0.34892,0.93586,0.04915,-0.1395,0.0,-0.99022
90,side_left,-0.57993,-1.13566,0.52554,-0.7532,-0.39064,0.52924,-0.31963,0.92054,0.22458,-0.57492,-0.0,-0.81821
91,side_left,-0.6292,-1.03192,0.52181,-0.89646,-0.24884,0.36666,-0.23031,0.96855,0.0942,-0.37857,0.0,-0.92557
92,side_left,-0.63371,-0.89157,0.5553,-0.91284,-0.04646,0.40567,-0.04246,0.99892,0.01887,-0.40611,0.0,-0.91382
93,side_left,-0.6358,-0.77746,0.54545,-0.94744,0.01826,0.3194,0.0173,0.99983,-0.00583,-0.31945,0.0,-0.9476
94,side_left,-0.66017,-0.61488,0.30944,-0.99856,0.01287,0.052,0.01285,0.99992,-0.00067,-0.05201,0.0,-0.99865
95,side_left,-0.65215,-0.64598,0.42917,-0.99589,0.03311,0.08436,0.03299,0.99945,-0.00279,-0.0844,-0.0,-0.99643
96,side_left,-0.63346,-0.66178,0.5389,-0.96777,0.02538,0.25053,0.02457,0.99968,-0.00636,-0.25062,0.0,-0.96809
97,side_left,-0.61461,-0.65735,0.60703,-0.89592,-0.02849,0.4433,-0.02553,0.99959,0.01263,-0.44348,-0.0,-0.89629
98,side_left,-0.6631,-0.53868,0.18535,-0.99957,0.01795,0.02309,0.01794,0.99984,-0.00041,-0.0231,0.0,-0.99973
99,side_left,-0.65749,-0.53851,0.30003,-0.9974,0.04605,0.05535,0.04598,0.99894,-0.00255,-0.05541,0.0,-0.99846
100,side_left,-0.65072,-0.53847,0.41908,-0.99618,-0.00224,0.08725,-0.00223,1.0,0.0002,-0.08725,0.0,-0.99619
101,side_left,-0.63495,-0.54016,0.53764,-0.9829,-0.02784,0.18204,-0.02737,0.99961,0.00507,-0.18211,-0.0,-0.98328
102,side_left,-0.61974,-0.53822,0.60601,-0.91264,-0.04579,0.4062,-0.04183,0.99895,0.01862,-0.40662,0.0,-0.9136
103,side_left,-0.66202,-0.41853,0.18481,-0.99936,-0.00582,0.03539,-0.00581,0.99998,0.00021,-0.03539,0.0,-0.99937
104,side_left,-0.65509,-0.42043,0.29952,-0.9974,-0.01935,0.06942,-0.01931,0.99981,0.00134,-0.06944,0.0,-0.99759
105,side_left,-0.65075,-0.42557,0.41153,-0.99921,0.00272,0.03972,0.00272,1.0,-0.00011,-0.03972,0.0,-0.99921
106,side_left,-0.63983,-0.42023,0.53742,-0.98403,-0.03713,0.17409,-0.03656,0.99931,0.00647,-0.17421,0.0,-0.98471
107,side_left,-0.62406,-0.42243,0.608,-0.88256,-0.03506,0.46888,-0.03097,0.99939,0.01645,-0.46917,0.0,-0.88311
108,side_left,-0.66291,-0.30004,0.18562,-0.99995,-0.00708,0.00703,-0.00708,0.99997,5e-05,-0.00703,0.0,-0.99998
109,side_left,-0.65908,-0.30163,0.30034,-0.99861,-0.02425,0.04682,-0.02422,0.99971,0.00114,-0.04683,-0.0,-0.9989
110,side_left,-0.65244,-0.30156,0.41936,-0.99704,0.0039,0.07678,0.00389,0.99999,-0.0003,-0.07679,-0.0,-0.99705
111,side_left,-0.64049,-0.30212,0.53837,-0.98973,0.02171,0.14132,0.02149,0.99976,-0.00307,-0.14135,0.0,-0.98996
112,side_left,-0.62824,-0.30493,0.60746,-0.8955,-0.03008,0.44405,-0.02695,0.99955,0.01336,-0.44425,-0.0,-0.8959
113,side_left,-0.66421,-0.18109,0.1856,-0.99995,-0.00852,0.00438,-0.00852,0.99996,4e-05,-0.00438,0.0,-0.99999
114,side_left,-0.66108,-0.18084,0.30077,-0.99849,-0.01201,0.05369,-0.012,0.99993,0.00065,-0.0537,0.0,-0.99856
115,side_left,-0.65193,-0.18101,0.41929,-0.99504,-0.01957,0.09756,-0.01947,0.99981,0.00191,-0.09758,0.0,-0.99523
116,side_left,-0.63905,-0.18125,0.53754,-0.99315,-0.01691,0.11561,-0.0168,0.99986,0.00196,-0.11562,0.0,-0.99329
117,side_left,-0.58211,-0.16414,0.64003,-0.82261,-0.12072,0.55565,-0.10004,0.99269,0.06757,-0.55974,0.0,-0.82867
118,side_left,-0.66301,-0.06274,0.18534,-0.99955,0.02986,0.00276,0.02986,0.99955,-8e-05,-0.00276,-0.0,-1.0
119,side_left,-0.66047,-0.06263,0.30059,-0.99885,0.02296,0.04217,0.02294,0.99974,-0.00097,-0.04218,-0.0,-0.99911
120,side_left,-0.65361,-0.06269,0.41948,-0.99679,8e-05,0.08008,8e-05,1.0,-1e-05,-0.08008,0.0,-0.99679
121,side_left,-0.64135,-0.06275,0.5378,-0.99147,-0.00382,0.13029,-0.00379,0.99999,0.0005,-0.13029,-0.0,-0.99148
122,side_left,-0.5605,-0.08205,0.67008,-0.76768,-0.16033,0.62045,-0.1247,0.98706,0.10078,-0.62858,0.0,-0.77774
123,side_left,-0.51436,-0.0346,0.73812,-0.75139,-0.23515,0.61654,-0.18178,0.97196,0.14916,-0.63433,0.0,-0.77307
124,side_left,-0.65823,0.05808,0.18628,-0.99838,0.05628,0.00786,0.05628,0.99841,-0.00044,-0.00788,0.0,-0.99997
125,side_left,-0.65615,0.0581,0.29973,-0.99818,0.05399,0.02686,0.05397,0.99854,-0.00145,-0.0269,0.0,-0.99964
126,side_left,-0.65168,0.0581,0.41919,-0.99748,0.03437,0.062,0.03431,0.99941,-0.00213,-0.06203,0.0,-0.99807
127,side_left,-0.64056,0.05827,0.53806,-0.98798,0.01645,0.15372,0.01625,0.99986,-0.00253,-0.15374,-0.0,-0.98811
128,side_left,-0.49673,0.05616,0.79417,-0.74823,-0.22018,0.62584,-0.16889,0.97546,0.14126,-0.64159,0.0,-0.76705
129,side_left,-0.64856,0.18143,0.18845,-0.9962,0.08638,0.01109,0.08637,0.99626,-0.00096,-0.01113,0.0,-0.99994
130,side_left,-0.64696,0.18167,0.30022,-0.99643,0.0833,0.01357,0.08329,0.99652,-0.00113,-0.01362,0.0,-0.99991
131,side_left,-0.64509,0.1814,0.41815,-0.99736,0.0635,0.03528,0.06346,0.99798,-0.00224,-0.03535,-0.0,-0.99938
132,side_left,-0.6351,0.18165,0.54017,-0.97765,0.05094,0.20396,0.04987,0.9987,-0.0104,-0.20423,0.0,-0.97892
133,side_left,-0.60094,0.19095,0.61595,-0.73544,0.04961,0.67577,0.03653,0.99877,-0.03356,-0.6766,0.0,-0.73635
134,side_left,-0.47107,0.18058,0.85659,-0.73482,-0.10662,0.66983,-0.0788,0.9943,0.07183,-0.67367,0.0,-0.73903
135,side_left,-0.63995,0.30161,0.18698,-0.99912,0.04013,0.01192,0.04012,0.99919,-0.00048,-0.01193,0.0,-0.99993
136,side_left,-0.63888,0.30119,0.29855,-0.99949,0.032,0.00186,0.032,0.99949,-6e-05,-0.00186,0.0,-1.0
137,side_left,-0.63879,0.30226,0.41981,-0.99951,0.02528,0.01836,0.02528,0.99968,-0.00046,-0.01836,-0.0,-0.99983
138,side_left,-0.62852,0.30183,0.54222,-0.97081,0.04828,0.23493,0.04692,0.99883,-0.01135,-0.23521,0.0,-0.97195
139,side_left,-0.58685,0.30051,0.62571,-0.75669,0.03009,0.65308,0.02278,0.99955,-0.01966,-0.65337,0.0,-0.75704
140,side_left,-0.45779,0.3155,0.87911,-0.7433,0.00295,0.66895,0.00219,1.0,-0.00197,-0.66895,0.0,-0.74331
141,side_left,-0.63773,0.42097,0.18657,-0.99999,-0.00379,-0.00261,-0.00379,0.99999,-1e-05,0.00261,0.0,-1.0
142,side_left,-0.63778,0.42029,0.29834,-0.99999,0.00098,-0.00398,0.00098,1.0,0.0,0.00398,0.0,-0.99999
143,side_left,-0.63835,0.42086,0.41882,-0.99987,-0.00503,0.01553,-0.00503,0.99999,8e-05,-0.01553,-0.0,-0.99988
144,side_left,-0.6234,0.41801,0.54107,-0.9505,0.05462,0.3059,0.052,0.99851,-0.01673,-0.30636,-0.0,-0.95192
145,side_left,-0.58207,0.41994,0.62516,-0.79314,0.0304,0.60828,0.02412,0.99954,-0.0185,-0.60856,0.0,-0.7935
146,side_left,-0.4475,0.41764,0.88752,-0.7462,0.03357,0.66487,0.02507,0.99944,-0.02233,-0.66525,0.0,-0.74662
147,side_left,-0.64386,0.54111,0.1883,-0.99592,-0.08989,-0.00821,-0.08989,0.99595,-0.00074,0.00824,0.0,-0.99997
148,side_left,-0.64278,0.5408,0.29936,-0.99634,-0.08462,0.01192,-0.08461,0.99641,0.00101,-0.01196,-0.0,-0.99993
149,side_left,-0.6407,0.53999,0.41981,-0.9977,-0.03883,0.05555,-0.03877,0.99925,0.00216,-0.0556,0.0,-0.99845
150,side_left,-0.61764,0.54397,0.53752,-0.91046,-0.01307,0.4134,-0.0119,0.99991,0.0054,-0.41344,0.0,-0.91053
151,side_left,-0.57794,0.54062,0.6245,-0.81337,0.0362,0.58061,0.02946,0.99934,-0.02103,-0.581,0.0,-0.81391
152,side_left,-0.44512,0.53701,0.88341,-0.72162,0.05224,0.69031,0.03775,0.99863,-0.03611,-0.69125,-0.0,-0.72261
153,side_left,-0.65327,0.63955,0.18805,-0.99777,-0.05904,-0.03099,-0.05901,0.99826,-0.00183,0.03104,-0.0,-0.99952
154,side_left,-0.65429,0.64892,0.30352,-0.9951,-0.09727,0.01781,-0.09725,0.99526,0.00174,-0.0179,0.0,-0.99984
155,side_left,-0.65038,0.65865,0.41955,-0.9897,-0.1227,0.07382,-0.12236,0.99244,0.00913,-0.07438,0.0,-0.99723
156,side_left,-0.62843,0.66025,0.53995,-0.924,-0.1309,0.35929,-0.122,0.9914,0.04744,-0.36241,-0.0,-0.93202
157,side_left,-0.57555,0.64699,0.62222,-0.78954,0.00376,0.61369,0.00297,0.99999,-0.00231,-0.61369,0.0,-0.78954
158,side_left,-0.65945,0.74842,0.44376,-0.99819,-0.05357,0.02716,-0.05355,0.99856,0.00146,-0.0272,0.0,-0.99963
159,side_left,-0.64608,0.78011,0.53986,-0.94824,-0.11417,0.29631,-0.10897,0.99346,0.03405,-0.29826,0.0,-0.95448
160,side_left,-0.62137,0.79791,0.60553,-0.82185,-0.09255,0.56213,-0.07639,0.99571,0.05225,-0.56456,-0.0,-0.82539
161,side_left,-0.65168,0.89839,0.553,-0.94164,-0.02869,0.3354,-0.02703,0.99959,0.00963,-0.33553,-0.0,-0.94203
162,side_left,-0.61265,0.90521,0.61504,-0.82212,-0.00454,0.5693,-0.00373,0.99999,0.00258,-0.56931,0.0,-0.82212
163,side_left,-0.65007,1.02319,0.55183,-0.93934,0.0614,0.33743,0.05779,0.99811,-0.02076,-0.33807,-0.0,-0.94112
164,side_left,-0.52328,1.02118,0.66737,-0.85592,0.16382,0.49047,0.14214,0.98649,-0.08145,-0.49719,0.0,-0.86764
165,side_left,-0.47377,1.01667,0.73268,-0.7482,0.27742,0.60269,0.21604,0.96075,-0.17403,-0.62731,0.0,-0.77877
166,side_left,-0.64397,1.16786,0.44455,-0.99194,0.12566,0.0164,0.12564,0.99207,-0.00208,-0.01653,0.0,-0.99986
167,side_left,-0.62789,1.14214,0.54225,-0.88224,0.29731,0.36504,0.27473,0.95478,-0.11367,-0.38232,0.0,-0.92403
168,side_left,-0.49361,1.14299,0.66566,-0.78335,0.23133,0.57693,0.18627,0.97287,-0.13718,-0.59301,0.0,-0.80519
169,side_left,-0.60063,1.2777,0.20529,-0.94935,0.26101,-0.17496,0.25669,0.96534,0.04731,0.18125,-0.0,-0.98344
170,side_left,-0.61936,1.26901,0.30126,-0.9668,0.22254,-0.1256,0.22068,0.97492,0.02867,0.12883,0.0,-0.99167
171,side_left,-0.61931,1.25894,0.42151,-0.93263,0.31561,0.1749,0.3102,0.94889,-0.05817,-0.18432,0.0,-0.98287
172,side_left,-0.58154,1.26074,0.54267,-0.8426,0.36144,0.39922,0.32663,0.93239,-0.15476,-0.42817,0.0,-0.9037
173,side_left,-0.45982,1.26127,0.65224,-0.76058,0.31337,0.56861,0.25099,0.94963,-0.18764,-0.59877,0.0,-0.80092
174,side_left,-0.54729,1.36636,0.20507,-0.78273,0.61866,-0.06776,0.61636,0.78566,0.05336,0.08624,-0.0,-0.99627
175,side_left,-0.57268,1.36455,0.30898,-0.78315,0.59644,-0.17589,0.58194,0.80266,0.1307,0.21914,0.0,-0.97569
176,side_left,-0.57257,1.37247,0.4139,-0.86261,0.48692,0.13714,0.48089,0.87344,-0.07645,-0.15701,0.0,-0.9876
177,side_left,-0.54675,1.34298,0.53303,-0.81054,0.42913,0.39857,0.38509,0.90324,-0.18936,-0.44127,0.0,-0.89737
178,side_left,-0.40757,1.36385,0.63895,-0.6926,0.5348,0.48403,0.43836,0.84498,-0.30635,-0.57283,0.0,-0.81967
179,side_right,-0.02777,-1.47293,0.41404,0.7826,-0.6205,0.05014,0.61923,0.78421,0.03968,-0.06394,-0.0,0.99795
180,side_right,0.50784,-1.35018,0.31517,0.77652,-0.619,-0.11771,0.61201,0.78539,-0.09277,0.14988,-0.0,0.9887
181,side_right,0.38637,-1.36878,0.38855,0.79074,-0.60684,0.08048,0.60372,0.79482,0.06144,-0.10125,-0.0,0.99486
182,side_right,0.56896,-1.25332,0.17875,0.90208,-0.41719,-0.1105,0.4141,0.90882,-0.05072,0.12158,0.0,0.99258
183,side_right,0.57331,-1.2603,0.30528,0.83944,-0.53491,-0.09598,0.53144,0.84491,-0.06076,0.1136,0.0,0.99353
184,side_right,0.57656,-1.25678,0.39035,0.84127,-0.47885,0.25093,0.45887,0.8779,0.13687,-0.28583,0.0,0.95828
185,side_right,0.53653,-1.22645,0.5221,0.73437,-0.40458,0.54499,0.32489,0.9145,0.2411,-0.59594,0.0,0.80303
186,side_right,0.51913,-1.18285,0.18061,0.98637,0.01754,-0.1636,-0.01731,0.99985,0.00287,0.16363,0.0,0.98652
187,side_right,0.61017,-1.17768,0.30522,0.98971,-0.01416,-0.14236,0.01402,0.9999,-0.00202,0.14238,0.0,0.98981
188,side_right,0.61873,-1.14774,0.42617,0.91036,-0.38164,0.16002,0.37587,0.92431,0.06607,-0.17312,-0.0,0.9849
189,side_right,0.58305,-1.13553,0.52391,0.75358,-0.39392,0.52625,0.32296,0.91915,0.22554,-0.57254,0.0,0.81987
190,side_right,0.62972,-1.03331,0.52389,0.86901,-0.26301,0.41911,0.2369,0.96479,0.11425,-0.43441,-0.0,0.90072
191,side_right,0.63814,-0.89185,0.55228,0.91901,-0.03836,0.39235,0.03528,0.99926,0.01506,-0.39264,0.0,0.91969
192,side_right,0.63871,-0.7779,0.54392,0.94598,0.0222,0.32345,-0.02101,0.99975,-0.00718,-0.32353,0.0,0.94622
193,side_right,0.66617,-0.60688,0.19167,0.99998,-0.00263,0.00524,0.00263,1.0,1e-05,-0.00524,0.0,0.99999
194,side_right,0.66245,-0.61598,0.30819,0.99833,0.02068,0.05388,-0.02065,0.99979,-0.00111,-0.05389,0.0,0.99855
195,side_right,0.65452,-0.64613,0.42783,0.99569,0.03605,0.08542,-0.03592,0.99935,-0.00308,-0.08547,0.0,0.99634
196,side_right,0.63613,-0.66067,0.53705,0.96813,0.02766,0.24891,-0.02679,0.99962,-0.00689,-0.24901,0.0,0.9685
197,side_right,0.61724,-0.66255,0.60543,0.89159,-0.03009,0.45184,0.02684,0.99955,0.0136,-0.45205,0.0,0.89199
198,side_right,0.66409,-0.53852,0.18559,0.99856,0.04366,0.03101,-0.04364,0.99905,-0.00136,-0.03104,0.0,0.99952
199,side_right,0.65838,-0.53835,0.30021,0.99687,0.066,0.04343,-0.06593,0.99782,-0.00287,-0.04352,-0.0,0.99905
200,side_right,0.65273,-0.53815,0.41942,0.99635,0.00037,0.08539,-0.00037,1.0,-3e-05,-0.08539,-0.0,0.99635
201,side_right,0.63693,-0.53944,0.538,0.98263,-0.02605,0.18375,0.0256,0.99966,0.00479,-0.18382,0.0,0.98296
202,side_right,0.6215,-0.54127,0.60611,0.89624,-0.03556,0.44213,0.03189,0.99937,0.01573,-0.44241,-0.0,0.89681
203,side_right,0.66081,-0.41829,0.18483,0.99786,-0.00605,0.06511,0.00603,0.99998,0.00039,-0.06511,0.0,0.99788
204,side_right,0.65518,-0.42042,0.29951,0.99929,-0.02995,0.02297,0.02994,0.99955,0.00069,-0.02299,0.0,0.99974
205,side_right,0.65237,-0.42435,0.41201,0.99929,0.00325,0.03745,-0.00325,0.99999,-0.00012,-0.03745,0.0,0.9993
206,side_right,0.64121,-0.42077,0.53847,0.98382,-0.0316,0.17637,0.03111,0.9995,0.00558,-0.17646,0.0,0.98431
207,side_right,0.62592,-0.41937,0.60679,0.88892,-0.03441,0.45676,0.03061,0.99941,0.01573,-0.45703,0.0,0.88945
208,side_right,0.66296,-0.29963,0.18534,0.99963,-0.02194,0.01636,0.02194,0.99976,0.00036,-0.01636,0.0,0.99987
209,side_right,0.66006,-0.30155,0.30054,0.99923,-0.02484,0.03052,0.02483,0.99969,0.00076,-0.03053,-0.0,0.99953
210,side_right,0.65362,-0.30144,0.41955,0.99689,0.00903,0.07828,-0.009,0.99996,-0.00071,-0.07828,-0.0,0.99693
211,side_right,0.64161,-0.30187,0.53788,0.99012,0.02576,0.13785,-0.02551,0.99967,-0.00355,-0.1379,0.0,0.99045
212,side_right,0.62956,-0.30443,0.60729,0.88435,-0.02662,0.46606,0.02355,0.99965,0.01241,-0.46622,0.0,0.88467
213,side_right,0.66437,-0.18107,0.18565,0.99998,0.00344,0.00456,-0.00344,0.99999,-2e-05,-0.00456,-0.0,0.99999
214,side_right,0.66127,-0.18082,0.3008,0.99867,-0.00133,0.05161,0.00133,1.0,7e-05,-0.05161,0.0,0.99867
215,side_right,0.65269,-0.18097,0.41941,0.9955,-0.01631,0.09336,0.01624,0.99987,0.00152,-0.09337,-0.0,0.99563
216,side_right,0.6399,-0.1812,0.53765,0.99309,-0.01536,0.11637,0.01526,0.99988,0.00179,-0.11639,0.0,0.9932
217,side_right,0.5798,-0.16383,0.6408,0.81064,-0.13,0.57093,0.10629,0.99151,0.07486,-0.57582,-0.0,0.81758
218,side_right,0.66275,-0.06275,0.18527,0.99968,0.02529,0.00272,-0.02529,0.99968,-7e-05,-0.00273,0.0,1.0
219,side_right,0.66031,-0.06264,0.30055,0.99906,0.01954,0.03872,-0.01953,0.99981,-0.00076,-0.03873,0.0,0.99925
220,side_right,0.65396,-0.06269,0.41954,0.99696,0.00366,0.07782,-0.00365,0.99999,-0.00028,-0.07782,0.0,0.99697
221,side_right,0.64175,-0.06273,0.53785,0.99101,0.00157,0.13379,-0.00155,1.0,-0.00021,-0.13379,0.0,0.99101
222,side_right,0.55916,-0.08216,0.67019,0.76946,-0.1546,0.6197,0.12041,0.98798,0.09697,-0.62724,0.0,0.77882
223,side_right,0.51152,-0.03467,0.74043,0.7472,-0.24083,0.61942,0.18541,0.97057,0.1537,-0.63821,0.0,0.76986
224,side_right,0.65801,0.05809,0.18623,0.99811,0.0609,0.00817,-0.0609,0.99814,-0.0005,-0.00819,0.0,0.99997
225,side_right,0.65594,0.0581,0.29968,0.99792,0.05875,0.02644,-0.05873,0.99827,-0.00156,-0.02649,0.0,0.99965
226,side_right,0.65153,0.05811,0.41916,0.99736,0.03903,0.0612,-0.03895,0.99924,-0.00239,-0.06125,0.0,0.99812
227,side_right,0.64014,0.05829,0.53931,0.9853,0.02168,0.16945,-0.02136,0.99977,-0.00367,-0.16949,-0.0,0.98553
228,side_right,0.49485,0.05635,0.79528,0.7455,-0.22113,0.62875,0.16903,0.97525,0.14256,-0.64471,0.0,0.76443
229,side_right,0.64783,0.18147,0.18827,0.99593,0.08946,0.01104,-0.08945,0.99599,-0.00099,-0.01108,0.0,0.99994
230,side_right,0.64624,0.18171,0.30007,0.99617,0.08633,0.01353,-0.08632,0.99627,-0.00117,-0.01359,0.0,0.99991
231,side_right,0.64442,0.1816,0.41823,0.99718,0.06673,0.03443,-0.06669,0.99777,-0.0023,-0.03451,0.0,0.9994
232,side_right,0.63419,0.18155,0.54081,0.97614,0.05455,0.21017,-0.05333,0.99851,-0.01148,-0.21048,0.0,0.9776
233,side_right,0.59685,0.19524,0.61835,0.73461,0.05026,0.67662,-0.03697,0.99874,-0.03405,-0.67748,0.0,0.73554
234,side_right,0.46821,0.17647,0.85707,0.72898,-0.1138,0.675,0.0835,0.9935,0.07732,-0.67942,0.0,0.73375
235,side_right,0.63897,0.3017,0.18675,0.99906,0.04135,0.01299,-0.04134,0.99914,-0.00054,-0.013,0.0,0.99992
236,side_right,0.63795,0.30127,0.29837,0.99949,0.03178,0.00096,-0.03178,0.99949,-3e-05,-0.00096,0.0,1.0
237,side_right,0.63785,0.302,0.41989,0.99946,0.02697,0.01881,-0.02696,0.99964,-0.00051,-0.01882,-0.0,0.99982
238,side_right,0.62731,0.3025,0.54215,0.96889,0.05167,0.24205,-0.05013,0.99866,-0.01252,-0.24238,0.0,0.97018
239,side_right,0.58544,0.29954,0.62522,0.76097,0.03402,0.6479,-0.0259,0.99942,-0.02206,-0.64827,-0.0,0.76141
240,side_right,0.45789,0.30502,0.87645,0.75276,0.00207,0.65829,-0.00156,1.0,-0.00136,-0.65829,0.0,0.75277
241,side_right,0.63657,0.42098,0.1874,0.99999,-0.00328,0.00037,0.00328,0.99999,0.0,-0.00037,0.0,1.0
242,side_right,0.6368,0.42041,0.29814,0.99998,-0.0025,-0.00623,0.0025,1.0,-2e-05,0.00623,0.0,0.99998
243,side_right,0.63715,0.42083,0.41857,0.99984,-0.00166,0.01761,0.00166,1.0,3e-05,-0.01761,0.0,0.99984
244,side_right,0.62145,0.41738,0.54122,0.94575,0.06355,0.31863,-0.06022,0.99798,-0.02029,-0.31927,0.0,0.94766
245,side_right,0.58006,0.42137,0.62494,0.79769,0.03067,0.60228,-0.02448,0.99953,-0.01848,-0.60256,-0.0,0.79807
246,side_right,0.4454,0.42267,0.88672,0.7468,0.03851,0.66394,-0.02878,0.99926,-0.02558,-0.66443,0.0,0.74735
247,side_right,0.64248,0.54112,0.18805,0.99617,-0.08707,-0.0078,0.08707,0.9962,-0.00068,0.00783,0.0,0.99997
248,side_right,0.64123,0.54105,0.29905,0.99694,-0.07626,0.01694,0.07625,0.99709,0.0013,-0.01699,0.0,0.99986
249,side_right,0.63893,0.54027,0.41951,0.99789,-0.03717,0.0532,0.03711,0.99931,0.00198,-0.05324,0.0,0.99858
250,side_right,0.61563,0.54587,0.53834,0.91482,-0.02023,0.40336,0.01851,0.9998,0.00816,-0.40344,-0.0,0.91501
251,side_right,0.57518,0.53969,0.62491,0.81184,0.03831,0.58262,-0.03113,0.99927,-0.02234,-0.58305,0.0,0.81244
252,side_right,0.44463,0.53404,0.88095,0.73702,0.05488,0.67364,-0.04051,0.99849,-0.03703,-0.67465,0.0,0.73813
253,side_right,0.65145,0.63729,0.18933,0.99796,-0.05591,-0.03075,0.05589,0.99844,-0.00172,0.0308,-0.0,0.99953
254,side_right,0.65251,0.64783,0.30419,0.99545,-0.0937,0.01741,0.09369,0.9956,0.00164,-0.01749,-0.0,0.99985
255,side_right,0.64872,0.65902,0.41934,0.99022,-0.11879,0.07322,0.11846,0.99292,0.00876,-0.07375,0.0,0.99728
256,side_right,0.62611,0.66035,0.54041,0.92102,-0.13082,0.36689,0.12153,0.99141,0.04841,-0.37007,0.0,0.929
257,side_right,0.57268,0.64623,0.62232,0.79145,0.00833,0.61118,-0.00659,0.99997,-0.00509,-0.6112,0.0,0.79148
258,side_right,0.6572,0.74751,0.44587,0.99842,-0.04958,0.02634,0.04957,0.99877,0.00131,-0.02637,0.0,0.99965
259,side_right,0.64362,0.78018,0.53972,0.94831,-0.10791,0.29842,0.10293,0.99416,0.03239,-0.30017,0.0,0.95388
260,side_right,0.64828,0.8987,0.55359,0.94155,-0.02367,0.33603,0.02229,0.99972,0.00795,-0.33613,0.0,0.94182
261,side_right,0.60872,0.90828,0.61511,0.82212,6e-05,0.56932,-5e-05,1.0,-3e-05,-0.56932,-0.0,0.82212
262,side_right,0.64621,1.02262,0.55204,0.93764,0.06214,0.34202,-0.05838,0.99807,-0.02129,-0.34268,0.0,0.93945
263,side_right,0.52121,1.02098,0.66628,0.85726,0.16773,0.4868,-0.14585,0.98583,-0.08282,-0.49379,0.0,0.86958
264,side_right,0.46616,1.0194,0.73527,0.74012,0.28978,0.60684,-0.22408,0.95709,-0.18373,-0.63405,0.0,0.77329
265,side_right,0.64033,1.16707,0.44282,0.9938,0.11113,-0.00472,-0.11113,0.99381,0.00053,0.00475,0.0,0.99999
266,side_right,0.62471,1.14218,0.54165,0.88554,0.29398,0.35971,-0.27237,0.95581,-0.11064,-0.37634,0.0,0.92648
267,side_right,0.49108,1.14113,0.66563,0.78531,0.2292,0.57511,-0.18491,0.97338,-0.13542,-0.59084,0.0,0.80679
268,side_right,0.54865,1.27349,0.20613,0.94275,0.28085,-0.17984,-0.27588,0.95975,0.05262,0.18738,0.0,0.98229
269,side_right,0.61503,1.26665,0.29005,0.96857,0.19254,-0.15746,-0.19005,0.98129,0.0309,0.16046,0.0,0.98704
270,side_right,0.6149,1.25439,0.4341,0.92374,0.31238,0.22166,-0.30375,0.94996,-0.07289,-0.23334,0.0,0.9724
271,side_right,0.57844,1.26083,0.54223,0.84492,0.35811,0.39733,-0.32406,0.93368,-0.15239,-0.42555,0.0,0.90493
272,side_right,0.45676,1.25943,0.65304,0.76276,0.30174,0.57197,-0.24141,0.95339,-0.18103,-0.59993,0.0,0.80005
273,side_right,0.54308,1.36796,0.20396,0.78891,0.61031,-0.07169,-0.60781,0.79216,0.05524,0.09051,0.0,0.9959
274,side_right,0.56847,1.36371,0.29569,0.77961,0.59125,-0.20648,-0.57154,0.80649,0.15138,0.25603,0.0,0.96667
275,side_right,0.56681,1.36852,0.44068,0.85323,0.43242,0.29156,-0.40919,0.90167,-0.13982,-0.32335,0.0,0.94628
276,side_right,0.54225,1.34618,0.53334,0.8125,0.42802,0.39578,-0.38479,0.90377,-0.18744,-0.43792,0.0,0.89901
277,side_right,0.40422,1.36527,0.63927,0.69411,0.52672,0.49069,-0.4301,0.85004,-0.30405,-0.57726,0.0,0.81656
278,top,-0.61562,-0.99533,0.55782,-0.62454,-0.19595,0.75601,0.78099,-0.1567,0.60457,-0.0,0.96801,0.2509
279,top,-0.61596,-0.91937,0.57666,-0.65444,-0.16658,0.73754,0.75611,-0.14418,0.63836,0.0,0.97543,0.22031
280,top,-0.61041,-0.41777,0.62029,-0.43374,-0.0303,0.90053,0.90104,-0.01458,0.4335,-0.0,0.99943,0.03362
281,top,-0.61221,-0.29862,0.62098,-0.45674,0.005,0.88959,0.8896,0.00257,0.45673,-0.0,0.99998,-0.00562
282,top,-0.61364,-0.17608,0.61988,-0.51067,0.00165,0.85978,0.85978,0.00098,0.51067,0.0,1.0,-0.00191
283,top,-0.61386,-0.05997,0.61692,-0.5959,0.02571,0.80265,0.80306,0.01908,0.5956,-0.0,0.99949,-0.03201
284,top,-0.61215,0.05467,0.61343,-0.66537,0.0347,0.74571,0.74652,0.03093,0.66465,0.0,0.99892,-0.04649
285,top,-0.6087,0.77851,0.61406,-0.57317,-0.15128,0.80535,0.81943,-0.10582,0.56332,0.0,0.98281,0.18462
286,top,-0.60951,1.02909,0.61514,-0.64902,0.11737,0.75166,0.76077,0.10013,0.64125,0.0,0.98803,-0.15427
287,top,-0.49946,-1.24593,0.53994,-0.29744,-0.38374,0.87423,0.95474,-0.11955,0.27235,-0.0,0.91567,0.40193
288,top,-0.51572,-1.13634,0.57842,-0.28222,-0.285,0.91604,0.95935,-0.08384,0.26948,-0.0,0.95486,0.29707
289,top,-0.54582,-1.01994,0.59183,-0.36825,-0.17815,0.9125,0.92973,-0.07056,0.36142,0.0,0.98147,0.19161
290,top,-0.54384,-0.90332,0.61325,-0.27034,-0.14465,0.95184,0.96277,-0.04062,0.26727,0.0,0.98865,0.15024
291,top,-0.5406,-0.78165,0.62677,-0.24991,-0.07614,0.96527,0.96827,-0.01965,0.24913,0.0,0.9969,0.07863
292,top,-0.54182,-0.66017,0.63451,-0.26931,-0.04297,0.96209,0.96305,-0.01202,0.26904,-0.0,0.999,0.04462
293,top,-0.54114,-0.54096,0.63813,-0.27109,-0.02818,0.96214,0.96255,-0.00794,0.27097,-0.0,0.99957,0.02928
294,top,-0.54274,-0.4211,0.64191,-0.26511,-0.03476,0.96359,0.96422,-0.00956,0.26494,0.0,0.99935,0.03605
295,top,-0.54682,-0.30328,0.6435,-0.26955,-0.00118,0.96299,0.96299,-0.00033,0.26955,-0.0,1.0,0.00122
296,top,-0.56792,-0.18527,0.64036,-0.4169,-0.07294,0.90602,0.90895,-0.03346,0.41555,0.0,0.99677,0.08025
297,top,-0.58108,-0.06171,0.63878,-0.53313,0.00729,0.846,0.84603,0.00459,0.53311,0.0,0.99996,-0.00861
298,top,-0.58185,0.0591,0.63745,-0.59001,0.0009,0.80739,0.80739,0.00066,0.59001,-0.0,1.0,-0.00111
299,top,-0.5779,0.1684,0.6404,-0.67245,0.02037,0.73986,0.74014,0.01851,0.6722,0.0,0.99962,-0.02752
300,top,-0.5761,0.70312,0.62415,-0.66431,-0.09527,0.74136,0.74746,-0.08467,0.65889,0.0,0.99184,0.12746
301,top,-0.57437,0.77807,0.63164,-0.44625,-0.05054,0.89348,0.89491,-0.0252,0.44554,0.0,0.9984,0.05647
302,top,-0.56831,0.90132,0.63729,-0.23597,-0.00547,0.97174,0.97176,-0.00133,0.23597,0.0,0.99998,0.00563
303,top,-0.56139,1.02353,0.63371,-0.29286,0.08477,0.95239,0.95615,0.02597,0.29171,0.0,0.99606,-0.08866
304,top,-0.54659,1.13762,0.62607,-0.30415,0.13494,0.94302,0.95263,0.04308,0.30108,-0.0,0.98992,-0.14165
305,top,-0.51639,1.25645,0.61285,-0.26708,0.23791,0.93385,0.96368,0.06593,0.25881,0.0,0.96905,-0.24687
306,top,-0.49691,1.36438,0.54806,-0.19966,0.47225,0.85856,0.97986,0.09623,0.17495,-0.0,0.8762,-0.48195
307,top,-0.4029,-1.37756,0.43893,-0.18418,-0.47625,0.85981,0.98289,-0.08924,0.16111,0.0,0.87477,0.48454
308,top,-0.41871,-1.25926,0.55253,-0.18731,-0.37222,0.90905,0.9823,-0.07098,0.17334,-0.0,0.92543,0.37892
309,top,-0.41992,-1.14512,0.59713,-0.19337,-0.29945,0.93431,0.98113,-0.05902,0.18415,0.0,0.95228,0.30521
310,top,-0.42152,-1.02075,0.62203,-0.20676,-0.14773,0.96717,0.97839,-0.03122,0.20439,-0.0,0.98853,0.15099
311,top,-0.42305,-0.90086,0.63973,-0.20525,-0.13345,0.96957,0.97871,-0.02799,0.20334,0.0,0.99066,0.13635
312,top,-0.42017,-0.7792,0.6548,-0.1982,-0.10897,0.97409,0.98016,-0.02203,0.19697,0.0,0.9938,0.11117
313,top,-0.42324,-0.66071,0.66596,-0.20452,-0.05503,0.97731,0.97886,-0.0115,0.2042,0.0,0.99842,0.05622
314,top,-0.42506,-0.53911,0.66607,-0.1777,0.01852,0.98391,0.98409,0.00334,0.17766,-0.0,0.99982,-0.01882
315,top,-0.4191,-0.42304,0.66272,-0.10125,0.04594,0.9938,0.99486,0.00468,0.10115,0.0,0.99893,-0.04617
316,top,-0.41317,0.1997,0.89359,-0.39793,-0.18884,0.89777,0.91742,-0.08191,0.38941,0.0,0.97859,0.20584
317,top,-0.41093,0.29636,0.90683,-0.42497,-0.06713,0.90272,0.90521,-0.03151,0.4238,0.0,0.99725,0.07416
318,top,-0.40453,0.42311,0.91454,-0.4126,0.01018,0.91085,0.91091,0.00461,0.41258,0.0,0.99994,-0.01117
319,top,-0.40074,0.54172,0.91182,-0.41739,0.06606,0.90632,0.90873,0.03034,0.41629,0.0,0.99735,-0.0727
320,top,-0.41216,0.66316,0.88837,-0.49553,0.1532,0.85497,0.86859,0.0874,0.48776,0.0,0.98432,-0.17638
321,top,-0.4241,0.77688,0.857,-0.52582,0.2197,0.82174,0.8506,0.13581,0.50797,0.0,0.96607,-0.25829
322,top,-0.43656,0.90468,0.80744,-0.556,0.29614,0.77664,0.83118,0.1981,0.51951,0.0,0.93438,-0.35629
323,top,-0.42614,1.01858,0.76753,-0.53564,0.32866,0.77786,0.84445,0.20847,0.4934,0.0,0.92115,-0.38921
324,top,-0.4046,1.13706,0.73667,-0.41848,0.28841,0.86122,0.90822,0.13289,0.39682,-0.0,0.94824,-0.31755
325,top,-0.40194,1.25961,0.6953,-0.30186,0.27967,0.91141,0.95335,0.08855,0.28858,0.0,0.956,-0.29335
326,top,-0.4256,1.37748,0.57583,-0.27307,0.40719,0.87157,0.962,0.11558,0.2474,0.0,0.906,-0.42327
327,top,-0.29963,-1.37539,0.51176,-0.17109,-0.44846,0.87727,0.98526,-0.07788,0.15234,0.0,0.8904,0.45518
328,top,-0.30032,-1.25961,0.57254,-0.11249,-0.36623,0.9237,0.99365,-0.04146,0.10457,0.0,0.9296,0.36857
329,top,-0.30121,-1.14248,0.61699,-0.09175,-0.29806,0.95013,0.99578,-0.02746,0.08754,0.0,0.95415,0.29932
330,top,-0.30094,-1.01941,0.64245,-0.11147,-0.15373,0.9818,0.99377,-0.01724,0.11013,-0.0,0.98796,0.1547
331,top,-0.30198,-0.9015,0.65941,-0.12948,-0.11793,0.98454,0.99158,-0.0154,0.12856,-0.0,0.9929,0.11893
332,top,-0.30105,-0.78091,0.67024,-0.09972,-0.08174,0.99165,0.99502,-0.00819,0.09938,0.0,0.99662,0.08215
333,top,-0.30046,-0.66009,0.68008,-0.06514,-0.04672,0.99678,0.99788,-0.00305,0.06507,0.0,0.9989,0.04682
334,top,-0.30053,-0.53867,0.67954,-0.08084,0.02823,0.99633,0.99673,0.00229,0.0808,0.0,0.9996,-0.02832
335,top,-0.30044,-0.43366,0.67568,-0.10461,0.06112,0.99263,0.99451,0.00643,0.10441,0.0,0.99811,-0.06146
336,top,-0.30117,0.18995,0.92894,-0.24061,-0.23451,0.94187,0.97062,-0.05813,0.23348,0.0,0.97037,0.2416
337,top,-0.30303,0.29933,0.94412,-0.24498,-0.07849,0.96635,0.96953,-0.01983,0.24418,0.0,0.99672,0.08096
338,top,-0.30423,0.41989,0.94929,-0.25057,0.00595,0.96808,0.9681,0.00154,0.25057,0.0,0.99998,-0.00615
339,top,-0.30219,0.54124,0.94557,-0.24703,0.06029,0.96713,0.96901,0.01537,0.24655,0.0,0.99806,-0.06222
340,top,-0.30323,0.6603,0.92914,-0.2396,0.18074,0.9539,0.97087,0.0446,0.23541,0.0,0.98252,-0.18616
341,top,-0.29995,0.76055,0.90701,-0.21421,0.28326,0.93481,0.97679,0.06212,0.20501,0.0,0.95703,-0.28999
342,top,-0.33939,1.26778,0.71147,-0.15881,0.32503,0.93227,0.98731,0.05228,0.14996,0.0,0.94426,-0.32921
343,top,-0.30394,1.37876,0.68298,-0.04746,0.21352,0.97579,0.99887,0.01014,0.04636,0.0,0.97689,-0.21376
344,top,-0.29171,1.46298,0.52444,-0.09607,0.42171,0.90163,0.99537,0.0407,0.08702,0.0,0.90582,-0.42367
345,top,-0.1728,-1.46134,0.42055,-0.0446,-0.59233,0.80446,0.999,-0.02645,0.03592,0.0,0.80526,0.59292
346,top,-0.18046,-1.38459,0.52757,-0.10213,-0.38561,0.91699,0.99477,-0.03959,0.09414,-0.0,0.92181,0.38763
347,top,-0.18007,-1.26228,0.58327,-0.0684,-0.32335,0.9438,0.99766,-0.02217,0.06471,-0.0,0.94602,0.32411
348,top,-0.18179,-1.14302,0.62238,-0.01305,-0.26692,0.96363,0.99991,-0.00348,0.01257,0.0,0.96371,0.26694
349,top,-0.18242,-1.02032,0.64699,0.014,-0.16334,0.98647,0.9999,0.00229,-0.01381,0.0,0.98657,0.16336
350,top,-0.18113,-0.90298,0.66614,0.01685,-0.13344,0.99091,0.99986,0.00225,-0.0167,0.0,0.99105,0.13346
351,top,-0.18319,-0.78187,0.67615,0.01782,-0.05561,0.99829,0.99984,0.00099,-0.01779,-0.0,0.99845,0.05562
352,top,-0.18174,-0.66088,0.68248,-0.00311,-0.02966,0.99956,1.0,-9e-05,0.00311,0.0,0.99956,0.02966
353,top,-0.18218,-0.53751,0.68268,-0.01044,0.00322,0.99994,0.99995,3e-05,0.01044,-0.0,0.99999,-0.00322
354,top,-0.1837,-0.44852,0.68333,-0.01371,-0.01234,0.99983,0.99991,-0.00017,0.01371,0.0,0.99992,0.01234
355,top,-0.17756,0.18426,0.94183,-0.05272,-0.23224,0.97123,0.99861,-0.01226,0.05128,-0.0,0.97258,0.23257
356,top,-0.17753,0.29783,0.95906,-0.04643,-0.0923,0.99465,0.99892,-0.00429,0.04623,0.0,0.99572,0.0924
357,top,-0.1767,0.42012,0.96528,-0.02347,-0.00171,0.99972,0.99972,-4e-05,0.02347,0.0,1.0,0.00171
358,top,-0.17556,0.54062,0.96211,0.00281,0.05335,0.99857,1.0,-0.00015,-0.0028,-0.0,0.99858,-0.05335
359,top,-0.17687,0.66,0.94602,-0.01443,0.19665,0.98037,0.9999,0.00284,0.01415,0.0,0.98047,-0.19667
360,top,-0.17793,0.76551,0.92147,-0.06973,0.26752,0.96102,0.99757,0.0187,0.06718,0.0,0.96337,-0.26818
361,top,-0.18558,1.41286,0.6779,-0.00958,0.03124,0.99947,0.99995,0.0003,0.00958,0.0,0.99951,-0.03124
362,top,-0.18314,1.46981,0.57911,-0.04922,0.26954,0.96173,0.99879,0.01328,0.0474,0.0,0.9629,-0.26987
363,top,-0.07039,-1.46186,0.46579,-0.10731,-0.54138,0.8339,0.99423,-0.05843,0.09001,0.0,0.83874,0.54453
364,top,-0.06264,-1.385,0.5357,-0.05437,-0.34789,0.93596,0.99852,-0.01894,0.05096,0.0,0.93734,0.34841
365,top,-0.06172,-1.26221,0.58867,-0.03599,-0.30279,0.95238,0.99935,-0.01091,0.0343,-0.0,0.95299,0.30299
366,top,-0.06303,-1.14429,0.6247,-0.03128,-0.25139,0.96738,0.99951,-0.00787,0.03028,0.0,0.96785,0.25151
367,top,-0.06314,-1.01897,0.64809,-0.02143,-0.15293,0.988,0.99977,-0.00328,0.02118,0.0,0.98823,0.15297
368,top,-0.06308,-0.90215,0.666,-0.00784,-0.13363,0.991,0.99997,-0.00105,0.00777,0.0,0.99103,0.13363
369,top,-0.06358,-0.7837,0.67731,-0.02059,-0.07677,0.99684,0.99979,-0.00158,0.02053,-0.0,0.99705,0.07679
370,top,-0.06449,-0.66094,0.68575,-0.03177,-0.03613,0.99884,0.9995,-0.00115,0.03175,-0.0,0.99935,0.03615
371,top,-0.06346,-0.53707,0.68592,-0.03112,0.00806,0.99948,0.99952,0.00025,0.03112,0.0,0.99997,-0.00807
372,top,-0.06559,-0.45168,0.68566,-0.02034,-0.00648,0.99977,0.99979,-0.00013,0.02034,0.0,0.99998,0.00648
373,top,-0.06159,0.18161,0.94384,0.00224,-0.16487,0.98631,1.0,0.00037,-0.00221,0.0,0.98631,0.16487
374,top,-0.0626,0.29978,0.95787,0.03155,-0.0678,0.9972,0.9995,0.00214,-0.03148,0.0,0.9977,0.06784
375,top,-0.0613,0.42101,0.96152,0.01803,0.01562,0.99972,0.99984,-0.00028,-0.01803,-0.0,0.99988,-0.01562
376,top,-0.05781,0.54198,0.95662,0.00765,0.05786,0.9983,0.99997,-0.00044,-0.00764,-0.0,0.99832,-0.05786
377,top,-0.06005,0.6576,0.94365,0.00651,0.14967,0.98871,0.99998,-0.00097,-0.00644,-0.0,0.98874,-0.14968
378,top,-0.06125,0.76772,0.92474,-0.00543,0.21745,0.97606,0.99999,0.00118,0.0053,0.0,0.97607,-0.21746
379,top,-0.06379,1.41951,0.68098,-0.02875,0.02787,0.9992,0.99959,0.0008,0.02874,0.0,0.99961,-0.02788
380,top,-0.05842,1.47144,0.61802,-0.01339,0.25126,0.96783,0.99991,0.00336,0.01296,0.0,0.96791,-0.25129
381,top,0.06858,-1.46132,0.46645,0.11039,-0.5407,0.83394,0.99389,0.06005,-0.09262,0.0,0.83907,0.54403
382,top,0.05816,-1.38501,0.53613,0.05185,-0.34424,0.93745,0.99865,0.01787,-0.04867,0.0,0.93871,0.34471
383,top,0.05703,-1.26166,0.58894,0.03517,-0.3022,0.9526,0.99938,0.01063,-0.03352,0.0,0.95319,0.30238
384,top,0.0595,-1.14433,0.62472,0.0302,-0.25094,0.96753,0.99954,0.00758,-0.02924,0.0,0.96797,0.25106
385,top,0.05897,-1.01878,0.64813,0.02108,-0.1521,0.98814,0.99978,0.00321,-0.02083,-0.0,0.98836,0.15213
386,top,0.05922,-0.90197,0.66598,0.00851,-0.13291,0.99109,0.99996,0.00113,-0.00843,0.0,0.99113,0.13292
387,top,0.05872,-0.7838,0.67729,0.02033,-0.07695,0.99683,0.99979,0.00156,-0.02027,-0.0,0.99703,0.07696
388,top,0.06052,-0.6607,0.68574,0.03084,-0.03503,0.99891,0.99952,0.00108,-0.03082,0.0,0.99939,0.03504
389,top,0.05939,-0.53695,0.68589,0.03031,0.00815,0.99951,0.99954,-0.00025,-0.0303,-0.0,0.99997,-0.00815
390,top,0.06191,-0.45115,0.68558,0.02106,-0.00755,0.99975,0.99978,0.00016,-0.02106,-0.0,0.99997,0.00755
391,top,0.05729,0.18163,0.94378,0.0021,-0.16849,0.9857,1.0,0.00035,-0.00207,0.0,0.9857,0.16849
392,top,0.05687,0.29966,0.95787,-0.02796,-0.06737,0.99734,0.99961,-0.00188,0.0279,-0.0,0.99773,0.06739
393,top,0.05684,0.4208,0.96145,-0.03501,0.00921,0.99934,0.99939,0.00032,0.03501,-0.0,0.99996,-0.00922
394,top,0.05317,0.54187,0.95655,-0.00978,0.05829,0.99825,0.99995,0.00057,0.00977,0.0,0.9983,-0.0583
395,top,0.05557,0.65724,0.94368,-0.0063,0.14935,0.98876,0.99998,0.00094,0.00623,0.0,0.98878,-0.14935
396,top,0.0565,0.76819,0.92465,0.00694,0.2134,0.97694,0.99998,-0.00148,-0.00678,0.0,0.97696,-0.2134
397,top,0.05974,1.41973,0.68094,0.03052,0.03166,0.99903,0.99953,-0.00097,-0.03051,0.0,0.9995,-0.03168
398,top,0.1743,-1.46137,0.41817,0.04305,-0.58931,0.80676,0.99907,0.02539,-0.03476,0.0,0.80751,0.58986
399,top,0.17967,-1.38397,0.52777,0.103,-0.38345,0.9178,0.99468,0.03971,-0.09504,0.0,0.92271,0.3855
400,top,0.17934,-1.26244,0.58301,0.07098,-0.32164,0.9442,0.99748,0.02289,-0.06719,0.0,0.94658,0.32246
401,top,0.18208,-1.1435,0.62201,0.01663,-0.26915,0.96296,0.99986,0.00448,-0.01602,0.0,0.96309,0.26918
402,top,0.18348,-1.02093,0.64677,-0.01245,-0.16294,0.98656,0.99992,-0.00203,0.01228,0.0,0.98663,0.16296
403,top,0.18094,-0.90308,0.66601,-0.01357,-0.13412,0.99087,0.99991,-0.00182,0.01345,0.0,0.99096,0.13414
404,top,0.18345,-0.78233,0.67592,-0.01332,-0.05512,0.99839,0.99991,-0.00073,0.0133,0.0,0.99848,0.05512
405,top,0.18123,-0.66118,0.68247,0.0044,-0.03141,0.9995,0.99999,0.00014,-0.0044,0.0,0.99951,0.03141
406,top,0.18204,-0.53781,0.68253,0.01361,0.00594,0.99989,0.99991,-8e-05,-0.01361,0.0,0.99998,-0.00594
407,top,0.18485,-0.44854,0.6831,0.01582,-0.01122,0.99981,0.99987,0.00018,-0.01581,0.0,0.99994,0.01122
408,top,0.17765,0.18526,0.94166,0.05495,-0.22907,0.97186,0.99849,0.01261,-0.05349,0.0,0.97333,0.22942
409,top,0.17779,0.29741,0.95857,0.05249,-0.09146,0.99442,0.99862,0.00481,-0.05227,0.0,0.9958,0.09158
410,top,0.17596,0.4194,0.96535,0.0379,-0.00343,0.99928,0.99928,0.00013,-0.0379,0.0,0.99999,0.00343
411,top,0.17612,0.54059,0.96181,0.00871,0.0577,0.9983,0.99996,-0.0005,-0.0087,0.0,0.99833,-0.0577
412,top,0.17651,0.65884,0.94595,0.01374,0.19584,0.98054,0.99991,-0.00269,-0.01348,0.0,0.98063,-0.19586
413,top,0.17742,0.76448,0.92155,0.06748,0.26164,0.9628,0.99772,-0.0177,-0.06512,0.0,0.965,-0.26224
414,top,0.18454,1.41245,0.67794,0.00802,0.03808,0.99924,0.99997,-0.00031,-0.00802,0.0,0.99927,-0.03808
415,top,0.18472,1.46929,0.60622,0.05026,0.31175,0.94884,0.99874,-0.01569,-0.04775,0.0,0.95004,-0.31214
416,top,0.3002,-1.37484,0.51239,0.16819,-0.44469,0.87975,0.98575,0.07587,-0.1501,0.0,0.89246,0.45112
417,top,0.29955,-1.26013,0.57202,0.11447,-0.36534,0.92381,0.99343,0.0421,-0.10645,0.0,0.92992,0.36775
418,top,0.30086,-1.14299,0.61648,0.09194,-0.30033,0.9494,0.99576,0.02773,-0.08766,0.0,0.95343,0.3016
419,top,0.30159,-1.01951,0.64205,0.11275,-0.1533,0.98173,0.99362,0.0174,-0.1114,-0.0,0.98803,0.15429
420,top,0.30138,-0.90182,0.65912,0.12999,-0.11859,0.9844,0.99152,0.01555,-0.12906,0.0,0.99282,0.1196
421,top,0.30144,-0.78086,0.66984,0.0995,-0.08165,0.99168,0.99504,0.00816,-0.09916,0.0,0.99663,0.08206
422,top,0.29968,-0.66018,0.67978,0.06757,-0.04752,0.99658,0.99771,0.00322,-0.06749,0.0,0.99887,0.04762
423,top,0.30102,-0.53857,0.67915,0.0844,0.02963,0.99599,0.99643,-0.00251,-0.08436,0.0,0.99956,-0.02973
424,top,0.30117,-0.43354,0.67502,0.10473,0.06713,0.99223,0.9945,-0.00707,-0.1045,0.0,0.99772,-0.0675
425,top,0.30221,0.19022,0.92775,0.24446,-0.22808,0.94245,0.96966,0.0575,-0.2376,0.0,0.97194,0.23521
426,top,0.30277,0.29952,0.94315,0.24993,-0.07683,0.96521,0.96826,0.01983,-0.24914,0.0,0.99685,0.07935
427,top,0.30405,0.4208,0.9482,0.25633,0.00488,0.96658,0.96659,-0.00129,-0.25633,-0.0,0.99999,-0.00505
428,top,0.30183,0.54243,0.94437,0.25062,0.06168,0.96612,0.96808,-0.01597,-0.25012,0.0,0.99797,-0.06371
429,top,0.30403,0.66167,0.92765,0.24695,0.17853,0.95244,0.96903,-0.0455,-0.24272,0.0,0.98288,-0.18424
430,top,0.27931,0.74901,0.91451,0.16232,0.26355,0.95089,0.98674,-0.04336,-0.15643,0.0,0.96367,-0.26709
431,top,0.33835,1.26898,0.7107,0.1458,0.32162,0.93558,0.98931,-0.0474,-0.13788,0.0,0.94568,-0.3251
432,top,0.30359,1.37904,0.68305,0.05132,0.21526,0.97521,0.99868,-0.01106,-0.05011,-0.0,0.97649,-0.21555
433,top,0.29224,1.46386,0.51929,0.09987,0.42499,0.89967,0.995,-0.04266,-0.0903,0.0,0.90419,-0.42713
434,top,0.4038,-1.37757,0.43866,0.18687,-0.47597,0.85938,0.98238,0.09054,-0.16347,0.0,0.87479,0.48451
435,top,0.41833,-1.25946,0.55198,0.18754,-0.37353,0.90846,0.98226,0.07132,-0.17345,0.0,0.92487,0.38028
436,top,0.41986,-1.14507,0.59672,0.19271,-0.30256,0.93345,0.98126,0.05942,-0.18332,-0.0,0.95128,0.30834
437,top,0.42105,-1.02082,0.62182,0.20741,-0.14873,0.96688,0.97825,0.03153,-0.205,-0.0,0.98837,0.15204
438,top,0.42294,-0.9005,0.6394,0.2046,-0.13212,0.96989,0.97885,0.02762,-0.20272,0.0,0.99085,0.13497
439,top,0.42052,-0.77885,0.65437,0.19834,-0.10917,0.97404,0.98013,0.02209,-0.1971,-0.0,0.99378,0.11138
440,top,0.42162,-0.6606,0.66583,0.20034,-0.05486,0.97819,0.97973,0.01122,-0.20003,0.0,0.99843,0.05599
441,top,0.42289,-0.53908,0.66592,0.17507,0.02004,0.98435,0.98456,-0.00356,-0.17504,0.0,0.99979,-0.02036
442,top,0.4192,-0.42287,0.66213,0.1021,0.04576,0.99372,0.99477,-0.0047,-0.102,-0.0,0.99894,-0.046
443,top,0.41274,0.19931,0.89215,0.40085,-0.19306,0.89557,0.91614,0.08447,-0.39185,0.0,0.97754,0.21073
444,top,0.40995,0.29839,0.90603,0.42377,-0.0641,0.9035,0.90577,0.02999,-0.4227,0.0,0.99749,0.07076
445,top,0.40074,0.41891,0.91559,0.39535,0.00535,0.91851,0.91853,-0.0023,-0.39535,0.0,0.99998,-0.00583
446,top,0.40021,0.542,0.91071,0.42855,0.06675,0.90105,0.90352,-0.03166,-0.42737,0.0,0.99727,-0.07388
447,top,0.41282,0.66293,0.88587,0.50483,0.14982,0.85012,0.86322,-0.08762,-0.49717,-0.0,0.98482,-0.17356
448,top,0.43026,0.77764,0.85144,0.57079,0.20869,0.79414,0.8211,-0.14507,-0.55204,0.0,0.96716,-0.25415
449,top,0.43379,0.90375,0.80774,0.55819,0.29555,0.77529,0.82972,-0.19883,-0.52157,0.0,0.93441,-0.35621
450,top,0.42287,1.01824,0.76794,0.52834,0.33046,0.78208,0.84903,-0.20564,-0.48668,0.0,0.92115,-0.38922
451,top,0.40267,1.13904,0.7355,0.41963,0.28618,0.8614,0.9077,-0.1323,-0.39823,-0.0,0.949,-0.31529
452,top,0.4027,1.25972,0.69245,0.30281,0.27857,0.91143,0.95305,-0.08851,-0.28959,0.0,0.95633,-0.2923
453,top,0.42669,1.37677,0.57588,0.2606,0.40422,0.87675,0.96545,-0.10911,-0.23666,0.0,0.90813,-0.41868
454,top,0.50048,-1.24465,0.53961,0.28802,-0.38371,0.87739,0.95763,0.1154,-0.26388,0.0,0.91621,0.40069
455,top,0.51722,-1.13617,0.57765,0.27929,-0.28731,0.91621,0.96021,0.08357,-0.2665,0.0,0.95418,0.29922
456,top,0.54432,-1.01973,0.5925,0.34461,-0.17387,0.9225,0.93875,0.06383,-0.33864,-0.0,0.9827,0.18522
457,top,0.54266,-0.90291,0.61331,0.25425,-0.14447,0.95629,0.96714,0.03798,-0.2514,0.0,0.98878,0.14937
458,top,0.53989,-0.78149,0.6264,0.24137,-0.07602,0.96745,0.97043,0.01891,-0.24063,0.0,0.99693,0.07834
459,top,0.5409,-0.66063,0.6343,0.26853,-0.0418,0.96236,0.96327,0.01165,-0.26828,0.0,0.99906,0.04339
460,top,0.5391,-0.541,0.63809,0.27081,-0.02715,0.96225,0.96263,0.00764,-0.2707,-0.0,0.9996,0.0282
461,top,0.54318,-0.42175,0.64115,0.26369,-0.03482,0.96398,0.96461,0.00952,-0.26352,0.0,0.99935,0.0361
462,top,0.54653,-0.3033,0.6427,0.26572,0.00126,0.96405,0.96405,-0.00035,-0.26572,0.0,1.0,-0.00131
463,top,0.56742,-0.18595,0.63949,0.41789,-0.07399,0.90548,0.9085,0.03403,-0.4165,0.0,0.99668,0.08144
464,top,0.58145,-0.0619,0.63733,0.54312,0.00842,0.83961,0.83966,-0.00545,-0.54309,0.0,0.99995,-0.01003
465,top,0.58182,0.05797,0.63593,0.60383,0.00606,0.79709,0.79711,-0.00459,-0.60381,0.0,0.99997,-0.0076
466,top,0.57959,0.1628,0.6369,0.67194,0.01797,0.74039,0.74061,-0.0163,-0.67174,0.0,0.99971,-0.02426
467,top,0.57604,0.70215,0.62103,0.65429,-0.09967,0.74964,0.75624,0.08623,-0.64859,0.0,0.99128,0.13179
468,top,0.5732,0.7777,0.63012,0.43559,-0.05526,0.89845,0.90015,0.02674,-0.43476,0.0,0.99811,0.06139
469,top,0.5665,0.90111,0.63644,0.23696,-0.01189,0.97145,0.97152,0.0029,-0.23694,0.0,0.99993,0.01224
470,top,0.56041,1.02349,0.63204,0.31421,0.08784,0.94528,0.94935,-0.02907,-0.31286,0.0,0.99571,-0.09253
471,top,0.5431,1.13693,0.62567,0.31391,0.12919,0.94062,0.94945,-0.04271,-0.31099,0.0,0.9907,-0.13607
472,top,0.51539,1.25527,0.61277,0.26131,0.23051,0.93733,0.96526,-0.0624,-0.25375,0.0,0.97107,-0.23881
473,top,0.49545,1.36586,0.54771,0.19917,0.46772,0.86114,0.97996,-0.09506,-0.17502,0.0,0.87875,-0.47729
474,top,0.61682,-0.99506,0.55813,0.62696,-0.19394,0.75453,0.77905,0.15608,-0.60722,-0.0,0.96852,0.24894
475,top,0.61542,-0.91487,0.57967,0.65431,-0.1708,0.73668,0.75622,0.14778,-0.63741,0.0,0.97416,0.22586
476,top,0.60889,-0.53951,0.61828,0.41808,-0.02008,0.90819,0.90841,0.00924,-0.41798,0.0,0.99976,0.0221
477,top,0.61115,-0.41676,0.61986,0.42047,-0.02468,0.90697,0.90731,0.01144,-0.42031,0.0,0.99963,0.0272
478,top,0.61311,-0.29967,0.62001,0.44939,0.00856,0.89329,0.89333,-0.00431,-0.44937,0.0,0.99995,-0.00958
479,top,0.61389,-0.17969,0.61896,0.50281,0.00784,0.86436,0.8644,-0.00456,-0.50279,-0.0,0.99996,-0.00907
480,top,0.6142,-0.06422,0.61598,0.58951,0.0284,0.80726,0.80776,-0.02073,-0.58914,-0.0,0.99938,-0.03516
481,top,0.61295,0.05327,0.61185,0.66083,0.0377,0.74958,0.75053,-0.0332,-0.66,0.0,0.99874,-0.05023
482,top,0.60894,0.77996,0.61278,0.5817,-0.14671,0.80007,0.81341,0.10492,-0.57216,0.0,0.9836,0.18036
