condition,round,env,gu_before,gu_after,scratch_before_um,scratch_after_um,ra_before_um,ra_after_um,rz_before_um,rz_after_um,clearcoat_min_um,temperature_mean_c,temperature_peak_c,thermal_damage_peak,gu_pass,ra_pass,rz_pass,cc_pass,scratch_improved,thermal_safe,overall_pass,checkpoint
it100,0,1,55.02,59.79,1.759,0.409,0.17,0.2551,1.857,1.6,36.02,28.176,46.408,0.280941,False,False,True,True,True,True,False,learning/rl/thermal/logs/2026-08-29_02-51-36/model_100.pt
it100,0,2,51.5,62.19,1.457,0.393,0.1698,0.2447,1.748,1.568,37.94,28.177,46.397,0.26033,False,False,True,True,True,True,False,learning/rl/thermal/logs/2026-08-29_02-51-36/model_100.pt
it100,0,7,60.55,63.77,1.919,0.767,0.1499,0.2984,2.115,2.038,38.48,28.177,46.411,0.279947,False,False,False,True,True,True,False,learning/rl/thermal/logs/2026-08-29_02-51-36/model_100.pt
it100,0,6,59.39,61.01,1.536,0.218,0.1191,0.2232,1.79,1.431,36.83,28.177,46.403,0.342579,False,False,True,True,True,True,False,learning/rl/thermal/logs/2026-08-29_02-51-36/model_100.pt
it100,0,4,55.12,60.11,1.733,0.756,0.219,0.2898,2.317,2.035,36.13,28.177,46.401,0.510659,False,False,False,True,True,True,False,learning/rl/thermal/logs/2026-08-29_02-51-36/model_100.pt
it100,0,3,49.7,62.33,1.634,0.476,0.2671,0.2794,2.239,1.877,42.82,28.177,46.408,0.519667,False,False,True,True,True,True,False,learning/rl/thermal/logs/2026-08-29_02-51-36/model_100.pt
it100,0,0,48.02,53.2,1.829,0.587,0.2484,0.2553,2.241,1.862,35.68,28.177,46.41,0.503446,False,False,True,True,True,True,False,learning/rl/thermal/logs/2026-08-29_02-51-36/model_100.pt
it100,0,5,50.47,61.51,1.505,0.313,0.2293,0.2619,1.969,1.775,39.37,28.177,46.397,0.504907,False,False,True,True,True,True,False,learning/rl/thermal/logs/2026-08-29_02-51-36/model_100.pt
it150,0,7,60.55,62.63,1.919,0.743,0.1499,0.2176,2.115,1.592,38.21,28.177,46.414,0.511214,False,False,True,True,True,True,False,learning/rl/thermal/logs/2026-08-29_02-51-36/model_150.pt
it150,0,0,48.02,54.61,1.829,0.655,0.2484,0.2347,2.241,1.775,35.83,28.177,46.41,0.496293,False,False,True,True,True,True,False,learning/rl/thermal/logs/2026-08-29_02-51-36/model_150.pt
it150,0,3,49.7,63.33,1.634,0.52,0.2671,0.2398,2.239,1.646,42.62,28.177,46.413,0.481019,False,False,True,True,True,True,False,learning/rl/thermal/logs/2026-08-29_02-51-36/model_150.pt
it150,0,4,55.12,60.38,1.733,0.751,0.219,0.227,2.317,1.801,36.2,28.177,46.405,0.508683,False,False,True,True,True,True,False,learning/rl/thermal/logs/2026-08-29_02-51-36/model_150.pt
it150,0,6,59.39,60.27,1.536,0.204,0.1191,0.2007,1.79,1.293,36.77,28.177,46.411,0.514427,False,False,True,True,True,True,False,learning/rl/thermal/logs/2026-08-29_02-51-36/model_150.pt
it150,0,5,50.47,62.18,1.505,0.35,0.2293,0.2256,1.969,1.599,39.59,28.177,46.403,0.513202,False,False,True,True,True,True,False,learning/rl/thermal/logs/2026-08-29_02-51-36/model_150.pt
it150,0,2,51.5,60.94,1.457,0.383,0.1698,0.2089,1.748,1.391,37.81,28.177,46.399,0.50593,False,False,True,True,True,True,False,learning/rl/thermal/logs/2026-08-29_02-51-36/model_150.pt
it150,0,1,55.02,57.12,1.759,0.307,0.17,0.2233,1.857,1.437,35.79,28.177,46.408,0.516515,False,False,True,True,True,True,False,learning/rl/thermal/logs/2026-08-29_02-51-36/model_150.pt
it200,0,3,49.7,65.38,1.634,0.676,0.2671,0.2782,2.239,1.914,42.9,28.176,42.908,0.23351,False,False,True,True,True,True,False,learning/rl/thermal/logs/2026-08-29_02-51-36/model_200.pt
it200,0,5,50.47,62.31,1.505,0.361,0.2293,0.2647,1.969,1.771,39.49,28.178,46.414,0.459383,False,False,True,True,True,True,False,learning/rl/thermal/logs/2026-08-29_02-51-36/model_200.pt
it200,0,4,55.12,60.21,1.733,0.746,0.219,0.2464,2.317,1.884,36.08,28.177,46.404,0.448843,False,False,True,True,True,True,False,learning/rl/thermal/logs/2026-08-29_02-51-36/model_200.pt
it200,0,2,51.5,61.17,1.457,0.356,0.1698,0.2311,1.748,1.505,37.79,28.177,46.408,0.401891,False,False,True,True,True,True,False,learning/rl/thermal/logs/2026-08-29_02-51-36/model_200.pt
it200,0,7,60.55,61.87,1.919,0.657,0.1499,0.2639,2.115,1.784,37.87,28.177,46.403,0.486152,False,False,True,True,True,True,False,learning/rl/thermal/logs/2026-08-29_02-51-36/model_200.pt
it200,0,1,55.02,56.23,1.759,0.302,0.17,0.2381,1.857,1.53,35.68,28.177,46.413,0.515549,False,False,True,True,True,True,False,learning/rl/thermal/logs/2026-08-29_02-51-36/model_200.pt
it200,0,6,59.39,58.79,1.536,0.223,0.1191,0.238,1.79,1.467,36.62,28.177,46.404,0.52559,False,False,True,True,True,True,False,learning/rl/thermal/logs/2026-08-29_02-51-36/model_200.pt
it200,0,0,48.02,52.31,1.829,0.569,0.2484,0.2525,2.241,1.9,35.62,28.177,46.4,0.516674,False,False,True,True,True,True,False,learning/rl/thermal/logs/2026-08-29_02-51-36/model_200.pt
it250,0,6,59.39,68.28,1.536,0.64,0.1191,0.1838,1.79,1.275,38.11,28.185,40.45,0.082621,False,True,True,True,True,True,False,learning/rl/thermal/logs/2026-08-29_02-51-36/model_250.pt
it250,0,1,55.02,66.16,1.759,0.781,0.17,0.2201,1.857,1.575,37.63,28.183,39.809,0.070126,False,False,True,True,True,True,False,learning/rl/thermal/logs/2026-08-29_02-51-36/model_250.pt
it250,0,0,48.02,61.0,1.829,1.063,0.2484,0.2476,2.241,1.975,37.55,28.181,39.995,0.069471,False,False,True,True,True,True,False,learning/rl/thermal/logs/2026-08-29_02-51-36/model_250.pt
it250,0,7,60.55,68.02,1.919,1.122,0.1499,0.2242,2.115,1.831,39.19,28.186,40.531,0.084705,False,False,True,True,True,True,False,learning/rl/thermal/logs/2026-08-29_02-51-36/model_250.pt
it250,0,2,51.5,67.19,1.457,0.765,0.1698,0.212,1.748,1.351,39.61,28.186,40.25,0.087694,False,False,True,True,True,True,False,learning/rl/thermal/logs/2026-08-29_02-51-36/model_250.pt
it250,0,4,55.12,65.61,1.733,1.019,0.219,0.2638,2.317,2.044,37.99,28.187,40.814,0.110027,False,False,False,True,True,True,False,learning/rl/thermal/logs/2026-08-29_02-51-36/model_250.pt
it250,0,5,50.47,66.72,1.505,0.566,0.2293,0.2507,1.969,1.75,40.57,28.198,40.782,0.101678,False,False,True,True,True,True,False,learning/rl/thermal/logs/2026-08-29_02-51-36/model_250.pt
it250,0,3,49.7,65.66,1.634,0.689,0.2671,0.3083,2.239,2.189,43.21,28.177,42.182,0.166314,False,False,False,True,True,True,False,learning/rl/thermal/logs/2026-08-29_02-51-36/model_250.pt
it300,0,0,48.02,59.72,1.829,0.848,0.2484,0.2992,2.241,2.11,36.97,28.188,40.839,0.168697,False,False,False,True,True,True,False,learning/rl/thermal/logs/2026-08-29_02-51-36/model_300.pt
it300,0,1,55.02,63.21,1.759,0.62,0.17,0.2838,1.857,1.796,37.06,28.19,41.63,0.212985,False,False,True,True,True,True,False,learning/rl/thermal/logs/2026-08-29_02-51-36/model_300.pt
it300,0,6,59.39,65.25,1.536,0.495,0.1191,0.2537,1.79,1.557,37.46,28.199,41.606,0.16967,False,False,True,True,True,True,False,learning/rl/thermal/logs/2026-08-29_02-51-36/model_300.pt
it300,0,4,55.12,63.66,1.733,0.818,0.219,0.3044,2.317,2.08,37.51,28.199,42.005,0.239173,False,False,False,True,True,True,False,learning/rl/thermal/logs/2026-08-29_02-51-36/model_300.pt
it300,0,7,60.55,65.74,1.919,0.853,0.1499,0.2647,2.115,1.84,38.66,28.199,41.641,0.182218,False,False,True,True,True,True,False,learning/rl/thermal/logs/2026-08-29_02-51-36/model_300.pt
it300,0,2,51.5,64.78,1.457,0.455,0.1698,0.2731,1.748,1.654,38.82,28.199,42.179,0.236559,False,False,True,True,True,True,False,learning/rl/thermal/logs/2026-08-29_02-51-36/model_300.pt
it300,0,5,50.47,64.86,1.505,0.442,0.2293,0.284,1.969,1.934,40.12,28.203,41.725,0.214815,False,False,True,True,True,True,False,learning/rl/thermal/logs/2026-08-29_02-51-36/model_300.pt
it300,0,3,49.7,64.33,1.634,0.551,0.2671,0.3126,2.239,2.074,42.58,28.191,43.12,0.299842,False,False,False,True,True,True,False,learning/rl/thermal/logs/2026-08-29_02-51-36/model_300.pt
it350,0,0,48.02,56.92,1.829,1.581,0.2484,0.1916,2.241,2.144,38.73,25.773,40.384,0.067376,False,True,False,True,True,True,False,learning/rl/thermal/logs/2026-08-29_02-51-36/model_350.pt
it350,0,1,55.02,64.36,1.759,1.354,0.17,0.1644,1.857,1.734,39.16,25.776,42.221,0.137779,False,True,True,True,True,True,False,learning/rl/thermal/logs/2026-08-29_02-51-36/model_350.pt
it350,0,6,59.39,67.36,1.536,1.07,0.1191,0.2258,1.79,1.619,38.36,25.784,40.376,0.087315,False,False,True,True,True,True,False,learning/rl/thermal/logs/2026-08-29_02-51-36/model_350.pt
it350,0,4,55.12,62.87,1.733,1.162,0.219,0.2917,2.317,2.182,38.75,25.784,43.066,0.180431,False,False,False,True,True,True,False,learning/rl/thermal/logs/2026-08-29_02-51-36/model_350.pt
it350,0,5,50.47,63.62,1.505,0.806,0.2293,0.2602,1.969,1.944,40.95,25.799,42.299,0.14519,False,False,True,True,True,True,False,learning/rl/thermal/logs/2026-08-29_02-51-36/model_350.pt
it350,0,7,60.55,66.86,1.919,1.08,0.1499,0.1681,2.115,1.683,39.09,25.856,42.44,0.11947,False,True,True,True,True,True,False,learning/rl/thermal/logs/2026-08-29_02-51-36/model_350.pt
it350,0,2,51.5,65.97,1.457,0.603,0.1698,0.1587,1.748,1.32,39.76,25.869,43.475,0.251596,False,True,True,True,True,True,False,learning/rl/thermal/logs/2026-08-29_02-51-36/model_350.pt
it350,0,3,49.7,63.17,1.634,0.784,0.2671,0.1982,2.239,1.721,43.0,25.856,45.908,0.347296,False,True,True,True,True,True,False,learning/rl/thermal/logs/2026-08-29_02-51-36/model_350.pt
it398,0,0,48.02,59.08,1.829,1.438,0.2484,0.2596,2.241,2.16,37.9,25.796,42.007,0.119018,False,False,False,True,True,True,False,learning/rl/thermal/logs/2026-08-29_02-51-36/model_398.pt
it398,0,6,59.39,67.48,1.536,0.835,0.1191,0.2063,1.79,1.421,38.38,25.796,42.022,0.119255,False,False,True,True,True,True,False,learning/rl/thermal/logs/2026-08-29_02-51-36/model_398.pt
it398,0,1,55.02,65.0,1.759,0.931,0.17,0.2329,1.857,1.669,38.03,25.795,42.858,0.119429,False,False,True,True,True,True,False,learning/rl/thermal/logs/2026-08-29_02-51-36/model_398.pt
it398,0,2,51.5,66.08,1.457,0.947,0.1698,0.1999,1.748,1.479,39.93,25.796,43.223,0.119389,False,True,True,True,True,True,False,learning/rl/thermal/logs/2026-08-29_02-51-36/model_398.pt
it398,0,5,50.47,64.09,1.505,0.804,0.2293,0.2359,1.969,1.876,41.08,25.796,43.007,0.119469,False,False,True,True,True,True,False,learning/rl/thermal/logs/2026-08-29_02-51-36/model_398.pt
it398,0,7,60.55,66.99,1.919,1.073,0.1499,0.1904,2.115,1.764,39.07,25.841,42.122,0.138045,False,True,True,True,True,True,False,learning/rl/thermal/logs/2026-08-29_02-51-36/model_398.pt
it398,0,4,55.12,64.7,1.733,1.038,0.219,0.2148,2.317,1.961,38.42,25.844,42.616,0.165246,False,False,True,True,True,True,False,learning/rl/thermal/logs/2026-08-29_02-51-36/model_398.pt
it398,0,3,49.7,62.39,1.634,1.007,0.2671,0.3147,2.239,2.125,43.72,25.798,44.706,0.266511,False,False,False,True,True,True,False,learning/rl/thermal/logs/2026-08-29_02-51-36/model_398.pt
