region_id,region_name,cell_id,position_x_m,position_y_m,position_z_m,normal_x,normal_y,normal_z,force_n,rpm,feed_speed_mm_s,step_over_ratio,pass_count,policy_action_force,policy_action_feed,roughness_before,roughness_after,scratch_before_um,scratch_after_um,ra_before_um,ra_after_um,rz_before_um,rz_after_um,clearcoat_initial_um,clearcoat_removed_um,clearcoat_remaining_um,clearcoat_remaining_min_um,gu_proxy_before,gu_proxy_after,gu_target_pass,ra_target_pass,rz_target_pass,scratch_improved,clearcoat_safe,overall_pass,failure_reason,tilt_deg,is_side,evaluation_mode,surface_seed,process_time_s,episode_completed,repolish_episodes
R1,bonnet,0,1.700,-0.480,0.960,-0.1000,0.0000,0.9950,7.444,5436,5.150,0.1840,2,+0.992,-0.268,0.2161,0.1810,1.3018,0.5754,0.1255,0.1428,1.6812,1.2854,44.67,1.9366,42.73,40.12,61.71,70.27,True,True,True,True,True,True,,5.7,False,flat_trained_bc_ppo_terminal_policy_inference,7101,279.7,True,0
R1,bonnet,1,1.700,-0.240,0.960,-0.1000,0.0000,0.9950,7.441,5436,5.016,0.1840,2,+0.988,-0.313,0.1954,0.1776,0.9629,0.3540,0.1347,0.1420,1.3657,1.0712,47.91,1.9866,45.92,43.13,61.12,71.81,True,True,True,True,True,True,,5.7,False,flat_trained_bc_ppo_terminal_policy_inference,7102,287.1,True,0
R1,bonnet,2,1.700,0.000,0.960,-0.1000,0.0000,0.9950,7.443,5436,4.963,0.1840,2,+0.990,-0.331,0.1653,0.1840,0.6206,0.1051,0.1195,0.1470,1.0088,0.9361,46.53,2.0088,44.52,41.45,55.77,71.41,True,True,True,True,True,True,,5.7,False,flat_trained_bc_ppo_terminal_policy_inference,7103,290.2,True,0
R1,bonnet,3,1.700,0.240,0.960,-0.1000,0.0000,0.9950,6.890,5436,3.953,0.1840,4,+0.665,-0.670,0.3071,0.2860,1.7980,0.1432,0.1845,0.2144,2.1751,1.6074,49.20,4.6665,44.53,40.73,57.50,67.80,False,False,True,True,True,False,gu_below_target(67.8<70);ra_above_target(0.214>0.20),5.7,False,flat_trained_bc_ppo_terminal_policy_inference,7104,728.4,True,1
R1,bonnet,4,1.700,0.480,0.960,-0.1000,0.0000,0.9950,7.445,5436,5.084,0.1840,2,+0.991,-0.290,0.1893,0.1656,1.4676,0.6595,0.1073,0.1352,1.7682,1.0878,45.15,1.9613,43.19,40.93,60.24,71.15,True,True,True,True,True,True,,5.7,False,flat_trained_bc_ppo_terminal_policy_inference,7105,283.3,True,0
R1,bonnet,5,1.900,-0.480,0.980,-0.1000,0.0000,0.9950,6.860,5436,3.768,0.1840,4,+0.645,-0.732,0.2146,0.2800,1.0375,0.0699,0.1456,0.2084,1.3758,1.4656,43.39,4.8755,38.51,35.33,49.05,59.84,False,False,True,True,True,False,gu_below_target(59.8<70);ra_above_target(0.208>0.20),5.7,False,flat_trained_bc_ppo_terminal_policy_inference,7106,764.2,True,1
R1,bonnet,6,1.900,-0.240,0.980,-0.1000,0.0000,0.9950,7.445,5436,4.960,0.1840,2,+0.990,-0.332,0.1613,0.1711,0.7176,0.1354,0.1122,0.1342,1.0729,0.8708,45.26,2.0102,43.25,40.00,55.45,70.91,True,True,True,True,True,True,,5.7,False,flat_trained_bc_ppo_terminal_policy_inference,7107,290.4,True,0
R1,bonnet,7,1.900,0.000,0.980,-0.1000,0.0000,0.9950,7.444,5436,5.193,0.1840,2,+0.992,-0.253,0.2861,0.1994,1.3410,0.5812,0.1898,0.1535,1.7697,1.3725,40.13,1.9196,38.21,35.89,50.42,64.02,False,True,True,True,True,False,gu_below_target(64.0<70);clearcoat_budget_exhausted,5.7,False,flat_trained_bc_ppo_terminal_policy_inference,7108,277.3,True,0
R1,bonnet,8,1.900,0.240,0.980,-0.1000,0.0000,0.9950,7.446,5436,4.934,0.1840,2,+0.991,-0.340,0.1914,0.1803,0.8961,0.2104,0.1342,0.1416,1.2688,0.9460,41.95,2.0214,39.93,36.94,55.08,67.98,False,True,True,True,True,False,gu_below_target(68.0<70);clearcoat_budget_exhausted,5.7,False,flat_trained_bc_ppo_terminal_policy_inference,7109,291.9,True,0
R1,bonnet,9,1.900,0.480,0.980,-0.1000,0.0000,0.9950,7.445,5436,4.989,0.1840,2,+0.990,-0.322,0.1909,0.1717,1.0593,0.3591,0.1238,0.1366,1.4694,1.0529,43.00,1.9989,41.00,38.61,57.47,70.09,True,True,True,True,True,True,,5.7,False,flat_trained_bc_ppo_terminal_policy_inference,7110,288.7,True,0
R1,bonnet,10,2.100,-0.480,1.000,-0.1000,0.0000,0.9950,7.442,5436,5.305,0.1840,2,+0.993,-0.216,0.2560,0.1885,1.6397,0.6094,0.1431,0.1487,1.9477,1.2745,47.97,1.8781,46.09,43.68,53.11,70.26,True,True,True,True,True,True,,5.7,False,flat_trained_bc_ppo_terminal_policy_inference,7111,271.5,True,0
R1,bonnet,11,2.100,-0.240,1.000,-0.1000,0.0000,0.9950,7.436,5436,5.019,0.1840,2,+0.986,-0.312,0.1791,0.1773,0.9483,0.2444,0.1210,0.1370,1.4055,0.9683,49.47,1.9845,47.49,44.95,56.64,72.42,True,True,True,True,True,True,,5.7,False,flat_trained_bc_ppo_terminal_policy_inference,7112,287.0,True,0
R1,bonnet,12,2.100,0.000,1.000,-0.1000,0.0000,0.9950,7.436,5436,5.058,0.1840,2,+0.987,-0.299,0.1952,0.1731,1.0777,0.3169,0.1202,0.1401,1.2653,0.9776,49.00,1.9694,47.03,44.44,58.98,72.11,True,True,True,True,True,True,,5.7,False,flat_trained_bc_ppo_terminal_policy_inference,7113,284.8,True,0
R1,bonnet,13,2.100,0.240,1.000,-0.1000,0.0000,0.9950,6.864,5436,3.800,0.1840,4,+0.647,-0.722,0.2434,0.2724,1.3847,0.1112,0.1452,0.2051,1.6036,1.3713,43.14,4.8378,38.30,36.70,56.91,61.90,False,False,True,True,True,False,gu_below_target(61.9<70);ra_above_target(0.205>0.20),5.7,False,flat_trained_bc_ppo_terminal_policy_inference,7114,757.7,True,1
R1,bonnet,14,2.100,0.480,1.000,-0.1000,0.0000,0.9950,7.444,5436,5.103,0.1840,2,+0.990,-0.283,0.2555,0.1960,1.3351,0.5619,0.1548,0.1534,1.7804,1.3017,42.28,1.9548,40.33,36.99,58.26,67.64,False,True,True,True,True,False,gu_below_target(67.6<70);clearcoat_budget_exhausted,5.7,False,flat_trained_bc_ppo_terminal_policy_inference,7115,282.2,True,0
R1,bonnet,15,2.300,-0.480,1.020,-0.1000,0.0000,0.9950,7.444,5436,4.920,0.1840,2,+0.991,-0.345,0.1981,0.1710,1.0995,0.4428,0.1315,0.1317,1.4792,0.9482,41.89,2.0252,39.86,36.43,66.81,68.52,False,True,True,True,True,False,gu_below_target(68.5<70);clearcoat_budget_exhausted,5.7,False,flat_trained_bc_ppo_terminal_policy_inference,7116,292.7,True,0
R1,bonnet,16,2.300,-0.240,1.020,-0.1000,0.0000,0.9950,7.445,5436,5.107,0.1840,2,+0.992,-0.282,0.2562,0.1966,1.1744,0.3915,0.1791,0.1529,1.5984,1.1681,46.22,1.9525,44.27,39.86,51.21,70.16,True,True,True,True,True,True,,5.7,False,flat_trained_bc_ppo_terminal_policy_inference,7117,282.0,True,0
R1,bonnet,17,2.300,0.000,1.020,-0.1000,0.0000,0.9950,6.856,5436,3.788,0.1840,4,+0.643,-0.726,0.2574,0.2785,1.1759,0.0659,0.1784,0.2098,1.6855,1.5165,44.70,4.8481,39.85,36.79,50.15,63.83,False,False,True,True,True,False,gu_below_target(63.8<70);ra_above_target(0.210>0.20),5.7,False,flat_trained_bc_ppo_terminal_policy_inference,7118,760.2,True,1
R1,bonnet,18,2.300,0.240,1.020,-0.1000,0.0000,0.9950,7.445,5436,4.980,0.1840,2,+0.991,-0.325,0.1656,0.1717,1.2678,0.3716,0.1111,0.1395,1.3765,0.9457,44.16,2.0017,42.16,40.35,51.37,70.70,True,True,True,True,True,True,,5.7,False,flat_trained_bc_ppo_terminal_policy_inference,7119,289.2,True,0
R1,bonnet,19,2.300,0.480,1.020,-0.1000,0.0000,0.9950,6.871,5436,3.843,0.1840,4,+0.652,-0.707,0.2569,0.2838,1.4908,0.0703,0.1556,0.2156,1.7712,1.4393,45.19,4.7888,40.40,38.48,61.28,65.72,False,False,True,True,True,False,gu_below_target(65.7<70);ra_above_target(0.216>0.20),5.7,False,flat_trained_bc_ppo_terminal_policy_inference,7120,749.3,True,1
R1,bonnet,20,2.500,-0.480,1.040,-0.1000,0.0000,0.9950,7.446,5436,4.978,0.1840,2,+0.991,-0.326,0.2301,0.1663,1.0518,0.2583,0.1590,0.1305,1.4444,0.9198,40.93,2.0038,38.93,35.48,46.69,65.18,False,True,True,True,True,False,gu_below_target(65.2<70);clearcoat_budget_exhausted,5.7,False,flat_trained_bc_ppo_terminal_policy_inference,7121,289.3,True,0
R1,bonnet,21,2.500,-0.240,1.040,-0.1000,0.0000,0.9950,7.443,5436,5.224,0.1840,2,+0.992,-0.243,0.3060,0.2135,1.8412,1.0935,0.1782,0.1541,2.2017,1.7813,40.59,1.9081,38.68,36.28,53.14,63.84,False,True,True,True,True,False,gu_below_target(63.8<70);clearcoat_budget_exhausted,5.7,False,flat_trained_bc_ppo_terminal_policy_inference,7122,275.7,True,0
R1,bonnet,22,2.500,0.000,1.040,-0.1000,0.0000,0.9950,7.444,5436,5.118,0.1840,2,+0.991,-0.278,0.2001,0.1735,1.3841,0.6116,0.1115,0.1339,1.7659,1.3722,43.14,1.9486,41.19,38.17,53.85,69.13,False,True,True,True,True,False,gu_below_target(69.1<70);clearcoat_budget_exhausted,5.7,False,flat_trained_bc_ppo_terminal_policy_inference,7123,281.4,True,0
R1,bonnet,23,2.500,0.240,1.040,-0.1000,0.0000,0.9950,7.443,5436,5.081,0.1840,2,+0.992,-0.291,0.2347,0.1952,0.9398,0.2891,0.1660,0.1572,1.5099,1.1055,47.74,1.9623,45.78,43.14,49.79,70.55,True,True,True,True,True,True,,5.7,False,flat_trained_bc_ppo_terminal_policy_inference,7124,283.5,True,0
R1,bonnet,24,2.500,0.480,1.040,-0.1000,0.0000,0.9950,6.894,5436,3.932,0.1840,4,+0.666,-0.677,0.3267,0.2942,1.6514,0.1595,0.2079,0.2212,2.0002,1.6185,46.21,4.6955,41.51,39.13,51.93,66.14,False,False,True,True,True,False,gu_below_target(66.1<70);ra_above_target(0.221>0.20),5.7,False,flat_trained_bc_ppo_terminal_policy_inference,7125,732.3,True,1
R2,roof,0,-0.080,-0.440,1.450,0.0000,0.0000,1.0000,7.442,5436,5.368,0.1840,2,+0.993,-0.195,0.3952,0.2617,1.6573,1.0080,0.2505,0.1971,2.1863,1.7018,40.24,1.8584,38.38,36.93,54.69,62.84,False,True,True,True,True,False,gu_below_target(62.8<70);clearcoat_budget_exhausted,0.0,False,flat_trained_bc_ppo_terminal_policy_inference,7202,268.3,True,0
R2,roof,1,-0.080,-0.220,1.450,0.0000,0.0000,1.0000,7.442,5436,5.009,0.1840,2,+0.989,-0.315,0.1904,0.1638,0.7542,0.2280,0.1350,0.1319,1.2128,0.9123,46.72,1.9897,44.73,41.85,52.08,70.97,True,True,True,True,True,True,,0.0,False,flat_trained_bc_ppo_terminal_policy_inference,7203,287.5,True,0
R2,roof,2,-0.080,0.000,1.450,0.0000,0.0000,1.0000,7.434,5436,4.690,0.1840,2,+0.982,-0.422,0.1112,0.1746,0.5081,0.0829,0.0813,0.1385,0.8422,0.9607,40.13,2.1226,38.01,34.60,54.45,61.98,False,True,True,True,False,False,gu_below_target(62.0<70);clearcoat_below_safe(34.6<35);clearcoat_budget_exhausted,0.0,False,flat_trained_bc_ppo_terminal_policy_inference,7204,307.1,True,0
R2,roof,3,-0.080,0.220,1.450,0.0000,0.0000,1.0000,7.444,5436,5.087,0.1840,2,+0.992,-0.289,0.2379,0.1981,1.0568,0.3645,0.1678,0.1594,1.6114,1.0761,46.01,1.9599,44.05,40.55,57.28,70.44,True,True,True,True,True,True,,0.0,False,flat_trained_bc_ppo_terminal_policy_inference,7205,283.1,True,0
R2,roof,4,-0.080,0.440,1.450,0.0000,0.0000,1.0000,7.441,5436,5.339,0.1840,2,+0.992,-0.204,0.3079,0.2038,1.7232,0.7475,0.1869,0.1546,2.0216,1.5210,49.18,1.8678,47.31,44.08,56.95,70.07,True,True,True,True,True,True,,0.0,False,flat_trained_bc_ppo_terminal_policy_inference,7206,269.8,True,0
R2,roof,5,0.160,-0.440,1.450,0.0000,0.0000,1.0000,6.897,5436,3.954,0.1840,4,+0.668,-0.670,0.3139,0.2777,1.7250,0.1173,0.2004,0.2089,2.0139,1.4738,47.88,4.6716,43.21,42.20,52.16,67.71,False,False,True,True,True,False,gu_below_target(67.7<70);ra_above_target(0.209>0.20),0.0,False,flat_trained_bc_ppo_terminal_policy_inference,7207,728.3,True,1
R2,roof,6,0.160,-0.220,1.450,0.0000,0.0000,1.0000,7.444,5436,5.143,0.1840,2,+0.992,-0.270,0.2060,0.1759,1.2281,0.3846,0.1315,0.1396,1.5528,1.1257,45.46,1.9385,43.52,39.44,57.61,70.72,True,True,True,True,True,True,,0.0,False,flat_trained_bc_ppo_terminal_policy_inference,7208,280.0,True,0
R2,roof,7,0.160,0.000,1.450,0.0000,0.0000,1.0000,7.444,5436,4.954,0.1840,2,+0.989,-0.334,0.1614,0.1597,0.7557,0.1254,0.1155,0.1257,1.1015,0.8047,45.99,2.0124,43.98,40.90,60.72,71.64,True,True,True,True,True,True,,0.0,False,flat_trained_bc_ppo_terminal_policy_inference,7209,290.7,True,0
R2,roof,8,0.160,0.220,1.450,0.0000,0.0000,1.0000,7.443,5436,4.943,0.1840,2,+0.989,-0.337,0.1430,0.1754,0.6192,0.0744,0.1022,0.1399,0.8530,0.8954,46.16,2.0166,44.14,41.82,59.20,71.89,True,True,True,True,True,True,,0.0,False,flat_trained_bc_ppo_terminal_policy_inference,7210,291.3,True,0
R2,roof,9,0.160,0.440,1.450,0.0000,0.0000,1.0000,7.444,5436,5.187,0.1840,2,+0.991,-0.255,0.2754,0.1955,1.5031,0.5932,0.1565,0.1478,1.8328,1.4159,40.68,1.9221,38.76,36.80,59.31,66.90,False,True,True,True,True,False,gu_below_target(66.9<70);clearcoat_budget_exhausted,0.0,False,flat_trained_bc_ppo_terminal_policy_inference,7211,277.7,True,0
R2,roof,10,0.400,-0.440,1.450,0.0000,0.0000,1.0000,6.891,5436,3.919,0.1840,4,+0.665,-0.682,0.3023,0.2836,1.7203,0.1234,0.1810,0.2084,1.9368,1.5268,46.28,4.7072,41.57,38.70,48.71,66.25,False,False,True,True,True,False,gu_below_target(66.2<70);ra_above_target(0.208>0.20),0.0,False,flat_trained_bc_ppo_terminal_policy_inference,7212,734.7,True,1
R2,roof,11,0.400,-0.220,1.450,0.0000,0.0000,1.0000,6.867,5436,3.812,0.1840,4,+0.650,-0.718,0.2984,0.2835,1.2550,0.1285,0.2117,0.2125,1.7795,1.5103,43.38,4.8244,38.56,35.06,53.18,60.50,False,False,True,True,True,False,gu_below_target(60.5<70);ra_above_target(0.212>0.20),0.0,False,flat_trained_bc_ppo_terminal_policy_inference,7213,755.3,True,1
R2,roof,12,0.400,0.000,1.450,0.0000,0.0000,1.0000,7.445,5436,4.843,0.1840,2,+0.990,-0.371,0.1549,0.1742,0.5784,0.1277,0.1167,0.1354,1.0044,1.0070,42.80,2.0592,40.74,36.82,53.87,68.96,False,True,True,True,True,False,gu_below_target(69.0<70);clearcoat_budget_exhausted,0.0,False,flat_trained_bc_ppo_terminal_policy_inference,7214,297.4,True,0
R2,roof,13,0.400,0.220,1.450,0.0000,0.0000,1.0000,7.444,5436,4.897,0.1840,2,+0.989,-0.353,0.1465,0.1637,0.5728,0.0974,0.1106,0.1325,0.9058,0.7793,45.55,2.0357,43.51,40.63,46.79,70.93,True,True,True,True,True,True,,0.0,False,flat_trained_bc_ppo_terminal_policy_inference,7215,294.1,True,0
R2,roof,14,0.400,0.440,1.450,0.0000,0.0000,1.0000,7.443,5436,5.041,0.1840,2,+0.991,-0.304,0.1353,0.1703,1.0830,0.2466,0.0770,0.1342,1.2321,0.9395,46.60,1.9773,44.62,43.79,59.64,72.21,True,True,True,True,True,True,,0.0,False,flat_trained_bc_ppo_terminal_policy_inference,7216,285.7,True,0
R2,roof,15,0.640,-0.440,1.450,0.0000,0.0000,1.0000,7.445,5436,4.997,0.1840,2,+0.991,-0.319,0.2026,0.1726,0.8603,0.2068,0.1399,0.1403,1.2119,0.9335,43.19,1.9952,41.19,40.58,52.55,70.00,True,True,True,True,True,True,,0.0,False,flat_trained_bc_ppo_terminal_policy_inference,7217,288.2,True,0
R2,roof,16,0.640,-0.220,1.450,0.0000,0.0000,1.0000,7.441,5436,4.917,0.1840,2,+0.989,-0.346,0.1479,0.1676,0.5261,0.0909,0.1123,0.1362,0.9381,0.7859,46.63,2.0268,44.60,41.32,54.14,71.61,True,True,True,True,True,True,,0.0,False,flat_trained_bc_ppo_terminal_policy_inference,7218,292.9,True,0
R2,roof,17,0.640,0.000,1.450,0.0000,0.0000,1.0000,7.445,5436,5.068,0.1840,2,+0.993,-0.295,0.2426,0.1945,0.9631,0.2093,0.1770,0.1569,1.4623,1.0872,45.58,1.9679,43.61,39.94,55.90,70.26,True,True,True,True,True,True,,0.0,False,flat_trained_bc_ppo_terminal_policy_inference,7219,284.2,True,0
R2,roof,18,0.640,0.220,1.450,0.0000,0.0000,1.0000,7.442,5436,5.253,0.1840,2,+0.991,-0.233,0.2697,0.1845,1.3111,0.5286,0.1658,0.1447,1.7548,1.1665,47.45,1.8977,45.55,43.02,55.02,70.31,True,True,True,True,True,True,,0.0,False,flat_trained_bc_ppo_terminal_policy_inference,7220,274.2,True,0
R2,roof,19,0.640,0.440,1.450,0.0000,0.0000,1.0000,7.443,5436,4.933,0.1840,2,+0.990,-0.341,0.1283,0.1659,0.6665,0.1091,0.0919,0.1321,0.9784,0.8166,46.50,2.0207,44.48,41.79,60.99,72.19,True,True,True,True,True,True,,0.0,False,flat_trained_bc_ppo_terminal_policy_inference,7221,292.0,True,0
R2,roof,20,0.880,-0.440,1.450,0.0000,0.0000,1.0000,6.891,5436,3.913,0.1840,4,+0.666,-0.684,0.3437,0.3023,1.6429,0.1143,0.2194,0.2282,1.9937,1.6202,43.44,4.7154,38.72,36.66,50.98,63.23,False,False,True,True,True,False,gu_below_target(63.2<70);ra_above_target(0.228>0.20),0.0,False,flat_trained_bc_ppo_terminal_policy_inference,7222,735.8,True,1
R2,roof,21,0.880,-0.220,1.450,0.0000,0.0000,1.0000,6.866,5436,3.821,0.1840,4,+0.649,-0.715,0.2597,0.2798,1.2673,0.1083,0.1774,0.2095,1.7476,1.6387,44.09,4.8119,39.28,35.36,49.43,61.19,False,False,True,True,True,False,gu_below_target(61.2<70);ra_above_target(0.209>0.20),0.0,False,flat_trained_bc_ppo_terminal_policy_inference,7223,753.5,True,1
R2,roof,22,0.880,0.000,1.450,0.0000,0.0000,1.0000,7.433,5436,5.012,0.1840,2,+0.984,-0.314,0.1711,0.1775,0.8154,0.1675,0.1239,0.1393,1.2179,0.9843,49.63,1.9866,47.64,44.74,66.75,72.65,True,True,True,True,True,True,,0.0,False,flat_trained_bc_ppo_terminal_policy_inference,7224,287.4,True,0
R2,roof,23,0.880,0.220,1.450,0.0000,0.0000,1.0000,7.443,5436,4.831,0.1840,2,+0.989,-0.375,0.1031,0.1732,0.5589,0.0797,0.0763,0.1387,0.7582,0.7832,43.68,2.0635,41.62,38.03,67.50,70.94,True,True,True,True,True,True,,0.0,False,flat_trained_bc_ppo_terminal_policy_inference,7225,298.1,True,0
R2,roof,24,0.880,0.440,1.450,0.0000,0.0000,1.0000,7.431,5436,5.009,0.1840,2,+0.983,-0.315,0.1359,0.1733,0.7782,0.1599,0.0904,0.1400,1.0195,0.8439,49.14,1.9875,47.15,46.61,55.70,72.79,True,True,True,True,True,True,,0.0,False,flat_trained_bc_ppo_terminal_policy_inference,7226,287.6,True,0
R3,door_left,0,0.020,0.850,0.595,0.0000,1.0000,0.0000,3.478,5436,4.248,0.1840,6,+0.206,-0.571,0.2810,0.1839,1.2281,0.2143,0.1802,0.1388,1.5811,1.1059,42.39,3.2901,39.10,36.35,54.65,65.27,False,True,True,True,True,False,gu_below_target(65.3<70),90.0,True,flat_trained_bc_ppo_terminal_policy_inference,7303,1017.0,True,2
R3,door_left,1,0.020,0.850,0.685,0.0000,1.0000,0.0000,3.475,5436,4.956,0.1840,2,+0.394,-0.333,0.1539,0.1025,0.6043,0.2183,0.1125,0.0806,0.9789,0.6869,47.90,0.9392,46.96,44.90,57.19,72.45,True,True,True,True,True,True,,90.0,True,flat_trained_bc_ppo_terminal_policy_inference,7304,290.6,True,0
R3,door_left,2,0.020,0.850,0.775,0.0000,1.0000,0.0000,3.475,5436,4.963,0.1840,2,+0.390,-0.331,0.1441,0.0957,0.6057,0.2957,0.0996,0.0754,0.9358,0.6434,47.58,0.9377,46.64,43.51,60.66,72.62,True,True,True,True,True,True,,90.0,True,flat_trained_bc_ppo_terminal_policy_inference,7305,290.2,True,0
R3,door_left,3,0.020,0.850,0.865,0.0000,1.0000,0.0000,3.479,5436,4.197,0.1840,6,+0.169,-0.588,0.2192,0.1746,0.9291,0.0726,0.1480,0.1267,1.3005,1.1248,42.41,3.3297,39.08,35.95,57.01,65.13,False,True,True,True,True,False,gu_below_target(65.1<70),90.0,True,flat_trained_bc_ppo_terminal_policy_inference,7306,1029.3,True,2
R3,door_left,4,0.020,0.850,0.955,0.0000,1.0000,0.0000,3.475,5436,4.915,0.1840,2,+0.360,-0.347,0.1610,0.1066,0.8562,0.4552,0.1066,0.0818,1.1723,0.8390,40.43,0.9470,39.48,35.87,53.66,67.70,False,True,True,True,True,False,gu_below_target(67.7<70);clearcoat_budget_exhausted,90.0,True,flat_trained_bc_ppo_terminal_policy_inference,7307,293.0,True,0
R3,door_left,5,0.260,0.850,0.595,0.0000,1.0000,0.0000,3.475,5436,4.832,0.1840,2,+0.320,-0.375,0.1318,0.0992,0.4057,0.1537,0.1012,0.0769,0.8325,0.5760,41.20,0.9634,40.24,38.97,55.42,71.89,True,True,True,True,True,True,,90.0,True,flat_trained_bc_ppo_terminal_policy_inference,7308,298.1,True,0
R3,door_left,6,0.260,0.850,0.685,0.0000,1.0000,0.0000,3.475,5436,4.944,0.1840,2,+0.368,-0.337,0.1786,0.1076,0.7052,0.2856,0.1358,0.0829,1.0768,0.7358,43.35,0.9416,42.41,40.06,59.57,71.37,True,True,True,True,True,True,,90.0,True,flat_trained_bc_ppo_terminal_policy_inference,7309,291.3,True,0
R3,door_left,7,0.260,0.850,0.775,0.0000,1.0000,0.0000,3.475,5436,4.846,0.1840,4,+0.417,-0.370,0.3124,0.2088,1.7567,0.8357,0.1880,0.1563,2.1217,1.5779,49.36,1.9214,47.44,45.66,59.53,70.22,True,True,True,True,True,True,,90.0,True,flat_trained_bc_ppo_terminal_policy_inference,7310,594.4,True,1
R3,door_left,8,0.260,0.850,0.865,0.0000,1.0000,0.0000,3.476,5436,4.713,0.1840,4,+0.332,-0.415,0.3123,0.1970,1.6111,0.6074,0.1867,0.1509,1.9776,1.4034,41.68,1.9761,39.70,35.80,58.20,65.66,False,True,True,True,True,False,gu_below_target(65.7<70);clearcoat_budget_exhausted,90.0,True,flat_trained_bc_ppo_terminal_policy_inference,7311,611.1,True,1
R3,door_left,9,0.260,0.850,0.955,0.0000,1.0000,0.0000,3.474,5436,4.994,0.1840,2,+0.408,-0.320,0.1859,0.1279,0.7323,0.4233,0.1308,0.0958,1.2195,0.9302,47.18,0.9320,46.25,43.20,52.89,70.75,True,True,True,True,True,True,,90.0,True,flat_trained_bc_ppo_terminal_policy_inference,7312,288.4,True,0
R3,door_left,10,0.500,0.850,0.595,0.0000,1.0000,0.0000,3.476,5436,4.787,0.1840,4,+0.386,-0.390,0.2894,0.1825,1.5869,0.6840,0.1818,0.1356,1.9881,1.3566,49.80,1.9451,47.85,44.79,61.98,71.30,True,True,True,True,True,True,,90.0,True,flat_trained_bc_ppo_terminal_policy_inference,7313,601.6,True,1
R3,door_left,11,0.500,0.850,0.685,0.0000,1.0000,0.0000,3.476,5436,4.703,0.1840,4,+0.361,-0.418,0.2425,0.1511,1.3084,0.3264,0.1604,0.1168,1.5851,1.0723,47.39,1.9791,45.41,44.66,56.08,71.79,True,True,True,True,True,True,,90.0,True,flat_trained_bc_ppo_terminal_policy_inference,7314,612.4,True,1
R3,door_left,12,0.500,0.850,0.775,0.0000,1.0000,0.0000,3.478,5436,4.227,0.1840,6,+0.198,-0.578,0.2613,0.1812,1.4175,0.2077,0.1523,0.1362,1.8340,1.0803,43.22,3.3068,39.91,38.50,57.72,67.34,False,True,True,True,True,False,gu_below_target(67.3<70),90.0,True,flat_trained_bc_ppo_terminal_policy_inference,7315,1022.1,True,2
R3,door_left,13,0.500,0.850,0.865,0.0000,1.0000,0.0000,3.476,5436,4.609,0.1840,4,+0.310,-0.450,0.2256,0.1528,1.1625,0.3303,0.1352,0.1191,1.5540,1.0339,44.62,2.0206,42.60,40.10,55.89,70.49,True,True,True,True,True,True,,90.0,True,flat_trained_bc_ppo_terminal_policy_inference,7316,624.9,True,1
R3,door_left,14,0.500,0.850,0.955,0.0000,1.0000,0.0000,3.476,5436,4.655,0.1840,4,+0.323,-0.434,0.2578,0.1692,1.3420,0.3955,0.1525,0.1279,1.7971,1.2016,44.99,2.0005,42.99,40.01,56.71,70.04,True,True,True,True,True,True,,90.0,True,flat_trained_bc_ppo_terminal_policy_inference,7317,618.7,True,1
R3,door_left,15,0.740,0.850,0.595,0.0000,1.0000,0.0000,3.477,5436,4.526,0.1840,4,+0.248,-0.478,0.1690,0.1232,0.6456,0.0540,0.1224,0.0960,1.0438,0.6475,42.89,2.0579,40.83,37.67,47.96,69.92,False,True,True,True,True,False,gu_below_target(69.9<70),90.0,True,flat_trained_bc_ppo_terminal_policy_inference,7318,636.4,True,1
R3,door_left,16,0.740,0.850,0.685,0.0000,1.0000,0.0000,3.476,5436,4.701,0.1840,4,+0.352,-0.419,0.2769,0.1538,1.5138,0.5230,0.1758,0.1159,1.8413,1.1004,46.52,1.9804,44.54,40.52,53.86,70.28,True,True,True,True,True,True,,90.0,True,flat_trained_bc_ppo_terminal_policy_inference,7319,612.6,True,1
R3,door_left,17,0.740,0.850,0.775,0.0000,1.0000,0.0000,3.476,5436,4.687,0.1840,4,+0.349,-0.423,0.2392,0.1639,1.3326,0.6161,0.1458,0.1268,1.7172,1.2032,47.72,1.9872,45.73,42.64,61.97,71.58,True,True,True,True,True,True,,90.0,True,flat_trained_bc_ppo_terminal_policy_inference,7320,614.5,True,1
R3,door_left,18,0.740,0.850,0.865,0.0000,1.0000,0.0000,3.475,5436,4.841,0.1840,2,+0.328,-0.372,0.1179,0.0881,0.5138,0.1674,0.0916,0.0698,0.7865,0.5734,42.12,0.9614,41.16,38.21,60.89,72.11,True,True,True,True,True,True,,90.0,True,flat_trained_bc_ppo_terminal_policy_inference,7321,297.5,True,0
R3,door_left,19,0.740,0.850,0.955,0.0000,1.0000,0.0000,3.478,5436,4.247,0.1840,6,+0.217,-0.572,0.2954,0.1873,1.5868,0.3484,0.1823,0.1402,1.9615,1.1819,42.06,3.2908,38.77,35.93,58.00,63.25,False,True,True,True,True,False,gu_below_target(63.2<70),90.0,True,flat_trained_bc_ppo_terminal_policy_inference,7322,1017.3,True,2
R3,door_left,20,0.980,0.850,0.595,0.0000,1.0000,0.0000,3.475,5436,4.957,0.1840,2,+0.380,-0.333,0.1676,0.1162,0.7740,0.3874,0.1134,0.0891,1.1744,0.8715,44.16,0.9390,43.22,40.98,55.87,70.93,True,True,True,True,True,True,,90.0,True,flat_trained_bc_ppo_terminal_policy_inference,7323,290.5,True,0
R3,door_left,21,0.980,0.850,0.685,0.0000,1.0000,0.0000,3.475,5436,4.974,0.1840,2,+0.403,-0.327,0.1553,0.1067,0.7763,0.4179,0.1071,0.0815,1.0970,0.8021,49.19,0.9358,48.25,45.26,60.61,72.69,True,True,True,True,True,True,,90.0,True,flat_trained_bc_ppo_terminal_policy_inference,7324,289.6,True,0
R3,door_left,22,0.980,0.850,0.775,0.0000,1.0000,0.0000,3.475,5436,4.905,0.1840,2,+0.356,-0.350,0.1517,0.0880,0.6066,0.3194,0.1143,0.0699,0.9900,0.5461,44.28,0.9487,43.33,39.64,61.20,71.85,True,True,True,True,True,True,,90.0,True,flat_trained_bc_ppo_terminal_policy_inference,7325,293.6,True,0
R3,door_left,23,0.980,0.850,0.865,0.0000,1.0000,0.0000,3.478,5436,4.267,0.1840,6,+0.222,-0.565,0.2741,0.1850,1.3415,0.1823,0.1855,0.1329,1.6441,1.1488,45.32,3.2748,42.05,40.23,52.50,68.59,False,True,True,True,True,False,gu_below_target(68.6<70),90.0,True,flat_trained_bc_ppo_terminal_policy_inference,7326,1012.5,True,2
R3,door_left,24,0.980,0.850,0.955,0.0000,1.0000,0.0000,3.475,5436,4.942,0.1840,2,+0.380,-0.338,0.1533,0.1125,0.8654,0.6043,0.1047,0.0867,1.0698,0.7314,45.75,0.9417,44.81,44.44,49.78,70.28,True,True,True,True,True,True,,90.0,True,flat_trained_bc_ppo_terminal_policy_inference,7327,291.4,True,0
R4,door_right,0,0.020,-0.850,0.595,0.0000,-1.0000,0.0000,3.475,5436,4.829,0.1840,2,+0.319,-0.376,0.1245,0.1134,0.3810,0.1055,0.0959,0.0882,0.8339,0.6607,42.03,0.9639,41.07,37.78,59.93,71.98,True,True,True,True,True,True,,90.0,True,flat_trained_bc_ppo_terminal_policy_inference,7404,298.2,True,0
R4,door_right,1,0.020,-0.850,0.685,0.0000,-1.0000,0.0000,3.476,5436,4.671,0.1840,4,+0.332,-0.429,0.2658,0.1572,1.2267,0.3198,0.1779,0.1204,1.5297,1.0336,44.88,1.9934,42.89,40.64,52.82,70.43,True,True,True,True,True,True,,90.0,True,flat_trained_bc_ppo_terminal_policy_inference,7405,616.6,True,1
R4,door_right,2,0.020,-0.850,0.775,0.0000,-1.0000,0.0000,3.475,5436,4.918,0.1840,2,+0.368,-0.346,0.1074,0.0888,0.8340,0.3132,0.0724,0.0716,0.9044,0.5592,46.79,0.9462,45.84,42.92,63.13,73.32,True,True,True,True,True,True,,90.0,True,flat_trained_bc_ppo_terminal_policy_inference,7406,292.8,True,0
R4,door_right,3,0.020,-0.850,0.865,0.0000,-1.0000,0.0000,3.476,5436,4.664,0.1840,4,+0.334,-0.431,0.2293,0.1435,0.9625,0.1354,0.1535,0.1125,1.3341,0.8208,47.77,1.9963,45.77,42.54,58.19,71.71,True,True,True,True,True,True,,90.0,True,flat_trained_bc_ppo_terminal_policy_inference,7407,617.5,True,1
R4,door_right,4,0.020,-0.850,0.955,0.0000,-1.0000,0.0000,3.478,5436,4.338,0.1840,6,+0.268,-0.541,0.3347,0.2163,1.8691,0.5062,0.1926,0.1663,2.2330,1.4506,44.85,3.2210,41.63,39.10,52.42,68.07,False,True,True,True,True,False,gu_below_target(68.1<70),90.0,True,flat_trained_bc_ppo_terminal_policy_inference,7408,995.8,True,2
R4,door_right,5,0.260,-0.850,0.595,0.0000,-1.0000,0.0000,3.475,5436,4.885,0.1840,2,+0.343,-0.357,0.1271,0.1034,0.4180,0.1431,0.0960,0.0810,0.8103,0.5886,44.95,0.9528,44.00,40.71,51.20,72.23,True,True,True,True,True,True,,90.0,True,flat_trained_bc_ppo_terminal_policy_inference,7409,294.8,True,0
R4,door_right,6,0.260,-0.850,0.685,0.0000,-1.0000,0.0000,3.475,5436,4.869,0.1840,2,+0.339,-0.362,0.1584,0.0973,0.5558,0.2534,0.1200,0.0759,1.0242,0.6656,42.35,0.9561,41.39,37.82,58.35,70.52,True,True,True,True,True,True,,90.0,True,flat_trained_bc_ppo_terminal_policy_inference,7410,295.8,True,0
R4,door_right,7,0.260,-0.850,0.775,0.0000,-1.0000,0.0000,3.475,5436,4.840,0.1840,2,+0.324,-0.372,0.1204,0.0875,0.6358,0.3096,0.0832,0.0698,0.8947,0.5489,41.10,0.9617,40.14,37.61,58.04,70.91,True,True,True,True,True,True,,90.0,True,flat_trained_bc_ppo_terminal_policy_inference,7411,297.6,True,0
R4,door_right,8,0.260,-0.850,0.865,0.0000,-1.0000,0.0000,3.476,5436,4.700,0.1840,4,+0.353,-0.419,0.2709,0.1666,1.2718,0.3173,0.1854,0.1275,1.6761,1.0480,47.40,1.9813,45.42,42.62,51.14,70.88,True,True,True,True,True,True,,90.0,True,flat_trained_bc_ppo_terminal_policy_inference,7412,612.8,True,1
R4,door_right,9,0.260,-0.850,0.955,0.0000,-1.0000,0.0000,3.475,5436,4.822,0.1840,4,+0.404,-0.378,0.3107,0.2024,1.6147,0.7385,0.1914,0.1494,2.1731,1.5825,49.76,1.9306,47.83,47.33,60.08,70.55,True,True,True,True,True,True,,90.0,True,flat_trained_bc_ppo_terminal_policy_inference,7413,597.3,True,1
R4,door_right,10,0.500,-0.850,0.595,0.0000,-1.0000,0.0000,3.478,5436,4.385,0.1840,6,+0.291,-0.525,0.3879,0.2247,1.7815,0.4016,0.2589,0.1711,2.1589,1.6048,45.06,3.1861,41.87,37.49,48.36,66.58,False,True,True,True,True,False,gu_below_target(66.6<70),90.0,True,flat_trained_bc_ppo_terminal_policy_inference,7414,985.2,True,2
R4,door_right,11,0.500,-0.850,0.685,0.0000,-1.0000,0.0000,3.478,5436,4.328,0.1840,6,+0.258,-0.544,0.3309,0.1980,1.5217,0.3523,0.2275,0.1488,1.8424,1.3182,46.44,3.2282,43.21,40.35,50.66,68.73,False,True,True,True,True,False,gu_below_target(68.7<70),90.0,True,flat_trained_bc_ppo_terminal_policy_inference,7415,998.1,True,2
R4,door_right,12,0.500,-0.850,0.775,0.0000,-1.0000,0.0000,3.474,5436,5.000,0.1840,2,+0.382,-0.318,0.2369,0.1582,1.1191,0.6984,0.1492,0.1109,1.5914,1.1766,40.16,0.9309,39.23,36.18,50.68,65.22,False,True,True,True,True,False,gu_below_target(65.2<70);clearcoat_budget_exhausted,90.0,True,flat_trained_bc_ppo_terminal_policy_inference,7416,288.1,True,0
R4,door_right,13,0.500,-0.850,0.865,0.0000,-1.0000,0.0000,3.477,5436,4.547,0.1840,4,+0.270,-0.471,0.2302,0.1556,1.2902,0.3836,0.1426,0.1209,1.5896,1.0612,40.46,2.0482,38.41,35.99,51.12,65.72,False,True,True,True,True,False,gu_below_target(65.7<70),90.0,True,flat_trained_bc_ppo_terminal_policy_inference,7417,633.4,True,1
R4,door_right,14,0.500,-0.850,0.955,0.0000,-1.0000,0.0000,3.478,5436,4.400,0.1840,6,+0.307,-0.520,0.3904,0.2372,1.8219,0.3713,0.2426,0.1815,2.2709,1.5945,47.37,3.1756,44.19,40.59,48.85,68.60,False,True,True,True,True,False,gu_below_target(68.6<70),90.0,True,flat_trained_bc_ppo_terminal_policy_inference,7418,981.9,True,2
R4,door_right,15,0.740,-0.850,0.595,0.0000,-1.0000,0.0000,3.474,5436,5.095,0.1840,2,+0.409,-0.286,0.2736,0.1726,1.1380,0.8324,0.1880,0.1195,1.6115,1.2552,40.10,0.9132,39.19,35.25,55.72,63.64,False,True,True,True,True,False,gu_below_target(63.6<70);clearcoat_budget_exhausted,90.0,True,flat_trained_bc_ppo_terminal_policy_inference,7419,282.7,True,0
R4,door_right,16,0.740,-0.850,0.685,0.0000,-1.0000,0.0000,3.475,5436,4.963,0.1840,2,+0.376,-0.331,0.1536,0.1150,0.8317,0.4459,0.0999,0.0864,1.0802,0.8240,44.11,0.9376,43.17,42.45,67.97,72.33,True,True,True,True,True,True,,90.0,True,flat_trained_bc_ppo_terminal_policy_inference,7420,290.2,True,0
R4,door_right,17,0.740,-0.850,0.775,0.0000,-1.0000,0.0000,3.475,5436,4.880,0.1840,2,+0.336,-0.358,0.1525,0.1007,0.6589,0.2696,0.1130,0.0788,0.9925,0.7404,41.16,0.9537,40.21,37.25,61.23,70.88,True,True,True,True,True,True,,90.0,True,flat_trained_bc_ppo_terminal_policy_inference,7421,295.1,True,0
R4,door_right,18,0.740,-0.850,0.865,0.0000,-1.0000,0.0000,3.478,5436,4.375,0.1840,6,+0.302,-0.529,0.3257,0.2043,1.6492,0.3372,0.1821,0.1572,1.8730,1.2274,48.80,3.1941,45.61,43.63,54.77,69.49,False,True,True,True,True,False,gu_below_target(69.5<70),90.0,True,flat_trained_bc_ppo_terminal_policy_inference,7422,987.6,True,2
R4,door_right,19,0.740,-0.850,0.955,0.0000,-1.0000,0.0000,3.476,5436,4.721,0.1840,4,+0.352,-0.412,0.2665,0.1726,1.6800,0.7275,0.1682,0.1314,2.0226,1.2810,45.22,1.9729,43.25,39.86,52.20,70.10,True,True,True,True,True,True,,90.0,True,flat_trained_bc_ppo_terminal_policy_inference,7423,610.1,True,1
R4,door_right,20,0.980,-0.850,0.595,0.0000,-1.0000,0.0000,3.477,5436,4.558,0.1840,4,+0.275,-0.467,0.2042,0.1434,0.9641,0.2374,0.1323,0.1088,1.4129,0.9082,43.53,2.0431,41.49,39.42,59.16,70.38,True,True,True,True,True,True,,90.0,True,flat_trained_bc_ppo_terminal_policy_inference,7424,631.8,True,1
R4,door_right,21,0.980,-0.850,0.685,0.0000,-1.0000,0.0000,3.476,5436,4.655,0.1840,4,+0.327,-0.434,0.2361,0.1576,0.9291,0.1770,0.1663,0.1218,1.3502,0.9107,47.46,2.0005,45.46,43.17,54.14,71.64,True,True,True,True,True,True,,90.0,True,flat_trained_bc_ppo_terminal_policy_inference,7425,618.7,True,1
R4,door_right,22,0.980,-0.850,0.775,0.0000,-1.0000,0.0000,3.475,5436,4.852,0.1840,2,+0.331,-0.368,0.1502,0.1162,0.4696,0.1900,0.1115,0.0866,1.0729,0.7959,41.27,0.9594,40.31,38.18,51.02,70.60,True,True,True,True,True,True,,90.0,True,flat_trained_bc_ppo_terminal_policy_inference,7426,296.8,True,0
R4,door_right,23,0.980,-0.850,0.865,0.0000,-1.0000,0.0000,3.478,5436,4.336,0.1840,6,+0.265,-0.541,0.3252,0.1959,1.3972,0.2433,0.2194,0.1466,1.8777,1.1255,47.42,3.2219,44.20,40.79,50.50,69.04,False,True,True,True,True,False,gu_below_target(69.0<70),90.0,True,flat_trained_bc_ppo_terminal_policy_inference,7427,996.3,True,2
R4,door_right,24,0.980,-0.850,0.955,0.0000,-1.0000,0.0000,3.475,5436,4.880,0.1840,2,+0.345,-0.358,0.1345,0.0925,0.3539,0.1101,0.1040,0.0710,0.8095,0.5813,45.33,0.9538,44.38,40.93,60.40,72.44,True,True,True,True,True,True,,90.0,True,flat_trained_bc_ppo_terminal_policy_inference,7428,295.1,True,0
R5,fender_left,0,1.960,0.725,0.640,0.1500,0.9703,0.1900,3.474,5436,5.007,0.1840,2,+0.402,-0.316,0.1826,0.1260,0.8351,0.4253,0.1202,0.0947,1.1341,0.8473,45.66,0.9294,44.73,42.34,52.27,70.46,True,True,True,True,True,True,,79.0,True,flat_trained_bc_ppo_terminal_policy_inference,7505,287.6,True,0
R5,fender_left,1,1.960,0.735,0.700,0.1500,0.9703,0.1900,3.475,5436,4.862,0.1840,2,+0.333,-0.365,0.1556,0.1220,1.0472,0.6824,0.1021,0.0885,1.0425,0.7216,40.50,0.9573,39.54,35.93,61.97,69.88,False,True,True,True,True,False,gu_below_target(69.9<70);clearcoat_budget_exhausted,79.0,True,flat_trained_bc_ppo_terminal_policy_inference,7506,296.2,True,0
R5,fender_left,2,1.960,0.745,0.760,0.1500,0.9703,0.1900,3.474,5436,5.013,0.1840,2,+0.400,-0.314,0.2133,0.1657,1.5203,1.1364,0.1175,0.1043,1.7083,1.4252,45.12,0.9282,44.19,41.19,66.49,70.61,True,True,True,True,True,True,,79.0,True,flat_trained_bc_ppo_terminal_policy_inference,7507,287.3,True,0
R5,fender_left,3,1.960,0.755,0.820,0.1500,0.9703,0.1900,3.476,5436,4.749,0.1840,4,+0.351,-0.403,0.3372,0.1871,1.4980,0.5485,0.2196,0.1421,1.9861,1.1997,41.93,1.9594,39.97,36.17,47.31,65.89,False,True,True,True,True,False,gu_below_target(65.9<70);clearcoat_budget_exhausted,79.0,True,flat_trained_bc_ppo_terminal_policy_inference,7508,606.5,True,1
R5,fender_left,4,1.960,0.765,0.880,0.1500,0.9703,0.1900,3.477,5436,4.589,0.1840,4,+0.281,-0.457,0.2710,0.1490,1.2378,0.2592,0.1849,0.1122,1.5557,1.0251,40.98,2.0292,38.95,36.37,56.88,66.94,False,True,True,True,True,False,gu_below_target(66.9<70);clearcoat_budget_exhausted,79.0,True,flat_trained_bc_ppo_terminal_policy_inference,7509,627.7,True,1
R5,fender_left,5,2.080,0.725,0.660,0.1500,0.9703,0.1900,3.475,5436,4.817,0.1840,4,+0.406,-0.380,0.3059,0.1904,1.5612,0.6761,0.2066,0.1440,1.9205,1.4336,48.27,1.9332,46.34,43.88,53.69,70.06,True,True,True,True,True,True,,79.0,True,flat_trained_bc_ppo_terminal_policy_inference,7510,598.0,True,1
R5,fender_left,6,2.080,0.735,0.720,0.1500,0.9703,0.1900,3.478,5436,4.259,0.1840,6,+0.217,-0.568,0.2608,0.1953,1.3498,0.1805,0.1558,0.1433,1.7817,1.1739,45.18,3.2818,41.90,38.11,56.97,68.57,False,True,True,True,True,False,gu_below_target(68.6<70),79.0,True,flat_trained_bc_ppo_terminal_policy_inference,7511,1014.4,True,2
R5,fender_left,7,2.080,0.745,0.780,0.1500,0.9703,0.1900,3.474,5436,5.014,0.1840,2,+0.406,-0.314,0.1806,0.1188,0.8450,0.4045,0.1218,0.0936,1.0982,0.7366,44.74,0.9282,43.81,41.28,52.72,70.37,True,True,True,True,True,True,,79.0,True,flat_trained_bc_ppo_terminal_policy_inference,7512,287.3,True,0
R5,fender_left,8,2.080,0.755,0.840,0.1500,0.9703,0.1900,3.478,5436,4.283,0.1840,6,+0.225,-0.559,0.3239,0.1973,1.5593,0.1901,0.2127,0.1477,1.9752,1.2938,43.10,3.2626,39.84,36.22,48.48,65.18,False,True,True,True,True,False,gu_below_target(65.2<70),79.0,True,flat_trained_bc_ppo_terminal_policy_inference,7513,1008.7,True,2
R5,fender_left,9,2.080,0.765,0.900,0.1500,0.9703,0.1900,3.474,5436,5.046,0.1840,2,+0.432,-0.303,0.2121,0.1398,0.9752,0.6033,0.1424,0.1012,1.3502,1.0482,46.82,0.9223,45.90,45.51,53.79,70.21,True,True,True,True,True,True,,79.0,True,flat_trained_bc_ppo_terminal_policy_inference,7514,285.4,True,0
R5,fender_left,10,2.200,0.725,0.680,0.1500,0.9703,0.1900,3.474,5436,5.000,0.1840,2,+0.418,-0.318,0.1649,0.0979,0.8826,0.4657,0.1074,0.0744,1.1613,0.7588,48.27,0.9308,47.34,45.51,64.47,72.65,True,True,True,True,True,True,,79.0,True,flat_trained_bc_ppo_terminal_policy_inference,7515,288.1,True,0
R5,fender_left,11,2.200,0.735,0.740,0.1500,0.9703,0.1900,3.478,5436,4.372,0.1840,6,+0.301,-0.529,0.3246,0.1979,1.6906,0.2660,0.1823,0.1488,2.1924,1.2043,49.37,3.1957,46.17,43.29,60.31,70.30,True,True,True,True,True,True,,79.0,True,flat_trained_bc_ppo_terminal_policy_inference,7516,988.2,True,2
R5,fender_left,12,2.200,0.745,0.800,0.1500,0.9703,0.1900,3.476,5436,4.611,0.1840,4,+0.287,-0.449,0.2372,0.1545,1.6652,0.9392,0.1379,0.1133,1.8457,1.1610,41.47,2.0194,39.45,37.27,61.95,67.83,False,True,True,True,True,False,gu_below_target(67.8<70),79.0,True,flat_trained_bc_ppo_terminal_policy_inference,7517,624.6,True,1
R5,fender_left,13,2.200,0.755,0.860,0.1500,0.9703,0.1900,3.478,5436,4.320,0.1840,6,+0.252,-0.547,0.3400,0.2132,1.4697,0.2604,0.2149,0.1629,1.8814,1.3698,45.29,3.2354,42.05,40.50,50.70,68.42,False,True,True,True,True,False,gu_below_target(68.4<70),79.0,True,flat_trained_bc_ppo_terminal_policy_inference,7518,1000.1,True,2
R5,fender_left,14,2.200,0.765,0.920,0.1500,0.9703,0.1900,3.475,5436,4.870,0.1840,2,+0.333,-0.362,0.1428,0.0935,0.7148,0.2158,0.0995,0.0725,0.9780,0.6437,41.61,0.9559,40.65,36.97,57.15,70.84,True,True,True,True,True,True,,79.0,True,flat_trained_bc_ppo_terminal_policy_inference,7519,295.8,True,0
R5,fender_left,15,2.320,0.725,0.700,0.1500,0.9703,0.1900,3.475,5436,4.938,0.1840,2,+0.383,-0.339,0.1441,0.0845,0.6450,0.3733,0.1075,0.0675,0.9942,0.5776,47.28,0.9424,46.34,43.33,52.28,71.72,True,True,True,True,True,True,,79.0,True,flat_trained_bc_ppo_terminal_policy_inference,7520,291.6,True,0
R5,fender_left,16,2.320,0.735,0.760,0.1500,0.9703,0.1900,3.475,5436,4.954,0.1840,2,+0.364,-0.334,0.1863,0.1299,0.9822,0.4761,0.1205,0.0964,1.2745,0.9433,40.24,0.9398,39.30,38.97,63.43,70.81,True,True,True,True,True,True,,79.0,True,flat_trained_bc_ppo_terminal_policy_inference,7521,290.7,True,0
R5,fender_left,17,2.320,0.745,0.820,0.1500,0.9703,0.1900,3.475,5436,4.908,0.1840,2,+0.355,-0.349,0.1179,0.0810,0.7680,0.3375,0.0848,0.0653,0.8244,0.5139,44.68,0.9482,43.73,41.43,63.90,73.14,True,True,True,True,True,True,,79.0,True,flat_trained_bc_ppo_terminal_policy_inference,7522,293.4,True,0
R5,fender_left,18,2.320,0.755,0.880,0.1500,0.9703,0.1900,3.476,5436,4.691,0.1840,4,+0.348,-0.422,0.2545,0.1551,1.1211,0.3286,0.1741,0.1221,1.4553,0.9305,46.58,1.9849,44.60,43.96,56.55,71.25,True,True,True,True,True,True,,79.0,True,flat_trained_bc_ppo_terminal_policy_inference,7523,614.0,True,1
R5,fender_left,19,2.320,0.765,0.940,0.1500,0.9703,0.1900,3.478,5436,4.341,0.1840,6,+0.278,-0.540,0.3383,0.1975,1.5435,0.3605,0.2142,0.1497,1.8906,1.3207,47.83,3.2188,44.61,42.56,50.31,69.25,False,True,True,True,True,False,gu_below_target(69.2<70),79.0,True,flat_trained_bc_ppo_terminal_policy_inference,7524,995.2,True,2
R5,fender_left,20,2.440,0.725,0.720,0.1500,0.9703,0.1900,3.474,5436,5.049,0.1840,2,+0.442,-0.302,0.2005,0.1174,0.9119,0.4772,0.1398,0.0864,1.3145,0.9234,48.73,0.9217,47.81,47.46,55.28,71.11,True,True,True,True,True,True,,79.0,True,flat_trained_bc_ppo_terminal_policy_inference,7525,285.3,True,0
R5,fender_left,21,2.440,0.735,0.780,0.1500,0.9703,0.1900,3.477,5436,4.566,0.1840,4,+0.277,-0.464,0.1988,0.1338,1.7884,0.8690,0.1234,0.1024,1.6659,0.9525,42.12,2.0392,40.08,37.71,56.44,69.14,False,True,True,True,True,False,gu_below_target(69.1<70),79.0,True,flat_trained_bc_ppo_terminal_policy_inference,7526,630.8,True,1
R5,fender_left,22,2.440,0.745,0.840,0.1500,0.9703,0.1900,3.475,5436,4.934,0.1840,2,+0.379,-0.341,0.1398,0.0879,0.4490,0.1298,0.1094,0.0712,0.8556,0.4873,48.35,0.9433,47.41,44.85,58.86,73.24,True,True,True,True,True,True,,79.0,True,flat_trained_bc_ppo_terminal_policy_inference,7527,291.9,True,0
R5,fender_left,23,2.440,0.755,0.900,0.1500,0.9703,0.1900,3.476,5436,4.681,0.1840,4,+0.324,-0.426,0.2987,0.2014,1.7103,0.8773,0.1751,0.1497,2.3853,1.7768,41.45,1.9898,39.46,37.36,64.23,67.13,False,True,True,True,True,False,gu_below_target(67.1<70),79.0,True,flat_trained_bc_ppo_terminal_policy_inference,7528,615.3,True,1
R5,fender_left,24,2.440,0.765,0.960,0.1500,0.9703,0.1900,3.475,5436,4.963,0.1840,2,+0.379,-0.331,0.1816,0.1212,0.9204,0.4800,0.1227,0.0920,1.3080,0.9270,42.36,0.9378,41.42,41.09,55.61,70.62,True,True,True,True,True,True,,79.0,True,flat_trained_bc_ppo_terminal_policy_inference,7529,290.2,True,0
R6,fender_right,0,1.960,-0.725,0.640,0.1500,-0.9703,0.1900,3.475,5436,4.889,0.1840,2,+0.350,-0.355,0.1230,0.0940,0.4969,0.0939,0.0936,0.0740,0.7289,0.5398,45.25,0.9520,44.30,39.97,58.15,72.84,True,True,True,True,True,True,,79.0,True,flat_trained_bc_ppo_terminal_policy_inference,7606,294.6,True,0
R6,fender_right,1,1.960,-0.735,0.700,0.1500,-0.9703,0.1900,3.475,5436,4.886,0.1840,2,+0.349,-0.356,0.1473,0.0981,0.5129,0.2571,0.1119,0.0775,0.9557,0.6069,44.34,0.9526,43.39,39.91,50.82,71.55,True,True,True,True,True,True,,79.0,True,flat_trained_bc_ppo_terminal_policy_inference,7607,294.8,True,0
R6,fender_right,2,1.960,-0.745,0.760,0.1500,-0.9703,0.1900,3.474,5436,5.022,0.1840,2,+0.431,-0.311,0.1891,0.1218,0.7629,0.4133,0.1346,0.0943,1.1785,0.9059,49.30,0.9265,48.37,45.38,57.29,71.10,True,True,True,True,True,True,,79.0,True,flat_trained_bc_ppo_terminal_policy_inference,7608,286.8,True,0
R6,fender_right,3,1.960,-0.755,0.820,0.1500,-0.9703,0.1900,3.475,5436,4.940,0.1840,2,+0.377,-0.338,0.1200,0.0813,0.5976,0.1589,0.0833,0.0651,0.8840,0.4456,47.57,0.9421,46.63,43.34,63.03,73.53,True,True,True,True,True,True,,79.0,True,flat_trained_bc_ppo_terminal_policy_inference,7609,291.6,True,0
R6,fender_right,4,1.960,-0.765,0.880,0.1500,-0.9703,0.1900,3.478,5436,4.256,0.1840,6,+0.205,-0.568,0.2932,0.2000,1.1572,0.0889,0.2100,0.1456,1.7768,1.2506,43.80,3.2831,40.52,37.77,52.78,66.90,False,True,True,True,True,False,gu_below_target(66.9<70),79.0,True,flat_trained_bc_ppo_terminal_policy_inference,7610,1015.0,True,2
R6,fender_right,5,2.080,-0.725,0.660,0.1500,-0.9703,0.1900,3.478,5436,4.268,0.1840,6,+0.208,-0.565,0.2981,0.2031,1.3305,0.1207,0.2048,0.1510,1.7402,1.1858,42.84,3.2748,39.57,36.33,50.12,65.41,False,True,True,True,True,False,gu_below_target(65.4<70),79.0,True,flat_trained_bc_ppo_terminal_policy_inference,7611,1012.3,True,2
R6,fender_right,6,2.080,-0.735,0.720,0.1500,-0.9703,0.1900,3.478,5436,4.284,0.1840,6,+0.232,-0.559,0.2975,0.1979,1.2554,0.1177,0.2020,0.1456,1.8527,1.2773,46.05,3.2617,42.79,39.41,52.48,68.74,False,True,True,True,True,False,gu_below_target(68.7<70),79.0,True,flat_trained_bc_ppo_terminal_policy_inference,7612,1008.4,True,2
R6,fender_right,7,2.080,-0.745,0.780,0.1500,-0.9703,0.1900,3.475,5436,4.959,0.1840,2,+0.380,-0.332,0.1566,0.1174,0.7294,0.3307,0.1015,0.0914,0.9841,0.7920,43.95,0.9386,43.01,39.85,53.38,70.94,True,True,True,True,True,True,,79.0,True,flat_trained_bc_ppo_terminal_policy_inference,7613,290.4,True,0
R6,fender_right,8,2.080,-0.755,0.840,0.1500,-0.9703,0.1900,3.475,5436,4.914,0.1840,2,+0.363,-0.347,0.1345,0.0816,0.4732,0.1496,0.1021,0.0634,0.8624,0.4889,46.63,0.9470,45.68,43.11,63.06,73.36,True,True,True,True,True,True,,79.0,True,flat_trained_bc_ppo_terminal_policy_inference,7614,293.1,True,0
R6,fender_right,9,2.080,-0.765,0.900,0.1500,-0.9703,0.1900,3.476,5436,4.601,0.1840,4,+0.294,-0.452,0.2389,0.1471,1.3270,0.4449,0.1453,0.1122,1.7481,1.0405,40.75,2.0230,38.73,36.23,58.99,66.19,False,True,True,True,True,False,gu_below_target(66.2<70),79.0,True,flat_trained_bc_ppo_terminal_policy_inference,7615,626.0,True,1
R6,fender_right,10,2.200,-0.725,0.680,0.1500,-0.9703,0.1900,3.474,5436,4.992,0.1840,2,+0.415,-0.321,0.1471,0.0937,0.7129,0.3320,0.1000,0.0742,0.9236,0.5851,48.70,0.9322,47.77,45.97,59.73,72.54,True,True,True,True,True,True,,79.0,True,flat_trained_bc_ppo_terminal_policy_inference,7616,288.5,True,0
R6,fender_right,11,2.200,-0.735,0.740,0.1500,-0.9703,0.1900,3.478,5436,4.240,0.1840,6,+0.208,-0.574,0.2603,0.1770,1.3419,0.1929,0.1619,0.1325,1.6773,1.0704,43.94,3.2958,40.64,36.91,55.83,67.02,False,True,True,True,True,False,gu_below_target(67.0<70),79.0,True,flat_trained_bc_ppo_terminal_policy_inference,7617,1018.9,True,2
R6,fender_right,12,2.200,-0.745,0.800,0.1500,-0.9703,0.1900,3.478,5436,4.361,0.1840,6,+0.271,-0.533,0.3689,0.2152,1.4625,0.2121,0.2553,0.1619,1.8088,1.2700,45.63,3.2044,42.43,39.78,47.69,67.67,False,True,True,True,True,False,gu_below_target(67.7<70),79.0,True,flat_trained_bc_ppo_terminal_policy_inference,7618,990.7,True,2
R6,fender_right,13,2.200,-0.755,0.860,0.1500,-0.9703,0.1900,3.476,5436,4.600,0.1840,4,+0.290,-0.453,0.2587,0.1526,1.1841,0.2441,0.1734,0.1203,1.4559,0.9089,40.06,2.0240,38.04,35.00,50.57,62.23,False,True,True,True,True,False,gu_below_target(62.2<70),79.0,True,flat_trained_bc_ppo_terminal_policy_inference,7619,626.2,True,1
R6,fender_right,14,2.200,-0.765,0.920,0.1500,-0.9703,0.1900,3.476,5436,4.682,0.1840,4,+0.343,-0.425,0.2446,0.1448,1.3331,0.2804,0.1700,0.1089,1.6823,0.9145,48.03,1.9885,46.04,44.81,47.98,72.00,True,True,True,True,True,True,,79.0,True,flat_trained_bc_ppo_terminal_policy_inference,7620,615.2,True,1
R6,fender_right,15,2.320,-0.725,0.700,0.1500,-0.9703,0.1900,3.475,5436,4.923,0.1840,2,+0.365,-0.344,0.1588,0.1068,0.7858,0.4150,0.1122,0.0829,1.1432,0.7859,43.31,0.9457,42.36,39.72,59.00,71.05,True,True,True,True,True,True,,79.0,True,flat_trained_bc_ppo_terminal_policy_inference,7621,292.6,True,0
R6,fender_right,16,2.320,-0.735,0.760,0.1500,-0.9703,0.1900,3.475,5436,4.828,0.1840,4,+0.403,-0.376,0.3165,0.2078,1.5930,0.7634,0.1898,0.1545,2.0868,1.6141,48.81,1.9287,46.88,44.52,56.73,70.44,True,True,True,True,True,True,,79.0,True,flat_trained_bc_ppo_terminal_policy_inference,7622,596.5,True,1
R6,fender_right,17,2.320,-0.745,0.820,0.1500,-0.9703,0.1900,3.477,5436,4.466,0.1840,4,+0.222,-0.498,0.1521,0.1397,0.6294,0.0393,0.1181,0.1053,0.9521,0.7460,40.84,2.0855,38.75,35.23,60.26,66.18,False,True,True,True,True,False,gu_below_target(66.2<70),79.0,True,flat_trained_bc_ppo_terminal_policy_inference,7623,644.9,True,1
R6,fender_right,18,2.320,-0.755,0.880,0.1500,-0.9703,0.1900,3.475,5436,4.852,0.1840,2,+0.330,-0.368,0.1369,0.1037,0.5933,0.2357,0.1003,0.0836,0.8932,0.6445,41.46,0.9594,40.50,38.62,57.30,71.44,True,True,True,True,True,True,,79.0,True,flat_trained_bc_ppo_terminal_policy_inference,7624,296.8,True,0
R6,fender_right,19,2.320,-0.765,0.940,0.1500,-0.9703,0.1900,3.477,5436,4.577,0.1840,4,+0.276,-0.460,0.2075,0.1550,0.7341,0.1097,0.1496,0.1199,1.1955,0.8385,44.12,2.0348,42.09,38.95,54.45,70.33,True,True,True,True,True,True,,79.0,True,flat_trained_bc_ppo_terminal_policy_inference,7625,629.2,True,1
R6,fender_right,20,2.440,-0.725,0.720,0.1500,-0.9703,0.1900,3.474,5436,4.999,0.1840,2,+0.394,-0.318,0.1917,0.1207,1.2177,0.7167,0.1286,0.0870,1.4692,1.0952,44.72,0.9308,43.79,42.25,61.67,71.54,True,True,True,True,True,True,,79.0,True,flat_trained_bc_ppo_terminal_policy_inference,7626,288.1,True,0
R6,fender_right,21,2.440,-0.735,0.780,0.1500,-0.9703,0.1900,3.479,5436,4.180,0.1840,6,+0.165,-0.594,0.1859,0.1588,1.0762,0.1331,0.1286,0.1138,1.3218,1.0465,42.90,3.3439,39.56,36.64,53.69,66.20,False,True,True,True,True,False,gu_below_target(66.2<70),79.0,True,flat_trained_bc_ppo_terminal_policy_inference,7627,1033.6,True,2
R6,fender_right,22,2.440,-0.745,0.840,0.1500,-0.9703,0.1900,3.478,5436,4.302,0.1840,6,+0.225,-0.553,0.3373,0.2064,1.3831,0.2260,0.2368,0.1566,1.7969,1.2325,42.20,3.2477,38.95,37.58,48.34,65.89,False,True,True,True,True,False,gu_below_target(65.9<70),79.0,True,flat_trained_bc_ppo_terminal_policy_inference,7628,1004.2,True,2
R6,fender_right,23,2.440,-0.755,0.900,0.1500,-0.9703,0.1900,3.476,5436,4.728,0.1840,4,+0.375,-0.410,0.2637,0.1482,1.2537,0.3860,0.1728,0.1150,1.7131,0.9599,49.63,1.9692,47.66,45.00,55.87,71.54,True,True,True,True,True,True,,79.0,True,flat_trained_bc_ppo_terminal_policy_inference,7629,609.1,True,1
R6,fender_right,24,2.440,-0.765,0.960,0.1500,-0.9703,0.1900,3.475,5436,4.978,0.1840,2,+0.400,-0.325,0.1823,0.1124,0.7025,0.3451,0.1332,0.0822,1.1635,0.8531,46.62,0.9348,45.69,44.75,49.20,70.50,True,True,True,True,True,True,,79.0,True,flat_trained_bc_ppo_terminal_policy_inference,7630,289.3,True,0
