region_id,region_name,cell_id,position_x_m,position_y_m,position_z_m,normal_x,normal_y,normal_z,force_n,rpm,feed_speed_mm_s,step_over_ratio,pass_count,policy_action_force,policy_action_feed,roughness_before,roughness_after,scratch_before_um,scratch_after_um,ra_before_um,ra_after_um,rz_before_um,rz_after_um,clearcoat_initial_um,clearcoat_removed_um,clearcoat_remaining_um,clearcoat_remaining_min_um,gu_proxy_before,gu_proxy_after,gu_target_pass,ra_target_pass,rz_target_pass,warranty_removal_ok,scratch_improved,clearcoat_safe,overall_pass,failure_reason,disposition,tilt_deg,is_side,evaluation_mode,surface_seed,process_time_s,episode_completed,repolish_episodes
R1,bonnet,0,1.700,-0.480,0.960,-0.1000,0.0000,0.9950,8.421,3259,4.408,0.2700,4,+0.973,-0.440,0.2161,0.2157,1.3018,0.4877,0.1255,0.1706,1.6812,1.3899,44.67,2.1227,42.55,40.23,61.71,70.26,True,True,True,True,True,True,True,,pass,5.7,False,flat_trained_bc_ppo_terminal_policy_inference,7101,435.7,True,1
R1,bonnet,1,1.700,-0.240,0.960,-0.1000,0.0000,0.9950,8.424,3259,4.321,0.2700,2,+0.974,-0.471,0.1954,0.1548,0.9629,0.6078,0.1347,0.1170,1.3657,1.1119,47.91,1.0832,46.83,43.92,61.12,71.59,True,True,True,True,True,True,True,,pass,5.7,False,flat_trained_bc_ppo_terminal_policy_inference,7102,222.2,True,0
R1,bonnet,2,1.700,0.000,0.960,-0.1000,0.0000,0.9950,8.424,3259,4.311,0.2700,2,+0.980,-0.474,0.1653,0.1451,0.6206,0.2329,0.1195,0.1158,1.0088,0.8134,46.53,1.0863,45.44,42.58,55.77,71.71,True,True,True,True,True,True,True,,pass,5.7,False,flat_trained_bc_ppo_terminal_policy_inference,7103,222.8,True,0
R1,bonnet,3,1.700,0.240,0.960,-0.1000,0.0000,0.9950,8.426,3259,4.207,0.2700,4,+0.982,-0.511,0.3071,0.2062,1.7980,0.6112,0.1845,0.1600,2.1751,1.4799,49.20,2.2291,46.97,43.78,57.50,70.44,True,True,True,True,True,True,True,,pass,5.7,False,flat_trained_bc_ppo_terminal_policy_inference,7104,456.4,True,1
R1,bonnet,4,1.700,0.480,0.960,-0.1000,0.0000,0.9950,8.424,3259,4.247,0.2700,2,+0.973,-0.496,0.1893,0.1477,1.4676,1.0002,0.1073,0.1106,1.7682,1.3665,45.15,1.1022,44.05,41.68,60.24,71.05,True,True,True,True,True,True,True,,pass,5.7,False,flat_trained_bc_ppo_terminal_policy_inference,7105,226.1,True,0
R1,bonnet,5,1.900,-0.480,0.980,-0.1000,0.0000,0.9950,8.402,3259,5.220,0.2700,6,+0.968,-0.152,0.2146,0.2095,1.0375,0.0981,0.1456,0.1642,1.3758,1.1442,43.39,2.6813,40.71,38.34,49.05,68.39,False,True,True,True,True,True,False,gu_below_target(68.4<70),rework_candidate,5.7,False,flat_trained_bc_ppo_terminal_policy_inference,7106,551.8,True,2
R1,bonnet,6,1.900,-0.240,0.980,-0.1000,0.0000,0.9950,8.424,3259,4.334,0.2700,2,+0.976,-0.466,0.1613,0.1354,0.7176,0.3506,0.1122,0.1037,1.0729,0.8934,45.26,1.0798,44.18,41.14,55.45,71.64,True,True,True,True,True,True,True,,pass,5.7,False,flat_trained_bc_ppo_terminal_policy_inference,7107,221.6,True,0
R1,bonnet,7,1.900,0.000,0.980,-0.1000,0.0000,0.9950,8.439,3259,3.298,0.2700,2,+0.976,-0.833,0.2861,0.2576,1.3410,0.7045,0.1898,0.2002,1.7697,1.6443,40.13,1.4247,38.71,36.11,50.42,63.86,False,False,True,True,True,True,False,gu_below_target(63.9<70);ra_above_target(0.200>0.20);clearcoat_budget_exhausted,spot_repaint_review,5.7,False,flat_trained_bc_ppo_terminal_policy_inference,7108,291.1,True,0
R1,bonnet,8,1.900,0.240,0.980,-0.1000,0.0000,0.9950,8.413,3259,4.728,0.2700,4,+0.971,-0.326,0.1914,0.1946,0.8961,0.1971,0.1342,0.1501,1.2688,1.0827,41.95,1.9737,39.98,37.28,55.08,68.71,False,True,True,True,True,True,False,gu_below_target(68.7<70),rework_candidate,5.7,False,flat_trained_bc_ppo_terminal_policy_inference,7109,406.1,True,1
R1,bonnet,9,1.900,0.480,0.980,-0.1000,0.0000,0.9950,8.423,3259,4.313,0.2700,2,+0.974,-0.473,0.1909,0.1507,1.0593,0.6499,0.1238,0.1172,1.4694,1.1867,43.00,1.0851,41.91,39.80,57.47,70.74,True,True,True,True,True,True,True,,pass,5.7,False,flat_trained_bc_ppo_terminal_policy_inference,7110,222.6,True,0
R1,bonnet,10,2.100,-0.480,1.000,-0.1000,0.0000,0.9950,8.426,3259,4.215,0.2700,4,+0.982,-0.508,0.2560,0.2056,1.6397,0.4759,0.1431,0.1586,1.9477,1.3302,47.97,2.2250,45.75,43.40,53.11,70.84,True,True,True,True,True,True,True,,pass,5.7,False,flat_trained_bc_ppo_terminal_policy_inference,7111,455.6,True,1
R1,bonnet,11,2.100,-0.240,1.000,-0.1000,0.0000,0.9950,8.426,3259,4.251,0.2700,2,+0.978,-0.495,0.1791,0.1432,0.9483,0.5444,0.1210,0.1071,1.4055,1.0539,49.47,1.1018,48.37,45.65,56.64,72.15,True,True,True,True,True,True,True,,pass,5.7,False,flat_trained_bc_ppo_terminal_policy_inference,7112,225.9,True,0
R1,bonnet,12,2.100,0.000,1.000,-0.1000,0.0000,0.9950,8.426,3259,4.248,0.2700,2,+0.982,-0.496,0.1952,0.1562,1.0777,0.5579,0.1202,0.1205,1.2653,1.0453,49.00,1.1026,47.90,45.57,58.98,71.80,True,True,True,True,True,True,True,,pass,5.7,False,flat_trained_bc_ppo_terminal_policy_inference,7113,226.1,True,0
R1,bonnet,13,2.100,0.240,1.000,-0.1000,0.0000,0.9950,8.408,3259,4.947,0.2700,6,+0.969,-0.249,0.2434,0.2307,1.3847,0.2063,0.1452,0.1764,1.6036,1.2986,43.14,2.8298,40.31,39.17,56.91,68.30,False,True,True,True,True,True,False,gu_below_target(68.3<70),rework_candidate,5.7,False,flat_trained_bc_ppo_terminal_policy_inference,7114,582.3,True,2
R1,bonnet,14,2.100,0.480,1.000,-0.1000,0.0000,0.9950,8.403,3259,5.122,0.2700,6,+0.968,-0.187,0.2555,0.2808,1.3351,0.2764,0.1548,0.2242,1.7804,1.5640,42.28,2.7294,39.55,36.90,58.26,66.41,False,False,True,True,True,True,False,gu_below_target(66.4<70);ra_above_target(0.224>0.20),rework_candidate,5.7,False,flat_trained_bc_ppo_terminal_policy_inference,7115,562.4,True,2
R1,bonnet,15,2.300,-0.480,1.020,-0.1000,0.0000,0.9950,8.420,3259,4.320,0.2700,2,+0.972,-0.471,0.1981,0.1503,1.0995,0.6605,0.1315,0.1125,1.4792,1.0916,41.89,1.0829,40.81,37.67,66.81,70.56,True,True,True,True,True,True,True,,pass,5.7,False,flat_trained_bc_ppo_terminal_policy_inference,7116,222.3,True,0
R1,bonnet,16,2.300,-0.240,1.020,-0.1000,0.0000,0.9950,8.422,3259,4.425,0.2700,4,+0.976,-0.434,0.2562,0.2211,1.1744,0.3106,0.1791,0.1695,1.5984,1.2859,46.22,2.1145,44.11,40.17,51.21,70.58,True,True,True,True,True,True,True,,pass,5.7,False,flat_trained_bc_ppo_terminal_policy_inference,7117,433.9,True,1
R1,bonnet,17,2.300,0.000,1.020,-0.1000,0.0000,0.9950,8.410,3259,4.770,0.2700,6,+0.969,-0.311,0.2574,0.2062,1.1759,0.1290,0.1784,0.1586,1.6855,1.2247,44.70,2.9419,41.76,37.82,50.15,68.01,False,True,True,True,True,True,False,gu_below_target(68.0<70),rework_candidate,5.7,False,flat_trained_bc_ppo_terminal_policy_inference,7118,603.8,True,2
R1,bonnet,18,2.300,0.240,1.020,-0.1000,0.0000,0.9950,8.422,3259,4.332,0.2700,2,+0.973,-0.466,0.1656,0.1341,1.2678,0.7208,0.1111,0.1048,1.3765,1.0436,44.16,1.0799,43.08,41.22,51.37,70.86,True,True,True,True,True,True,True,,pass,5.7,False,flat_trained_bc_ppo_terminal_policy_inference,7119,221.6,True,0
R1,bonnet,19,2.300,0.480,1.020,-0.1000,0.0000,0.9950,8.422,3259,4.318,0.2700,4,+0.973,-0.471,0.2569,0.2231,1.4908,0.5107,0.1556,0.1780,1.7712,1.3287,45.19,2.1686,43.02,40.75,61.28,70.12,True,True,True,True,True,True,True,,pass,5.7,False,flat_trained_bc_ppo_terminal_policy_inference,7120,444.7,True,1
R1,bonnet,20,2.500,-0.480,1.040,-0.1000,0.0000,0.9950,8.436,3259,3.648,0.2700,2,+0.976,-0.709,0.2301,0.1903,1.0518,0.4762,0.1590,0.1469,1.4444,1.1948,40.93,1.2851,39.64,36.24,46.69,66.65,False,True,True,True,True,True,False,gu_below_target(66.7<70);clearcoat_budget_exhausted,spot_repaint_review,5.7,False,flat_trained_bc_ppo_terminal_policy_inference,7121,263.3,True,0
R1,bonnet,21,2.500,-0.240,1.040,-0.1000,0.0000,0.9950,8.436,3259,3.470,0.2700,2,+0.975,-0.772,0.3060,0.2678,1.8412,1.2268,0.1782,0.1989,2.2017,1.9450,40.59,1.3499,39.24,36.65,53.14,63.88,False,True,True,True,True,True,False,gu_below_target(63.9<70);clearcoat_budget_exhausted,spot_repaint_review,5.7,False,flat_trained_bc_ppo_terminal_policy_inference,7122,276.7,True,0
R1,bonnet,22,2.500,0.000,1.040,-0.1000,0.0000,0.9950,8.419,3259,4.420,0.2700,4,+0.972,-0.436,0.2001,0.2337,1.3841,0.5493,0.1115,0.1860,1.7659,1.6070,43.14,2.1130,41.03,38.37,53.85,69.06,False,True,True,True,True,True,False,gu_below_target(69.1<70),rework_candidate,5.7,False,flat_trained_bc_ppo_terminal_policy_inference,7123,434.5,True,1
R1,bonnet,23,2.500,0.240,1.040,-0.1000,0.0000,0.9950,8.423,3259,4.370,0.2700,4,+0.979,-0.453,0.2347,0.2112,0.9398,0.2295,0.1660,0.1674,1.5099,1.1700,47.74,2.1429,45.60,43.03,49.79,70.97,True,True,True,True,True,True,True,,pass,5.7,False,flat_trained_bc_ppo_terminal_policy_inference,7124,439.4,True,1
R1,bonnet,24,2.500,0.480,1.040,-0.1000,0.0000,0.9950,8.419,3259,4.530,0.2700,6,+0.977,-0.396,0.3267,0.2537,1.6514,0.1977,0.2079,0.1892,2.0002,1.5319,46.21,3.1010,43.11,40.43,51.93,68.92,False,True,True,True,True,True,False,gu_below_target(68.9<70),rework_candidate,5.7,False,flat_trained_bc_ppo_terminal_policy_inference,7125,635.8,True,2
R2,roof,0,-0.080,-0.440,1.450,0.0000,0.0000,1.0000,8.437,3259,3.602,0.2700,2,+0.976,-0.725,0.3952,0.3269,1.6573,1.1139,0.2505,0.2439,2.1863,1.9955,40.24,1.3056,38.93,37.52,54.69,62.31,False,False,True,True,True,True,False,gu_below_target(62.3<70);ra_above_target(0.244>0.20);clearcoat_budget_exhausted,spot_repaint_review,0.0,False,flat_trained_bc_ppo_terminal_policy_inference,7202,266.6,True,0
R2,roof,1,-0.080,-0.220,1.450,0.0000,0.0000,1.0000,8.423,3259,4.308,0.2700,2,+0.974,-0.475,0.1904,0.1337,0.7542,0.4427,0.1350,0.1056,1.2128,0.9024,46.72,1.0863,45.63,42.56,52.08,70.27,True,True,True,True,True,True,True,,pass,0.0,False,flat_trained_bc_ppo_terminal_policy_inference,7203,222.9,True,0
R2,roof,2,-0.080,0.000,1.450,0.0000,0.0000,1.0000,8.414,3259,4.207,0.2700,2,+0.968,-0.511,0.1112,0.1117,0.5081,0.1792,0.0813,0.0863,0.8422,0.6635,40.13,1.1164,39.01,35.18,54.45,68.22,False,True,True,True,True,True,False,gu_below_target(68.2<70);clearcoat_budget_exhausted,spot_repaint_review,0.0,False,flat_trained_bc_ppo_terminal_policy_inference,7204,228.3,True,0
R2,roof,3,-0.080,0.220,1.450,0.0000,0.0000,1.0000,8.421,3259,4.355,0.2700,4,+0.973,-0.458,0.2379,0.2022,1.0568,0.2153,0.1678,0.1581,1.6114,1.0994,46.01,2.1510,43.86,40.18,57.28,70.50,True,True,True,True,True,True,True,,pass,0.0,False,flat_trained_bc_ppo_terminal_policy_inference,7205,440.9,True,1
R2,roof,4,-0.080,0.440,1.450,0.0000,0.0000,1.0000,8.427,3259,4.187,0.2700,4,+0.981,-0.518,0.3079,0.2422,1.7232,0.5882,0.1869,0.1897,2.0216,1.6140,49.18,2.2384,46.94,43.83,56.95,70.64,True,True,True,True,True,True,True,,pass,0.0,False,flat_trained_bc_ppo_terminal_policy_inference,7206,458.5,True,1
R2,roof,5,0.160,-0.440,1.450,0.0000,0.0000,1.0000,8.423,3259,4.347,0.2700,6,+0.978,-0.461,0.3139,0.2625,1.7250,0.3605,0.2004,0.2001,2.0139,1.4366,47.88,3.2329,44.65,44.01,52.16,69.55,False,False,True,True,True,True,False,gu_below_target(69.5<70);ra_above_target(0.200>0.20),rework_candidate,0.0,False,flat_trained_bc_ppo_terminal_policy_inference,7207,662.5,True,2
R2,roof,6,0.160,-0.220,1.450,0.0000,0.0000,1.0000,8.427,3259,4.182,0.2700,2,+0.977,-0.520,0.2060,0.1609,1.2281,0.7893,0.1315,0.1242,1.5528,1.2591,45.46,1.1213,44.34,40.35,57.61,70.29,True,True,True,True,True,True,True,,pass,0.0,False,flat_trained_bc_ppo_terminal_policy_inference,7208,229.6,True,0
R2,roof,7,0.160,0.000,1.450,0.0000,0.0000,1.0000,8.423,3259,4.354,0.2700,2,+0.974,-0.459,0.1614,0.1196,0.7557,0.3183,0.1155,0.0928,1.1015,0.8035,45.99,1.0748,44.92,42.05,60.72,72.30,True,True,True,True,True,True,True,,pass,0.0,False,flat_trained_bc_ppo_terminal_policy_inference,7209,220.6,True,0
R2,roof,8,0.160,0.220,1.450,0.0000,0.0000,1.0000,8.423,3259,4.359,0.2700,2,+0.975,-0.457,0.1430,0.1332,0.6192,0.1797,0.1022,0.1059,0.8530,0.7738,46.16,1.0732,45.09,42.71,59.20,72.42,True,True,True,True,True,True,True,,pass,0.0,False,flat_trained_bc_ppo_terminal_policy_inference,7210,220.3,True,0
R2,roof,9,0.160,0.440,1.450,0.0000,0.0000,1.0000,8.432,3259,3.818,0.2700,4,+0.975,-0.649,0.2754,0.2729,1.5031,0.6208,0.1565,0.2177,1.8328,1.6173,40.68,2.4599,38.22,35.56,59.31,64.28,False,False,True,True,True,True,False,gu_below_target(64.3<70);ra_above_target(0.218>0.20),spot_repaint_review,0.0,False,flat_trained_bc_ppo_terminal_policy_inference,7211,503.0,True,1
R2,roof,10,0.400,-0.440,1.450,0.0000,0.0000,1.0000,8.418,3259,4.558,0.2700,6,+0.974,-0.387,0.3023,0.2050,1.7203,0.2594,0.1810,0.1503,1.9368,1.2209,46.28,3.0834,43.20,40.70,48.71,69.41,False,True,True,True,True,True,False,gu_below_target(69.4<70),rework_candidate,0.0,False,flat_trained_bc_ppo_terminal_policy_inference,7212,632.0,True,2
R2,roof,11,0.400,-0.220,1.450,0.0000,0.0000,1.0000,8.428,3259,4.076,0.2700,4,+0.976,-0.557,0.2984,0.2583,1.2550,0.3793,0.2117,0.2012,1.7795,1.3786,43.38,2.3047,41.08,36.87,53.18,67.33,False,False,True,True,True,True,False,gu_below_target(67.3<70);ra_above_target(0.201>0.20);clearcoat_budget_exhausted,spot_repaint_review,0.0,False,flat_trained_bc_ppo_terminal_policy_inference,7213,471.0,True,1
R2,roof,12,0.400,0.000,1.450,0.0000,0.0000,1.0000,8.421,3259,4.444,0.2700,2,+0.973,-0.427,0.1549,0.1299,0.5784,0.1675,0.1167,0.1003,1.0044,0.8257,42.80,1.0521,41.75,38.01,53.87,70.48,True,True,True,True,True,True,True,,pass,0.0,False,flat_trained_bc_ppo_terminal_policy_inference,7214,216.1,True,0
R2,roof,13,0.400,0.220,1.450,0.0000,0.0000,1.0000,8.421,3259,4.418,0.2700,2,+0.973,-0.436,0.1465,0.1178,0.5728,0.1449,0.1106,0.0954,0.9058,0.6233,45.55,1.0584,44.49,41.74,46.79,71.23,True,True,True,True,True,True,True,,pass,0.0,False,flat_trained_bc_ppo_terminal_policy_inference,7215,217.3,True,0
R2,roof,14,0.400,0.440,1.450,0.0000,0.0000,1.0000,8.425,3259,4.256,0.2700,2,+0.977,-0.493,0.1353,0.1363,1.0830,0.5095,0.0770,0.1036,1.2321,1.0454,46.60,1.1003,45.50,44.85,59.64,72.41,True,True,True,True,True,True,True,,pass,0.0,False,flat_trained_bc_ppo_terminal_policy_inference,7216,225.6,True,0
R2,roof,15,0.640,-0.440,1.450,0.0000,0.0000,1.0000,8.418,3259,4.545,0.2700,4,+0.972,-0.391,0.2026,0.1857,0.8603,0.1604,0.1399,0.1467,1.2119,0.9876,43.19,2.0573,41.13,40.53,52.55,70.45,True,True,True,True,True,True,True,,pass,0.0,False,flat_trained_bc_ppo_terminal_policy_inference,7217,422.5,True,1
R2,roof,16,0.640,-0.220,1.450,0.0000,0.0000,1.0000,8.423,3259,4.352,0.2700,2,+0.978,-0.459,0.1479,0.1194,0.5261,0.2446,0.1123,0.0972,0.9381,0.6344,46.63,1.0758,45.55,42.11,54.14,72.02,True,True,True,True,True,True,True,,pass,0.0,False,flat_trained_bc_ppo_terminal_policy_inference,7218,220.6,True,0
R2,roof,17,0.640,0.000,1.450,0.0000,0.0000,1.0000,8.420,3259,4.474,0.2700,4,+0.975,-0.416,0.2426,0.2176,0.9631,0.1739,0.1770,0.1734,1.4623,1.1757,45.58,2.0906,43.49,40.19,55.90,70.52,True,True,True,True,True,True,True,,pass,0.0,False,flat_trained_bc_ppo_terminal_policy_inference,7219,429.2,True,1
R2,roof,18,0.640,0.220,1.450,0.0000,0.0000,1.0000,8.425,3259,4.272,0.2700,4,+0.976,-0.488,0.2697,0.2036,1.3111,0.4300,0.1658,0.1571,1.7548,1.2581,47.45,2.1928,45.26,42.85,55.02,70.55,True,True,True,True,True,True,True,,pass,0.0,False,flat_trained_bc_ppo_terminal_policy_inference,7220,449.5,True,1
R2,roof,19,0.640,0.440,1.450,0.0000,0.0000,1.0000,8.424,3259,4.330,0.2700,2,+0.977,-0.467,0.1283,0.1203,0.6665,0.2572,0.0919,0.0959,0.9784,0.7121,46.50,1.0814,45.42,42.51,60.99,72.83,True,True,True,True,True,True,True,,pass,0.0,False,flat_trained_bc_ppo_terminal_policy_inference,7221,221.8,True,0
R2,roof,20,0.880,-0.440,1.450,0.0000,0.0000,1.0000,8.413,3259,4.654,0.2700,6,+0.975,-0.353,0.3437,0.2874,1.6429,0.2813,0.2194,0.2253,1.9937,1.6103,43.44,3.0127,40.43,38.93,50.98,67.60,False,False,True,True,True,True,False,gu_below_target(67.6<70);ra_above_target(0.225>0.20),rework_candidate,0.0,False,flat_trained_bc_ppo_terminal_policy_inference,7222,618.9,True,2
R2,roof,21,0.880,-0.220,1.450,0.0000,0.0000,1.0000,8.412,3259,4.782,0.2700,6,+0.971,-0.307,0.2597,0.2627,1.2673,0.1913,0.1774,0.2082,1.7476,1.4151,44.09,2.9284,41.16,37.84,49.43,67.45,False,False,True,True,True,True,False,gu_below_target(67.4<70);ra_above_target(0.208>0.20),rework_candidate,0.0,False,flat_trained_bc_ppo_terminal_policy_inference,7223,602.4,True,2
R2,roof,22,0.880,0.000,1.450,0.0000,0.0000,1.0000,8.425,3259,4.277,0.2700,2,+0.981,-0.486,0.1711,0.1400,0.8154,0.3476,0.1239,0.1081,1.2179,0.9284,49.63,1.0952,48.53,45.45,66.75,73.00,True,True,True,True,True,True,True,,pass,0.0,False,flat_trained_bc_ppo_terminal_policy_inference,7224,224.5,True,0
R2,roof,23,0.880,0.220,1.450,0.0000,0.0000,1.0000,8.419,3259,4.521,0.2700,2,+0.973,-0.400,0.1031,0.1223,0.5589,0.1821,0.0763,0.0988,0.7582,0.5968,43.68,1.0331,42.65,39.30,67.50,73.13,True,True,True,True,True,True,True,,pass,0.0,False,flat_trained_bc_ppo_terminal_policy_inference,7225,212.4,True,0
R2,roof,24,0.880,0.440,1.450,0.0000,0.0000,1.0000,8.424,3259,4.306,0.2700,2,+0.980,-0.476,0.1359,0.1366,0.7782,0.3712,0.0904,0.1103,1.0195,0.8060,49.14,1.0869,48.05,47.69,55.70,72.90,True,True,True,True,True,True,True,,pass,0.0,False,flat_trained_bc_ppo_terminal_policy_inference,7226,223.0,True,0
R3,door_left,0,0.020,0.850,0.595,0.0000,1.0000,0.0000,3.466,4648,6.593,0.2620,9,-0.837,-0.089,0.2810,0.2295,1.2281,0.4631,0.1802,0.1894,1.5811,1.2706,42.39,1.8479,40.54,38.38,54.65,68.34,False,True,True,True,True,True,False,gu_below_target(68.3<70),rework_candidate,90.0,True,flat_trained_bc_ppo_terminal_policy_inference,7303,655.4,True,2
R3,door_left,1,0.020,0.850,0.685,0.0000,1.0000,0.0000,3.482,4648,3.489,0.2620,3,-0.382,-0.989,0.1539,0.1373,0.6043,0.1448,0.1125,0.1083,0.9789,0.8110,47.90,1.1736,46.73,44.58,57.19,72.88,True,True,True,True,True,True,True,,pass,90.0,True,flat_trained_bc_ppo_terminal_policy_inference,7304,412.8,True,0
R3,door_left,2,0.020,0.850,0.775,0.0000,1.0000,0.0000,3.482,4648,3.451,0.2620,3,-0.413,-1.000,0.1441,0.1252,0.6057,0.2064,0.0996,0.1031,0.9358,0.7008,47.58,1.1874,46.39,43.35,60.66,73.32,True,True,True,True,True,True,True,,pass,90.0,True,flat_trained_bc_ppo_terminal_policy_inference,7305,417.4,True,0
R3,door_left,3,0.020,0.850,0.865,0.0000,1.0000,0.0000,3.465,4648,6.859,0.2620,9,-0.925,-0.012,0.2192,0.1448,0.9291,0.1531,0.1480,0.1099,1.3005,0.9032,42.41,1.7820,40.63,37.25,57.01,69.23,False,True,True,True,True,True,False,gu_below_target(69.2<70),rework_candidate,90.0,True,flat_trained_bc_ppo_terminal_policy_inference,7306,629.9,True,2
R3,door_left,4,0.020,0.850,0.955,0.0000,1.0000,0.0000,3.455,4648,8.715,0.2620,9,-0.984,+0.526,0.1610,0.1338,0.8562,0.2493,0.1066,0.1083,1.1723,0.8215,40.43,1.3956,39.03,35.73,53.66,68.12,False,True,True,True,True,True,False,gu_below_target(68.1<70),spot_repaint_review,90.0,True,flat_trained_bc_ppo_terminal_policy_inference,7307,495.7,True,2
R3,door_left,5,0.260,0.850,0.595,0.0000,1.0000,0.0000,3.471,4648,5.603,0.2620,3,-0.973,-0.376,0.1318,0.1135,0.4057,0.1946,0.1012,0.0916,0.8325,0.6400,41.20,0.7246,40.48,39.18,55.42,71.85,True,True,True,True,True,True,True,,pass,90.0,True,flat_trained_bc_ppo_terminal_policy_inference,7308,257.1,True,0
R3,door_left,6,0.260,0.850,0.685,0.0000,1.0000,0.0000,3.479,4648,4.194,0.2620,3,-0.794,-0.784,0.1786,0.1290,0.7052,0.2589,0.1358,0.0990,1.0768,0.8505,43.35,0.9751,42.37,40.16,59.57,71.55,True,True,True,True,True,True,True,,pass,90.0,True,flat_trained_bc_ppo_terminal_policy_inference,7309,343.5,True,0
R3,door_left,7,0.260,0.850,0.775,0.0000,1.0000,0.0000,3.481,4648,3.653,0.2620,6,-0.147,-0.941,0.3124,0.2549,1.7567,0.6976,0.1880,0.1999,2.1217,1.6842,49.36,2.2443,47.12,45.34,59.53,70.50,True,True,True,True,True,True,True,,pass,90.0,True,flat_trained_bc_ppo_terminal_policy_inference,7310,788.4,True,1
R3,door_left,8,0.260,0.850,0.865,0.0000,1.0000,0.0000,3.465,4648,6.891,0.2620,9,-0.837,-0.003,0.3123,0.2806,1.6111,0.7582,0.1867,0.2192,1.9776,1.8084,41.68,1.7662,39.91,36.66,58.20,66.28,False,False,True,True,True,True,False,gu_below_target(66.3<70);ra_above_target(0.219>0.20),rework_candidate,90.0,True,flat_trained_bc_ppo_terminal_policy_inference,7311,627.0,True,2
R3,door_left,9,0.260,0.850,0.955,0.0000,1.0000,0.0000,3.482,4648,3.485,0.2620,3,-0.453,-0.990,0.1859,0.1588,0.7323,0.3288,0.1308,0.1241,1.2195,1.0127,47.18,1.1755,46.00,43.06,52.89,71.47,True,True,True,True,True,True,True,,pass,90.0,True,flat_trained_bc_ppo_terminal_policy_inference,7312,413.3,True,0
R3,door_left,10,0.500,0.850,0.595,0.0000,1.0000,0.0000,3.481,4648,3.744,0.2620,6,-0.163,-0.915,0.2894,0.2405,1.5869,0.5556,0.1818,0.1855,1.9881,1.6065,49.80,2.1865,47.61,44.78,61.98,71.22,True,True,True,True,True,True,True,,pass,90.0,True,flat_trained_bc_ppo_terminal_policy_inference,7313,769.3,True,1
R3,door_left,11,0.500,0.850,0.685,0.0000,1.0000,0.0000,3.482,4648,3.452,0.2620,3,-0.266,-0.999,0.2425,0.1695,1.3084,0.6534,0.1604,0.1326,1.5851,1.2715,47.39,1.1873,46.20,45.47,56.08,70.32,True,True,True,True,True,True,True,,pass,90.0,True,flat_trained_bc_ppo_terminal_policy_inference,7314,417.2,True,0
R3,door_left,12,0.500,0.850,0.775,0.0000,1.0000,0.0000,3.466,4648,6.688,0.2620,9,-0.778,-0.062,0.2613,0.2178,1.4175,0.6371,0.1523,0.1688,1.8340,1.4973,43.22,1.8236,41.40,40.21,57.72,69.61,False,True,True,True,True,True,False,gu_below_target(69.6<70),rework_candidate,90.0,True,flat_trained_bc_ppo_terminal_policy_inference,7315,646.1,True,2
R3,door_left,13,0.500,0.850,0.865,0.0000,1.0000,0.0000,3.474,4648,5.166,0.2620,6,-0.674,-0.503,0.2256,0.1651,1.1625,0.4924,0.1352,0.1295,1.5540,1.1742,44.62,1.5794,43.04,40.85,55.89,70.65,True,True,True,True,True,True,True,,pass,90.0,True,flat_trained_bc_ppo_terminal_policy_inference,7316,557.6,True,1
R3,door_left,14,0.500,0.850,0.955,0.0000,1.0000,0.0000,3.475,4648,4.839,0.2620,6,-0.606,-0.597,0.2578,0.1968,1.3420,0.4717,0.1525,0.1461,1.7971,1.4155,44.99,1.6893,43.30,40.55,56.71,70.07,True,True,True,True,True,True,True,,pass,90.0,True,flat_trained_bc_ppo_terminal_policy_inference,7317,595.3,True,1
R3,door_left,15,0.740,0.850,0.595,0.0000,1.0000,0.0000,3.478,4648,4.333,0.2620,3,-0.889,-0.744,0.1690,0.1274,0.6456,0.3039,0.1224,0.1032,1.0438,0.7551,42.89,0.9415,41.95,38.92,47.96,70.27,True,True,True,True,True,True,True,,pass,90.0,True,flat_trained_bc_ppo_terminal_policy_inference,7318,332.5,True,0
R3,door_left,16,0.740,0.850,0.685,0.0000,1.0000,0.0000,3.478,4648,4.382,0.2620,6,-0.463,-0.730,0.2769,0.1787,1.5138,0.6257,0.1758,0.1343,1.8413,1.2615,46.52,1.8681,44.65,40.70,53.86,70.07,True,True,True,True,True,True,True,,pass,90.0,True,flat_trained_bc_ppo_terminal_policy_inference,7319,657.3,True,1
R3,door_left,17,0.740,0.850,0.775,0.0000,1.0000,0.0000,3.482,4648,3.605,0.2620,3,-0.354,-0.955,0.2392,0.1986,1.3326,0.9037,0.1458,0.1476,1.7172,1.4781,47.72,1.1356,46.58,43.53,61.97,70.47,True,True,True,True,True,True,True,,pass,90.0,True,flat_trained_bc_ppo_terminal_policy_inference,7320,399.6,True,0
R3,door_left,18,0.740,0.850,0.865,0.0000,1.0000,0.0000,3.470,4648,5.788,0.2620,3,-0.934,-0.322,0.1179,0.0819,0.5138,0.2176,0.0916,0.0632,0.7865,0.5545,42.12,0.7052,41.41,38.60,60.89,71.93,True,True,True,True,True,True,True,,pass,90.0,True,flat_trained_bc_ppo_terminal_policy_inference,7321,248.9,True,0
R3,door_left,19,0.740,0.850,0.955,0.0000,1.0000,0.0000,3.466,4648,6.661,0.2620,9,-0.832,-0.070,0.2954,0.2303,1.5868,0.7120,0.1823,0.1851,1.9615,1.4178,42.06,1.8283,40.23,37.88,58.00,67.44,False,True,True,True,True,True,False,gu_below_target(67.4<70),rework_candidate,90.0,True,flat_trained_bc_ppo_terminal_policy_inference,7322,648.7,True,2
R3,door_left,20,0.980,0.850,0.595,0.0000,1.0000,0.0000,3.480,4648,3.828,0.2620,3,-0.758,-0.890,0.1676,0.1545,0.7740,0.3409,0.1134,0.1219,1.1744,1.0143,44.16,1.0667,43.09,40.92,55.87,71.17,True,True,True,True,True,True,True,,pass,90.0,True,flat_trained_bc_ppo_terminal_policy_inference,7323,376.2,True,0
R3,door_left,21,0.980,0.850,0.685,0.0000,1.0000,0.0000,3.482,4648,3.489,0.2620,3,-0.278,-0.989,0.1553,0.1389,0.7763,0.3345,0.1071,0.1091,1.0970,0.8617,49.19,1.1737,48.02,45.08,60.61,73.03,True,True,True,True,True,True,True,,pass,90.0,True,flat_trained_bc_ppo_terminal_policy_inference,7324,412.8,True,0
R3,door_left,22,0.980,0.850,0.775,0.0000,1.0000,0.0000,3.479,4648,4.172,0.2620,3,-0.783,-0.791,0.1517,0.0857,0.6066,0.3205,0.1143,0.0667,0.9900,0.5358,44.28,0.9852,43.29,39.62,61.20,72.31,True,True,True,True,True,True,True,,pass,90.0,True,flat_trained_bc_ppo_terminal_policy_inference,7325,345.3,True,0
R3,door_left,23,0.980,0.850,0.865,0.0000,1.0000,0.0000,3.471,4648,5.691,0.2620,9,-0.611,-0.351,0.2741,0.1812,1.3415,0.3177,0.1855,0.1368,1.6441,1.2106,45.32,2.1513,43.17,41.30,52.50,69.80,False,True,True,True,True,True,False,gu_below_target(69.8<70),rework_candidate,90.0,True,flat_trained_bc_ppo_terminal_policy_inference,7326,759.3,True,2
R3,door_left,24,0.980,0.850,0.955,0.0000,1.0000,0.0000,3.482,4648,3.497,0.2620,3,-0.510,-0.986,0.1533,0.1415,0.8654,0.4806,0.1047,0.1137,1.0698,0.7729,45.75,1.1709,44.58,44.15,49.78,71.34,True,True,True,True,True,True,True,,pass,90.0,True,flat_trained_bc_ppo_terminal_policy_inference,7327,411.8,True,0
R4,door_right,0,0.020,-0.850,0.595,0.0000,-1.0000,0.0000,3.471,4648,5.735,0.2620,3,-0.929,-0.338,0.1245,0.1144,0.3810,0.1915,0.0959,0.0896,0.8339,0.7163,42.03,0.7107,41.32,38.21,59.93,71.77,True,True,True,True,True,True,True,,pass,90.0,True,flat_trained_bc_ppo_terminal_policy_inference,7404,251.2,True,0
R4,door_right,1,0.020,-0.850,0.685,0.0000,-1.0000,0.0000,3.476,4648,4.639,0.2620,6,-0.590,-0.655,0.2658,0.1801,1.2267,0.3856,0.1779,0.1375,1.5297,1.1725,44.88,1.7623,43.12,40.79,52.82,70.31,True,True,True,True,True,True,True,,pass,90.0,True,flat_trained_bc_ppo_terminal_policy_inference,7405,620.9,True,1
R4,door_right,2,0.020,-0.850,0.775,0.0000,-1.0000,0.0000,3.481,4648,3.718,0.2620,3,-0.537,-0.922,0.1074,0.1103,0.8340,0.2585,0.0724,0.0874,0.9044,0.5862,46.79,1.1017,45.69,42.78,63.13,73.66,True,True,True,True,True,True,True,,pass,90.0,True,flat_trained_bc_ppo_terminal_policy_inference,7406,387.4,True,0
R4,door_right,3,0.020,-0.850,0.865,0.0000,-1.0000,0.0000,3.482,4648,3.489,0.2620,3,-0.340,-0.989,0.2293,0.1680,0.9625,0.4845,0.1535,0.1331,1.3341,0.9612,47.77,1.1741,46.60,43.51,58.19,70.80,True,True,True,True,True,True,True,,pass,90.0,True,flat_trained_bc_ppo_terminal_policy_inference,7407,412.9,True,0
R4,door_right,4,0.020,-0.850,0.955,0.0000,-1.0000,0.0000,3.470,4648,5.837,0.2620,9,-0.593,-0.308,0.3347,0.2795,1.8691,0.8466,0.1926,0.2121,2.2330,1.8728,44.85,2.0959,42.75,40.03,52.42,68.37,False,False,True,True,True,True,False,gu_below_target(68.4<70);ra_above_target(0.212>0.20),rework_candidate,90.0,True,flat_trained_bc_ppo_terminal_policy_inference,7408,740.2,True,2
R4,door_right,5,0.260,-0.850,0.595,0.0000,-1.0000,0.0000,3.480,4648,3.909,0.2620,3,-0.730,-0.867,0.1271,0.1138,0.4180,0.1089,0.0960,0.0871,0.8103,0.6343,44.95,1.0483,43.90,40.67,51.20,72.98,True,True,True,True,True,True,True,,pass,90.0,True,flat_trained_bc_ppo_terminal_policy_inference,7409,368.4,True,0
R4,door_right,6,0.260,-0.850,0.685,0.0000,-1.0000,0.0000,3.472,4648,5.400,0.2620,3,-0.910,-0.435,0.1584,0.1008,0.5558,0.3154,0.1200,0.0764,1.0242,0.7382,42.35,0.7581,41.59,38.30,58.35,70.27,True,True,True,True,True,True,True,,pass,90.0,True,flat_trained_bc_ppo_terminal_policy_inference,7410,266.8,True,0
R4,door_right,7,0.260,-0.850,0.775,0.0000,-1.0000,0.0000,3.469,4648,6.071,0.2620,3,-0.951,-0.240,0.1204,0.0874,0.6358,0.4230,0.0832,0.0669,0.8947,0.6649,41.10,0.6708,40.43,38.01,58.04,70.97,True,True,True,True,True,True,True,,pass,90.0,True,flat_trained_bc_ppo_terminal_policy_inference,7411,237.3,True,0
R4,door_right,8,0.260,-0.850,0.865,0.0000,-1.0000,0.0000,3.478,4648,4.312,0.2620,6,-0.366,-0.750,0.2709,0.1884,1.2718,0.3204,0.1854,0.1442,1.6761,1.1841,47.40,1.8992,45.50,42.97,51.14,70.64,True,True,True,True,True,True,True,,pass,90.0,True,flat_trained_bc_ppo_terminal_policy_inference,7412,667.9,True,1
R4,door_right,9,0.260,-0.850,0.955,0.0000,-1.0000,0.0000,3.482,4648,3.541,0.2620,6,-0.103,-0.974,0.3107,0.2526,1.6147,0.5992,0.1914,0.1945,2.1731,1.7008,49.76,2.3145,47.45,46.85,60.08,71.00,True,True,True,True,True,True,True,,pass,90.0,True,flat_trained_bc_ppo_terminal_policy_inference,7413,813.5,True,1
R4,door_right,10,0.500,-0.850,0.595,0.0000,-1.0000,0.0000,3.471,4648,5.639,0.2620,9,-0.514,-0.366,0.3879,0.2568,1.7815,0.6565,0.2589,0.1935,2.1589,1.8081,45.06,2.1743,42.89,39.12,48.36,66.60,False,True,True,True,True,True,False,gu_below_target(66.6<70),rework_candidate,90.0,True,flat_trained_bc_ppo_terminal_policy_inference,7414,766.2,True,2
R4,door_right,11,0.500,-0.850,0.685,0.0000,-1.0000,0.0000,3.473,4648,5.282,0.2620,9,-0.436,-0.469,0.3309,0.2017,1.5217,0.4386,0.2275,0.1555,1.8424,1.3621,46.44,2.3241,44.12,41.59,50.66,69.39,False,True,True,True,True,True,False,gu_below_target(69.4<70),rework_candidate,90.0,True,flat_trained_bc_ppo_terminal_policy_inference,7415,818.1,True,2
R4,door_right,12,0.500,-0.850,0.775,0.0000,-1.0000,0.0000,3.460,4648,7.766,0.2620,9,-0.976,+0.251,0.2369,0.1931,1.1191,0.4761,0.1492,0.1507,1.5914,1.2251,40.16,1.5644,38.60,35.60,50.68,65.48,False,True,True,True,True,True,False,gu_below_target(65.5<70),spot_repaint_review,90.0,True,flat_trained_bc_ppo_terminal_policy_inference,7416,556.4,True,2
R4,door_right,13,0.500,-0.850,0.865,0.0000,-1.0000,0.0000,3.459,4648,8.068,0.2620,9,-0.964,+0.338,0.2302,0.1714,1.2902,0.5771,0.1426,0.1301,1.5896,1.1653,40.46,1.5144,38.95,36.47,51.12,66.92,False,True,True,True,True,True,False,gu_below_target(66.9<70),rework_candidate,90.0,True,flat_trained_bc_ppo_terminal_policy_inference,7417,535.6,True,2
R4,door_right,14,0.500,-0.850,0.955,0.0000,-1.0000,0.0000,3.475,4648,4.949,0.2620,9,-0.329,-0.566,0.3904,0.2631,1.8219,0.6182,0.2426,0.1981,2.2709,1.8196,47.37,2.4780,44.89,41.48,48.85,68.20,False,True,True,True,True,True,False,gu_below_target(68.2<70),rework_candidate,90.0,True,flat_trained_bc_ppo_terminal_policy_inference,7418,873.0,True,2
R4,door_right,15,0.740,-0.850,0.595,0.0000,-1.0000,0.0000,3.465,4648,6.920,0.2620,6,-0.960,+0.006,0.2736,0.1865,1.1380,0.6682,0.1880,0.1419,1.6115,1.2947,40.10,1.1765,38.92,35.45,55.72,65.35,False,True,True,True,True,True,False,gu_below_target(65.4<70);clearcoat_budget_exhausted,spot_repaint_review,90.0,True,flat_trained_bc_ppo_terminal_policy_inference,7419,416.2,True,1
R4,door_right,16,0.740,-0.850,0.685,0.0000,-1.0000,0.0000,3.481,4648,3.697,0.2620,3,-0.719,-0.928,0.1536,0.1488,0.8317,0.3632,0.0999,0.1227,1.0802,0.8219,44.11,1.1059,43.00,42.19,67.97,72.64,True,True,True,True,True,True,True,,pass,90.0,True,flat_trained_bc_ppo_terminal_policy_inference,7420,389.5,True,0
R4,door_right,17,0.740,-0.850,0.775,0.0000,-1.0000,0.0000,3.469,4648,6.088,0.2620,3,-0.956,-0.235,0.1525,0.0881,0.6589,0.3646,0.1130,0.0628,0.9925,0.7298,41.16,0.6731,40.49,37.62,61.23,70.59,True,True,True,True,True,True,True,,pass,90.0,True,flat_trained_bc_ppo_terminal_policy_inference,7421,236.6,True,0
R4,door_right,18,0.740,-0.850,0.865,0.0000,-1.0000,0.0000,3.477,4648,4.575,0.2620,9,-0.232,-0.674,0.3257,0.2475,1.6492,0.4256,0.1821,0.1955,1.8730,1.4785,48.80,2.6792,46.12,44.26,54.77,69.45,False,True,True,True,True,True,False,gu_below_target(69.5<70),rework_candidate,90.0,True,flat_trained_bc_ppo_terminal_policy_inference,7422,944.4,True,2
R4,door_right,19,0.740,-0.850,0.955,0.0000,-1.0000,0.0000,3.470,4648,5.962,0.2620,9,-0.594,-0.272,0.2665,0.2313,1.6800,0.7329,0.1682,0.1738,2.0226,1.5400,45.22,2.0478,43.17,40.07,52.20,70.01,True,True,True,True,True,True,True,,pass,90.0,True,flat_trained_bc_ppo_terminal_policy_inference,7423,724.8,True,2
R4,door_right,20,0.980,-0.850,0.595,0.0000,-1.0000,0.0000,3.472,4648,5.451,0.2620,6,-0.817,-0.420,0.2042,0.1517,0.9641,0.3814,0.1323,0.1152,1.4129,1.0398,43.53,1.4969,42.03,39.98,59.16,70.53,True,True,True,True,True,True,True,,pass,90.0,True,flat_trained_bc_ppo_terminal_policy_inference,7424,528.4,True,1
R4,door_right,21,0.980,-0.850,0.685,0.0000,-1.0000,0.0000,3.482,4648,3.490,0.2620,3,-0.373,-0.989,0.2361,0.1850,0.9291,0.4278,0.1663,0.1458,1.3502,1.1285,47.46,1.1737,46.29,43.95,54.14,70.34,True,True,True,True,True,True,True,,pass,90.0,True,flat_trained_bc_ppo_terminal_policy_inference,7425,412.7,True,0
R4,door_right,22,0.980,-0.850,0.775,0.0000,-1.0000,0.0000,3.462,4648,7.481,0.2620,6,-0.971,+0.169,0.1502,0.1465,0.4696,0.1403,0.1115,0.1099,1.0729,0.9130,41.27,1.0845,40.19,38.25,51.02,70.80,True,True,True,True,True,True,True,,pass,90.0,True,flat_trained_bc_ppo_terminal_policy_inference,7426,385.0,True,1
R4,door_right,23,0.980,-0.850,0.865,0.0000,-1.0000,0.0000,3.474,4648,5.015,0.2620,9,-0.358,-0.547,0.3252,0.1821,1.3972,0.3042,0.2194,0.1403,1.8777,1.1333,47.42,2.4495,44.97,42.07,50.50,69.75,False,True,True,True,True,True,False,gu_below_target(69.7<70),rework_candidate,90.0,True,flat_trained_bc_ppo_terminal_policy_inference,7427,861.7,True,2
R4,door_right,24,0.980,-0.850,0.955,0.0000,-1.0000,0.0000,3.480,4648,3.848,0.2620,3,-0.714,-0.885,0.1345,0.1106,0.3539,0.0686,0.1040,0.0829,0.8095,0.6564,45.33,1.0634,44.27,40.87,60.40,73.06,True,True,True,True,True,True,True,,pass,90.0,True,flat_trained_bc_ppo_terminal_policy_inference,7428,374.3,True,0
R5,fender_left,0,1.960,0.725,0.640,0.1500,0.9703,0.1900,3.482,4648,3.553,0.2620,3,-0.565,-0.970,0.1826,0.1587,0.8351,0.3047,0.1202,0.1253,1.1341,0.9331,45.66,1.1514,44.51,42.25,52.27,71.14,True,True,True,True,True,True,True,,pass,79.0,True,flat_trained_bc_ppo_terminal_policy_inference,7505,405.3,True,0
R5,fender_left,1,1.960,0.735,0.700,0.1500,0.9703,0.1900,3.460,4648,7.852,0.2620,6,-0.968,+0.276,0.1556,0.1321,1.0472,0.6377,0.1021,0.0970,1.0425,0.7501,40.50,1.0345,39.47,36.04,61.97,69.99,False,True,True,True,True,True,False,gu_below_target(70.0<70),rework_candidate,79.0,True,flat_trained_bc_ppo_terminal_policy_inference,7506,366.8,True,1
R5,fender_left,2,1.960,0.745,0.760,0.1500,0.9703,0.1900,3.478,4648,4.208,0.2620,3,-0.635,-0.780,0.2133,0.1884,1.5203,1.0885,0.1175,0.1256,1.7083,1.5421,45.12,0.9746,44.15,41.06,66.49,70.83,True,True,True,True,True,True,True,,pass,79.0,True,flat_trained_bc_ppo_terminal_policy_inference,7507,342.3,True,0
R5,fender_left,3,1.960,0.755,0.820,0.1500,0.9703,0.1900,3.466,4648,6.729,0.2620,9,-0.823,-0.050,0.3372,0.1665,1.4980,0.6954,0.2196,0.1207,1.9861,1.2181,41.93,1.8249,40.11,36.48,47.31,66.18,False,True,True,True,True,True,False,gu_below_target(66.2<70),rework_candidate,79.0,True,flat_trained_bc_ppo_terminal_policy_inference,7508,642.1,True,2
R5,fender_left,4,1.960,0.765,0.880,0.1500,0.9703,0.1900,3.463,4648,7.236,0.2620,9,-0.961,+0.097,0.2710,0.1528,1.2378,0.4453,0.1849,0.1123,1.5557,1.1696,40.98,1.6889,39.29,36.72,56.88,67.72,False,True,True,True,True,True,False,gu_below_target(67.7<70),rework_candidate,79.0,True,flat_trained_bc_ppo_terminal_policy_inference,7509,597.1,True,2
R5,fender_left,5,2.080,0.725,0.660,0.1500,0.9703,0.1900,3.480,4648,3.986,0.2620,6,-0.218,-0.845,0.3059,0.2374,1.5612,0.5925,0.2066,0.1866,1.9205,1.5872,48.27,2.0534,46.22,44.05,53.69,70.12,True,True,True,True,True,True,True,,pass,79.0,True,flat_trained_bc_ppo_terminal_policy_inference,7510,722.6,True,1
R5,fender_left,6,2.080,0.735,0.720,0.1500,0.9703,0.1900,3.470,4648,5.789,0.2620,9,-0.620,-0.322,0.2608,0.2117,1.3498,0.5943,0.1558,0.1637,1.7817,1.3736,45.18,2.1103,43.07,39.65,56.97,69.80,False,True,True,True,True,True,False,gu_below_target(69.8<70),rework_candidate,79.0,True,flat_trained_bc_ppo_terminal_policy_inference,7511,746.3,True,2
R5,fender_left,7,2.080,0.745,0.780,0.1500,0.9703,0.1900,3.482,4648,3.505,0.2620,3,-0.677,-0.984,0.1806,0.1526,0.8450,0.3087,0.1218,0.1231,1.0982,0.8273,44.74,1.1682,43.57,41.20,52.72,71.20,True,True,True,True,True,True,True,,pass,79.0,True,flat_trained_bc_ppo_terminal_policy_inference,7512,410.9,True,0
R5,fender_left,8,2.080,0.755,0.840,0.1500,0.9703,0.1900,3.467,4648,6.410,0.2620,9,-0.750,-0.142,0.3239,0.2325,1.5593,0.7539,0.2127,0.1772,1.9752,1.5715,43.10,1.9083,41.19,37.83,48.48,66.95,False,True,True,True,True,True,False,gu_below_target(67.0<70),rework_candidate,79.0,True,flat_trained_bc_ppo_terminal_policy_inference,7513,674.1,True,2
R5,fender_left,9,2.080,0.765,0.900,0.1500,0.9703,0.1900,3.482,4648,3.489,0.2620,3,-0.344,-0.989,0.2121,0.1680,0.9752,0.4620,0.1424,0.1305,1.3502,1.1117,46.82,1.1741,45.65,45.19,53.79,71.22,True,True,True,True,True,True,True,,pass,79.0,True,flat_trained_bc_ppo_terminal_policy_inference,7514,412.9,True,0
R5,fender_left,10,2.200,0.725,0.680,0.1500,0.9703,0.1900,3.482,4648,3.488,0.2620,3,-0.335,-0.989,0.1649,0.1271,0.8826,0.4004,0.1074,0.0998,1.1613,0.8274,48.27,1.1739,47.10,45.21,64.47,73.08,True,True,True,True,True,True,True,,pass,79.0,True,flat_trained_bc_ppo_terminal_policy_inference,7515,412.9,True,0
R5,fender_left,11,2.200,0.735,0.740,0.1500,0.9703,0.1900,3.481,4648,3.754,0.2620,6,-0.141,-0.912,0.3246,0.2438,1.6906,0.6429,0.1823,0.1887,2.1924,1.6122,49.37,2.1811,47.19,44.45,60.31,70.41,True,True,True,True,True,True,True,,pass,79.0,True,flat_trained_bc_ppo_terminal_policy_inference,7516,767.3,True,1
R5,fender_left,12,2.200,0.745,0.800,0.1500,0.9703,0.1900,3.461,4648,7.669,0.2620,9,-0.921,+0.223,0.2372,0.1913,1.6652,1.0419,0.1379,0.1341,1.8457,1.4283,41.47,1.5943,39.88,37.36,61.95,68.51,False,True,True,True,True,True,False,gu_below_target(68.5<70),rework_candidate,79.0,True,flat_trained_bc_ppo_terminal_policy_inference,7517,563.4,True,2
R5,fender_left,13,2.200,0.755,0.860,0.1500,0.9703,0.1900,3.471,4648,5.619,0.2620,9,-0.520,-0.371,0.3400,0.2570,1.4697,0.4823,0.2149,0.2001,1.8814,1.5832,45.29,2.1775,43.11,41.51,50.70,68.96,False,False,True,True,True,True,False,gu_below_target(69.0<70);ra_above_target(0.200>0.20),rework_candidate,79.0,True,flat_trained_bc_ppo_terminal_policy_inference,7518,769.0,True,2
R5,fender_left,14,2.200,0.765,0.920,0.1500,0.9703,0.1900,3.470,4648,5.795,0.2620,3,-0.907,-0.320,0.1428,0.1082,0.7148,0.3690,0.0995,0.0814,0.9780,0.7384,41.61,0.7075,40.90,37.40,57.15,70.31,True,True,True,True,True,True,True,,pass,79.0,True,flat_trained_bc_ppo_terminal_policy_inference,7519,248.6,True,0
R5,fender_left,15,2.320,0.725,0.700,0.1500,0.9703,0.1900,3.482,4648,3.471,0.2620,3,-0.464,-0.994,0.1441,0.1199,0.6450,0.2433,0.1075,0.0966,0.9942,0.6622,47.28,1.1803,46.10,43.18,52.28,72.34,True,True,True,True,True,True,True,,pass,79.0,True,flat_trained_bc_ppo_terminal_policy_inference,7520,415.0,True,0
R5,fender_left,16,2.320,0.735,0.760,0.1500,0.9703,0.1900,3.473,4648,5.217,0.2620,3,-0.985,-0.488,0.1863,0.1686,0.9822,0.5488,0.1205,0.1246,1.2745,1.1337,40.24,0.7787,39.46,39.10,63.43,70.49,True,True,True,True,True,True,True,,pass,79.0,True,flat_trained_bc_ppo_terminal_policy_inference,7521,276.1,True,0
R5,fender_left,17,2.320,0.745,0.820,0.1500,0.9703,0.1900,3.480,4648,4.009,0.2620,3,-0.742,-0.838,0.1179,0.1011,0.7680,0.3090,0.0848,0.0794,0.8244,0.6220,44.68,1.0204,43.66,41.26,63.90,73.17,True,True,True,True,True,True,True,,pass,79.0,True,flat_trained_bc_ppo_terminal_policy_inference,7522,359.3,True,0
R5,fender_left,18,2.320,0.755,0.880,0.1500,0.9703,0.1900,3.479,4648,4.202,0.2620,6,-0.367,-0.782,0.2545,0.1768,1.1211,0.2447,0.1741,0.1397,1.4553,0.9927,46.58,1.9500,44.63,44.02,56.55,71.27,True,True,True,True,True,True,True,,pass,79.0,True,flat_trained_bc_ppo_terminal_policy_inference,7523,685.4,True,1
R5,fender_left,19,2.320,0.765,0.940,0.1500,0.9703,0.1900,3.475,4648,4.840,0.2620,9,-0.319,-0.597,0.3383,0.2201,1.5435,0.4900,0.2142,0.1677,1.8906,1.4558,47.83,2.5373,45.29,43.27,50.31,69.39,False,True,True,True,True,True,False,gu_below_target(69.4<70),rework_candidate,79.0,True,flat_trained_bc_ppo_terminal_policy_inference,7524,892.6,True,2
R5,fender_left,20,2.440,0.725,0.720,0.1500,0.9703,0.1900,3.482,4648,3.488,0.2620,3,-0.193,-0.989,0.2005,0.1448,0.9119,0.4001,0.1398,0.1124,1.3145,0.9983,48.73,1.1741,47.56,47.13,55.28,71.88,True,True,True,True,True,True,True,,pass,79.0,True,flat_trained_bc_ppo_terminal_policy_inference,7525,412.9,True,0
R5,fender_left,21,2.440,0.735,0.780,0.1500,0.9703,0.1900,3.468,4648,6.198,0.2620,6,-0.861,-0.203,0.1988,0.1524,1.7884,1.1326,0.1234,0.1219,1.6659,1.0614,42.12,1.3131,40.81,38.97,56.44,70.00,True,True,True,True,True,True,True,,pass,79.0,True,flat_trained_bc_ppo_terminal_policy_inference,7526,464.7,True,1
R5,fender_left,22,2.440,0.745,0.840,0.1500,0.9703,0.1900,3.482,4648,3.489,0.2620,3,-0.333,-0.989,0.1398,0.1249,0.4490,0.1279,0.1094,0.1010,0.8556,0.6197,48.35,1.1737,47.18,44.59,58.86,73.86,True,True,True,True,True,True,True,,pass,79.0,True,flat_trained_bc_ppo_terminal_policy_inference,7527,412.8,True,0
R5,fender_left,23,2.440,0.755,0.900,0.1500,0.9703,0.1900,3.462,4648,7.486,0.2620,9,-0.863,+0.170,0.2987,0.2911,1.7103,0.9364,0.1751,0.2204,2.3853,2.1650,41.45,1.6200,39.83,37.90,64.23,67.65,False,False,False,True,True,True,False,gu_below_target(67.7<70);ra_above_target(0.220>0.20);rz_above_target(2.16>2.0),rework_candidate,79.0,True,flat_trained_bc_ppo_terminal_policy_inference,7528,577.2,True,2
R5,fender_left,24,2.440,0.765,0.960,0.1500,0.9703,0.1900,3.480,4648,3.946,0.2620,3,-0.847,-0.856,0.1816,0.1287,0.9204,0.4186,0.1227,0.0973,1.3080,0.9354,42.36,1.0388,41.32,40.95,55.61,71.06,True,True,True,True,True,True,True,,pass,79.0,True,flat_trained_bc_ppo_terminal_policy_inference,7529,365.0,True,0
R6,fender_right,0,1.960,-0.725,0.640,0.1500,-0.9703,0.1900,3.480,4648,3.874,0.2620,3,-0.679,-0.877,0.1230,0.1332,0.4969,0.0801,0.0936,0.1069,0.7289,0.7106,45.25,1.0552,44.19,40.18,58.15,73.01,True,True,True,True,True,True,True,,pass,79.0,True,flat_trained_bc_ppo_terminal_policy_inference,7606,371.8,True,0
R6,fender_right,1,1.960,-0.735,0.700,0.1500,-0.9703,0.1900,3.480,4648,3.913,0.2620,3,-0.769,-0.866,0.1473,0.1295,0.5129,0.2436,0.1119,0.1048,0.9557,0.7120,44.34,1.0449,43.30,40.06,50.82,71.68,True,True,True,True,True,True,True,,pass,79.0,True,flat_trained_bc_ppo_terminal_policy_inference,7607,368.0,True,0
R6,fender_right,2,1.960,-0.745,0.760,0.1500,-0.9703,0.1900,3.482,4648,3.454,0.2620,3,-0.232,-0.999,0.1891,0.1495,0.7629,0.3052,0.1346,0.1186,1.1785,0.9467,49.30,1.1867,48.11,45.12,57.29,72.05,True,True,True,True,True,True,True,,pass,79.0,True,flat_trained_bc_ppo_terminal_policy_inference,7608,417.1,True,0
R6,fender_right,3,1.960,-0.755,0.820,0.1500,-0.9703,0.1900,3.482,4648,3.453,0.2620,3,-0.423,-0.999,0.1200,0.1138,0.5976,0.1468,0.0833,0.0902,0.8840,0.5323,47.57,1.1865,46.38,43.28,63.03,73.80,True,True,True,True,True,True,True,,pass,79.0,True,flat_trained_bc_ppo_terminal_policy_inference,7609,417.1,True,0
R6,fender_right,4,1.960,-0.765,0.880,0.1500,-0.9703,0.1900,3.468,4648,6.217,0.2620,9,-0.743,-0.198,0.2932,0.2056,1.1572,0.3830,0.2100,0.1583,1.7768,1.3099,43.80,1.9645,41.84,39.71,52.78,69.07,False,True,True,True,True,True,False,gu_below_target(69.1<70),rework_candidate,79.0,True,flat_trained_bc_ppo_terminal_policy_inference,7610,695.0,True,2
R6,fender_right,5,2.080,-0.725,0.660,0.1500,-0.9703,0.1900,3.467,4648,6.384,0.2620,9,-0.819,-0.150,0.2981,0.2304,1.3305,0.4798,0.2048,0.1815,1.7402,1.4092,42.84,1.9128,40.93,38.17,50.12,68.07,False,True,True,True,True,True,False,gu_below_target(68.1<70),rework_candidate,79.0,True,flat_trained_bc_ppo_terminal_policy_inference,7611,676.8,True,2
R6,fender_right,6,2.080,-0.735,0.720,0.1500,-0.9703,0.1900,3.472,4648,5.504,0.2620,9,-0.527,-0.405,0.2975,0.2041,1.2554,0.2859,0.2020,0.1603,1.8527,1.2774,46.05,2.2240,43.83,40.87,52.48,69.88,False,True,True,True,True,True,False,gu_below_target(69.9<70),rework_candidate,79.0,True,flat_trained_bc_ppo_terminal_policy_inference,7612,785.0,True,2
R6,fender_right,7,2.080,-0.745,0.780,0.1500,-0.9703,0.1900,3.480,4648,3.994,0.2620,3,-0.788,-0.842,0.1566,0.1384,0.7294,0.2947,0.1015,0.1078,0.9841,0.8413,43.95,1.0243,42.93,39.90,53.38,71.34,True,True,True,True,True,True,True,,pass,79.0,True,flat_trained_bc_ppo_terminal_policy_inference,7613,360.6,True,0
R6,fender_right,8,2.080,-0.755,0.840,0.1500,-0.9703,0.1900,3.482,4648,3.554,0.2620,3,-0.543,-0.970,0.1345,0.1143,0.4732,0.1103,0.1021,0.0896,0.8624,0.6018,46.63,1.1530,45.48,42.83,63.06,73.50,True,True,True,True,True,True,True,,pass,79.0,True,flat_trained_bc_ppo_terminal_policy_inference,7614,405.3,True,0
R6,fender_right,9,2.080,-0.765,0.900,0.1500,-0.9703,0.1900,3.460,4648,7.798,0.2620,9,-0.951,+0.260,0.2389,0.1405,1.3270,0.5740,0.1453,0.1078,1.7481,1.0637,40.75,1.5671,39.18,36.84,58.99,67.80,False,True,True,True,True,True,False,gu_below_target(67.8<70),rework_candidate,79.0,True,flat_trained_bc_ppo_terminal_policy_inference,7615,554.1,True,2
R6,fender_right,10,2.200,-0.725,0.680,0.1500,-0.9703,0.1900,3.482,4648,3.451,0.2620,3,-0.272,-1.000,0.1471,0.1266,0.7129,0.2113,0.1000,0.1018,0.9236,0.6705,48.70,1.1875,47.51,45.66,59.73,73.04,True,True,True,True,True,True,True,,pass,79.0,True,flat_trained_bc_ppo_terminal_policy_inference,7616,417.4,True,0
R6,fender_right,11,2.200,-0.735,0.740,0.1500,-0.9703,0.1900,3.468,4648,6.333,0.2620,9,-0.748,-0.164,0.2603,0.1739,1.3419,0.5657,0.1619,0.1335,1.6773,1.2039,43.94,1.9315,42.01,38.64,55.83,69.15,False,True,True,True,True,True,False,gu_below_target(69.1<70),rework_candidate,79.0,True,flat_trained_bc_ppo_terminal_policy_inference,7617,682.2,True,2
R6,fender_right,12,2.200,-0.745,0.800,0.1500,-0.9703,0.1900,3.472,4648,5.431,0.2620,9,-0.474,-0.426,0.3689,0.2270,1.4625,0.3765,0.2553,0.1767,1.8088,1.3879,45.63,2.2570,43.37,41.08,47.69,68.36,False,True,True,True,True,True,False,gu_below_target(68.4<70),rework_candidate,79.0,True,flat_trained_bc_ppo_terminal_policy_inference,7618,795.5,True,2
R6,fender_right,13,2.200,-0.755,0.860,0.1500,-0.9703,0.1900,3.462,4648,7.507,0.2620,9,-0.972,+0.176,0.2587,0.1506,1.1841,0.3651,0.1734,0.1217,1.4559,0.9639,40.06,1.6302,38.43,35.57,50.57,65.49,False,True,True,True,True,True,False,gu_below_target(65.5<70),spot_repaint_review,79.0,True,flat_trained_bc_ppo_terminal_policy_inference,7619,575.6,True,2
R6,fender_right,14,2.200,-0.765,0.920,0.1500,-0.9703,0.1900,3.482,4648,3.451,0.2620,3,-0.257,-1.000,0.2446,0.1564,1.3331,0.6790,0.1700,0.1214,1.6823,1.1098,48.03,1.1878,46.84,45.80,47.98,70.14,True,True,True,True,True,True,True,,pass,79.0,True,flat_trained_bc_ppo_terminal_policy_inference,7620,417.4,True,0
R6,fender_right,15,2.320,-0.725,0.700,0.1500,-0.9703,0.1900,3.480,4648,3.938,0.2620,3,-0.852,-0.859,0.1588,0.1392,0.7858,0.3803,0.1122,0.1101,1.1432,0.8926,43.31,1.0382,42.27,39.73,59.00,71.25,True,True,True,True,True,True,True,,pass,79.0,True,flat_trained_bc_ppo_terminal_policy_inference,7621,365.8,True,0
R6,fender_right,16,2.320,-0.735,0.760,0.1500,-0.9703,0.1900,3.480,4648,3.844,0.2620,6,-0.218,-0.886,0.3165,0.2500,1.5930,0.6549,0.1898,0.1868,2.0868,1.7203,48.81,2.1324,46.68,44.25,56.73,70.46,True,True,True,True,True,True,True,,pass,79.0,True,flat_trained_bc_ppo_terminal_policy_inference,7622,749.3,True,1
R6,fender_right,17,2.320,-0.745,0.820,0.1500,-0.9703,0.1900,3.457,4648,8.400,0.2620,6,-0.970,+0.435,0.1521,0.1392,0.6294,0.2433,0.1181,0.1134,0.9521,0.7366,40.84,0.9641,39.88,36.63,60.26,70.26,True,True,True,True,True,True,True,,pass,79.0,True,flat_trained_bc_ppo_terminal_policy_inference,7623,342.9,True,1
R6,fender_right,18,2.320,-0.755,0.880,0.1500,-0.9703,0.1900,3.472,4648,5.514,0.2620,3,-0.954,-0.402,0.1369,0.1069,0.5933,0.3018,0.1003,0.0846,0.8932,0.6904,41.46,0.7399,40.72,38.90,57.30,71.41,True,True,True,True,True,True,True,,pass,79.0,True,flat_trained_bc_ppo_terminal_policy_inference,7624,261.2,True,0
R6,fender_right,19,2.320,-0.765,0.940,0.1500,-0.9703,0.1900,3.482,4648,3.576,0.2620,3,-0.753,-0.964,0.2075,0.1873,0.7341,0.2748,0.1496,0.1520,1.1955,1.0321,44.12,1.1445,42.98,40.21,54.45,70.11,True,True,True,True,True,True,True,,pass,79.0,True,flat_trained_bc_ppo_terminal_policy_inference,7625,402.8,True,0
R6,fender_right,20,2.440,-0.725,0.720,0.1500,-0.9703,0.1900,3.481,4648,3.811,0.2620,3,-0.629,-0.895,0.1917,0.1405,1.2177,0.6711,0.1286,0.1071,1.4692,1.1452,44.72,1.0731,43.65,42.21,61.67,71.87,True,True,True,True,True,True,True,,pass,79.0,True,flat_trained_bc_ppo_terminal_policy_inference,7626,377.9,True,0
R6,fender_right,21,2.440,-0.735,0.780,0.1500,-0.9703,0.1900,3.469,4648,6.056,0.2620,6,-0.878,-0.245,0.1859,0.1232,1.0762,0.3691,0.1286,0.0966,1.3218,0.8258,42.90,1.3481,41.55,38.83,53.69,70.65,True,True,True,True,True,True,True,,pass,79.0,True,flat_trained_bc_ppo_terminal_policy_inference,7627,475.6,True,1
R6,fender_right,22,2.440,-0.745,0.840,0.1500,-0.9703,0.1900,3.468,4648,6.307,0.2620,9,-0.773,-0.172,0.3373,0.2089,1.3831,0.5158,0.2368,0.1639,1.7969,1.3400,42.20,1.9384,40.26,39.06,48.34,67.93,False,True,True,True,True,True,False,gu_below_target(67.9<70),rework_candidate,79.0,True,flat_trained_bc_ppo_terminal_policy_inference,7628,685.1,True,2
R6,fender_right,23,2.440,-0.755,0.900,0.1500,-0.9703,0.1900,3.481,4648,3.664,0.2620,6,-0.184,-0.938,0.2637,0.1894,1.2537,0.3685,0.1728,0.1465,1.7131,1.1242,49.63,2.2367,47.39,44.84,55.87,71.47,True,True,True,True,True,True,True,,pass,79.0,True,flat_trained_bc_ppo_terminal_policy_inference,7629,786.1,True,1
R6,fender_right,24,2.440,-0.765,0.960,0.1500,-0.9703,0.1900,3.482,4648,3.488,0.2620,3,-0.448,-0.989,0.1823,0.1461,0.7025,0.2373,0.1332,0.1116,1.1635,0.9324,46.62,1.1740,45.45,44.43,49.20,71.47,True,True,True,True,True,True,True,,pass,79.0,True,flat_trained_bc_ppo_terminal_policy_inference,7630,412.9,True,0
