C17_rand_32_r0,0,421,0.0133333337,0,0,6.01100016,0.0496666655,0.0316666663,0.214127153,0.203829557,0,0,14,3.90715003,11.1203499,0,0,0,0,0,1.78521264,-12.0200768,60.5287361,1.12796211,9.58880234,6.01100016,669.221619,75.1765976,1.65199995,0.0250000004,50,1,0.119999997,0.550000012,0.0133333337
C17_rand_32_r0,0,422,0.0266666673,0,0,6.01100016,0.049333334,0.0313333347,0.211052686,0.200902268,0,0,14,3.90715003,11.1203499,0,0,0,0,0,1.78521264,-12.0200768,60.5287361,1.12796211,9.58880234,6.01100016,669.221619,75.1765976,1.65199995,0.0250000004,50,1,0.119999997,0.550000012,0.0133333337
C17_rand_32_r0,0,423,0.0399999991,0,0,6.01100016,0.0489999987,0.0309999995,0.206902474,0.197864413,0,0,14,3.90715003,11.1203499,0,0,0,0,0,1.78521264,-12.0200768,60.5287361,1.12796211,9.58880234,6.01100016,669.221619,75.1765976,1.65199995,0.0250000004,50,1,0.119999997,0.550000012,0.0133333337
C17_rand_32_r0,0,424,0.0533333346,0,0,6.01100016,0.0486666672,0.0306666661,0.202782735,0.194850102,0,0,14,3.90715003,11.1203499,0,0,0,0,0,1.78521264,-12.0200768,60.5287361,1.12796211,9.58880234,6.01100016,669.221619,75.1765976,1.65199995,0.0250000004,50,1,0.119999997,0.550000012,0.0133333337
C17_rand_32_r0,0,425,0.0666666701,0,0,6.01100016,0.0483333319,0.0303333327,0.198568806,0.191926867,0,0,14,3.90715003,11.1203499,0,0,0,0,0,1.78521264,-12.0200768,60.5287361,1.12796211,9.58880234,6.01100016,669.221619,75.1765976,1.65199995,0.0250000004,50,1,0.119999997,0.550000012,0.0133333337
C17_rand_32_r0,0,426,0.0799999982,0,0,6.01100016,0.0480000004,0.0299999993,0.194167703,0.188982859,0,0,14,3.90715003,11.1203499,0,0,0,0,0,1.78521264,-12.0200768,60.5287361,1.12796211,9.58880234,6.01100016,669.221619,75.1765976,1.65199995,0.0250000004,50,1,0.119999997,0.550000012,0.0133333337
C17_rand_32_r0,0,427,0.0933333337,0,0,6.01100016,0.0476666652,0.0296666659,0.190258369,0.186019808,0,0,14,3.90715003,11.1203499,0,0,0,0,0,1.78521264,-12.0200768,60.5287361,1.12796211,9.58880234,6.01100016,669.221619,75.1765976,1.65199995,0.0250000004,50,1,0.119999997,0.550000012,0.0133333337
C17_rand_32_r0,0,428,0.106666669,0,0,6.01100016,0.0473333336,0.0293333326,0.185906768,0.183064297,0,0,14,3.90715003,11.1203499,0,0,0,0,0,1.78521264,-12.0200768,60.5287361,1.12796211,9.58880234,6.01100016,669.221619,75.1765976,1.65199995,0.0250000004,50,1,0.119999997,0.550000012,0.0133333337
C17_rand_32_r0,0,429,0.119999997,0,0,6.01100016,0.0469999984,0.0289999992,0.182369918,0.180038646,0,0,14,3.90715003,11.1203499,0,0,0,0,0,1.78521264,-12.0200768,60.5287361,1.12796211,9.58880234,6.01100016,669.221619,75.1765976,1.65199995,0.0250000004,50,1,0.119999997,0.550000012,0.0133333337
C17_rand_32_r0,0,430,0.13333334,0,0,6.01100016,0.0466666669,0.0286666658,0.178255722,0.177068219,0,0,14,3.90715003,11.1203499,0,0,0,0,0,1.78521264,-12.0200768,60.5287361,1.12796211,9.58880234,6.01100016,669.221619,75.1765976,1.65199995,0.0250000004,50,1,0.119999997,0.550000012,0.0133333337
C17_rand_32_r0,0,431,0.146666661,0,0,6.01100016,0.0463333316,0.0283333343,0.17489855,0.174045533,0,0,14,3.90715003,11.1203499,0,0,0,0,0,1.78521264,-12.0200768,60.5287361,1.12796211,9.58880234,6.01100016,669.221619,75.1765976,1.65199995,0.0250000004,50,1,0.119999997,0.550000012,0.0133333337
C17_rand_32_r0,0,432,0.159999996,0,0,6.01100016,0.0460000001,0.0280000009,0.171286851,0.17101787,0,0,14,3.90715003,11.1203499,0,0,0,0,0,1.78521264,-12.0200768,60.5287361,1.12796211,9.58880234,6.01100016,669.221619,75.1765976,1.65199995,0.0250000004,50,1,0.119999997,0.550000012,0.0133333337
C17_rand_32_r0,0,433,0.173333332,0,0,6.01100016,0.0456666648,0.0276666675,0.168030098,0.164426044,0,0,14,3.90715003,11.1203499,0,0,0,0,0,1.78521264,-12.0200768,60.5287361,1.12796211,9.58880234,6.01100016,669.221619,75.1765976,1.65199995,0.0250000004,50,1,0.119999997,0.550000012,0.0133333337
C17_rand_32_r0,0,434,0.186666667,0,0,6.01100016,0.0453333333,0.0273333341,0.163915217,0.161425635,0,0,14,3.90715003,11.1203499,0,0,0,0,0,1.78521264,-12.0200768,60.5287361,1.12796211,9.58880234,6.01100016,669.221619,75.1765976,1.65199995,0.0250000004,50,1,0.119999997,0.550000012,0.0133333337
C17_rand_32_r0,0,435,0.200000003,0,0,6.01100016,0.0450000018,0.0270000007,0.160285145,0.157224104,0,0,14,3.90715003,11.1203499,0,0,0,0,0,1.78521264,-12.0200768,60.5287361,1.12796211,9.58880234,6.01100016,669.221619,75.1765976,1.65199995,0.0250000004,50,1,0.119999997,0.550000012,0.0133333337
C17_rand_32_r0,0,436,0.213333338,0,0,6.01100016,0.0446666665,0.0266666673,0.156352416,0.152054876,0,0,14,3.90715003,11.1203499,0,0,0,0,0,1.78521264,-12.0200768,60.5287361,1.12796211,9.58880234,6.01100016,669.221619,75.1765976,1.65199995,0.0250000004,50,1,0.119999997,0.550000012,0.0133333337
C17_rand_32_r0,0,437,0.226666674,0,0,6.01100016,0.044333335,0.0263333339,0.152892068,0.149435967,0,0,14,3.90715003,11.1203499,0,0,0,0,0,1.78521264,-12.0200768,60.5287361,1.12796211,9.58880234,6.01100016,669.221619,75.1765976,1.65199995,0.0250000004,50,1,0.119999997,0.550000012,0.0133333337
C17_rand_32_r0,0,438,0.239999995,0,0,6.01100016,0.0439999998,0.0260000005,0.149230376,0.145009995,0,0,14,3.90715003,11.1203499,0,0,0,0,0,1.78521264,-12.0200768,60.5287361,1.12796211,9.58880234,6.01100016,669.221619,75.1765976,1.65199995,0.0250000004,50,1,0.119999997,0.550000012,0.0133333337
C17_rand_32_r0,0,439,0.25333333,0,0,6.01100016,0.0436666682,0.0256666671,0.14604497,0.142642483,0,0,14,3.90715003,11.1203499,0,0,0,0,0,1.78521264,-12.0200768,60.5287361,1.12796211,9.58880234,6.01100016,669.221619,75.1765976,1.65199995,0.0250000004,50,1,0.119999997,0.550000012,0.0133333337
C17_rand_32_r0,0,440,0.266666681,0,0,6.01100016,0.043333333,0.0253333338,0.142926127,0.139943525,0,0,14,3.90715003,11.1203499,0,0,0,0,0,1.78521264,-12.0200768,60.5287361,1.12796211,9.58880234,6.01100016,669.221619,75.1765976,1.65199995,0.0250000004,50,1,0.119999997,0.550000012,0.0133333337
C17_rand_32_r0,0,441,0.280000001,0,0,6.01100016,0.0430000015,0.0250000004,0.140208095,0.136493057,0,0,14,3.90715003,11.1203499,0,0,0,0,0,1.78521264,-12.0200768,60.5287361,1.12796211,9.58880234,6.01100016,669.221619,75.1765976,1.65199995,0.0250000004,50,1,0.119999997,0.550000012,0.0133333337
C17_rand_32_r0,0,442,0.293333322,0,0,6.01100016,0.0426666662,0.024666667,0.137641609,0.135419562,0,0,14,3.90715003,11.1203499,0,0,0,0,0,1.78521264,-12.0200768,60.5287361,1.12796211,9.58880234,6.01100016,669.221619,75.1765976,1.65199995,0.0250000004,50,1,0.119999997,0.550000012,0.0133333337
C17_rand_32_r0,0,443,0.306666672,0,0,6.01100016,0.0423333347,0.0243333336,0.135323599,0.132346898,0,0,14,3.90715003,11.1203499,0,0,0,0,0,1.78521264,-12.0200768,60.5287361,1.12796211,9.58880234,6.01100016,669.221619,75.1765976,1.65199995,0.0250000004,50,1,0.119999997,0.550000012,0.0133333337
C17_rand_32_r0,0,444,0.319999993,0,0,6.01100016,0.0419999994,0.0240000002,0.133318171,0.130092725,0,0,14,3.90715003,11.1203499,0,0,0,0,0,1.78521264,-12.0200768,60.5287361,1.12796211,9.58880234,6.01100016,669.221619,75.1765976,1.65199995,0.0250000004,50,1,0.119999997,0.550000012,0.0133333337
C17_rand_32_r0,0,445,0.333333343,0,0,6.01100016,0.0416666679,0.0236666668,0.131479502,0.128789335,0,0,14,3.90715003,11.1203499,0,0,0,0,0,1.78521264,-12.0200768,60.5287361,1.12796211,9.58880234,6.01100016,669.221619,75.1765976,1.65199995,0.0250000004,50,1,0.119999997,0.550000012,0.0133333337
C17_rand_32_r0,0,446,0.346666664,0,0,6.01100016,0.0413333327,0.0233333334,0.129975185,0.12806581,0,0,14,3.90715003,11.1203499,0,0,0,0,0,1.78521264,-12.0200768,60.5287361,1.12796211,9.58880234,6.01100016,669.221619,75.1765976,1.65199995,0.0250000004,50,1,0.119999997,0.550000012,0.0133333337
C17_rand_32_r0,0,447,0.360000014,0,0,6.01100016,0.0410000011,0.023,0.128567412,0.125734001,0,0,14,3.90715003,11.1203499,0,0,0,0,0,1.78521264,-12.0200768,60.5287361,1.12796211,9.58880234,6.01100016,669.221619,75.1765976,1.65199995,0.0250000004,50,1,0.119999997,0.550000012,0.0133333337
C17_rand_32_r0,0,448,0.373333335,0,0,6.01100016,0.0406666659,0.0226666667,0.127402112,0.125123918,0,0,14,3.90715003,11.1203499,0,0,0,0,0,1.78521264,-12.0200768,60.5287361,1.12796211,9.58880234,6.01100016,669.221619,75.1765976,1.65199995,0.0250000004,50,1,0.119999997,0.550000012,0.0133333337
C17_rand_32_r0,0,449,0.386666656,0,0,6.01100016,0.0403333344,0.0223333333,0.12637189,0.124376386,0,0,14,3.90715003,11.1203499,0,0,0,0,0,1.78521264,-12.0200768,60.5287361,1.12796211,9.58880234,6.01100016,669.221619,75.1765976,1.65199995,0.0250000004,50,1,0.119999997,0.550000012,0.0133333337
C17_rand_32_r0,0,450,0.400000006,0,0,6.01100016,0.0399999991,0.0219999999,0.125545546,0.122546241,0,0,14,3.90715003,11.1203499,0,0,0,0,0,1.78521264,-12.0200768,60.5287361,1.12796211,9.58880234,6.01100016,669.221619,75.1765976,1.65199995,0.0250000004,50,1,0.119999997,0.550000012,0.0133333337
C17_rand_32_r0,0,451,0.413333327,0,0,6.01100016,0.0396666676,0.0216666665,0.124747694,0.122000322,0,0,14,3.90715003,11.1203499,0,0,0,0,0,1.78521264,-12.0200768,60.5287361,1.12796211,9.58880234,6.01100016,669.221619,75.1765976,1.65199995,0.0250000004,50,1,0.119999997,0.550000012,0.0133333337
C17_rand_32_r0,0,452,0.426666677,0,0,6.01100016,0.0393333323,0.0213333331,0.124146469,0.121570028,0,0,14,3.90715003,11.1203499,0,0,0,0,0,1.78521264,-12.0200768,60.5287361,1.12796211,9.58880234,6.01100016,669.221619,75.1765976,1.65199995,0.0250000004,50,1,0.119999997,0.550000012,0.0133333337
C17_rand_32_r0,0,453,0.439999998,0,0,6.01100016,0.0390000008,0.0209999997,0.123182558,0.122375868,0,0,14,3.90715003,11.1203499,0,0,0,0,0,1.78521264,-12.0200768,60.5287361,1.12796211,9.58880234,6.01100016,669.221619,75.1765976,1.65199995,0.0250000004,50,1,0.119999997,0.550000012,0.0133333337
C17_rand_32_r0,0,454,0.453333348,0,0,6.01100016,0.0386666656,0.0206666663,0.122263044,0.121769026,0,0,14,3.90715003,11.1203499,0,0,0,0,0,1.78521264,-12.0200768,60.5287361,1.12796211,9.58880234,6.01100016,669.221619,75.1765976,1.65199995,0.0250000004,50,1,0.119999997,0.550000012,0.0133333337
C17_rand_32_r0,0,455,0.466666669,0,0,6.01100016,0.038333334,0.0203333329,0.121632397,0.119983241,0,0,14,3.90715003,11.1203499,0,0,0,0,0,1.78521264,-12.0200768,60.5287361,1.12796211,9.58880234,6.01100016,669.221619,75.1765976,1.65199995,0.0250000004,50,1,0.119999997,0.550000012,0.0133333337
C17_rand_32_r0,0,456,0.479999989,0,0,6.01100016,0.0379999988,0.0199999996,0.120747827,0.119374789,0,0,14,3.90715003,11.1203499,0,0,0,0,0,1.78521264,-12.0200768,60.5287361,1.12796211,9.58880234,6.01100016,669.221619,75.1765976,1.65199995,0.0250000004,50,1,0.119999997,0.550000012,0.0133333337
C17_rand_32_r0,0,457,0.49333334,0,0,6.01100016,0.0376666673,0.0196666662,0.12009567,0.118711144,0,0,14,3.90715003,11.1203499,0,0,0,0,0,1.78521264,-12.0200768,60.5287361,1.12796211,9.58880234,6.01100016,669.221619,75.1765976,1.65199995,0.0250000004,50,1,0.119999997,0.550000012,0.0133333337
C17_rand_32_r0,0,458,0.50666666,0,0,6.01100016,0.037333332,0.0193333328,0.11957369,0.117419049,0,0,14,3.90715003,11.1203499,0,0,0,0,0,1.78521264,-12.0200768,60.5287361,1.12796211,9.58880234,6.01100016,669.221619,75.1765976,1.65199995,0.0250000004,50,1,0.119999997,0.550000012,0.0133333337
C17_rand_32_r0,0,459,0.519999981,0,0,6.01100016,0.0370000005,0.0189999994,0.117999941,0.117043622,0,0,14,3.90715003,11.1203499,0,0,0,0,0,1.78521264,-12.0200768,60.5287361,1.12796211,9.58880234,6.01100016,669.221619,75.1765976,1.65199995,0.0250000004,50,1,0.119999997,0.550000012,0.0133333337
C17_rand_32_r0,0,460,0.533333361,0,0,6.01100016,0.0366666652,0.018666666,0.116953358,0.116525486,0,0,14,3.90715003,11.1203499,0,0,0,0,0,1.78521264,-12.0200768,60.5287361,1.12796211,9.58880234,6.01100016,669.221619,75.1765976,1.65199995,0.0250000004,50,1,0.119999997,0.550000012,0.0133333337
C17_rand_32_r0,0,461,0.546666682,0,0,6.01100016,0.0363333337,0.0183333326,0.116280325,0.114031278,0,0,14,3.90715003,11.1203499,0,0,0,0,0,1.78521264,-12.0200768,60.5287361,1.12796211,9.58880234,6.01100016,669.221619,75.1765976,1.65199995,0.0250000004,50,1,0.119999997,0.550000012,0.0133333337
C17_rand_32_r0,0,462,0.560000002,0,0,6.01100016,0.0359999985,0.0179999992,0.115210675,0.113336526,0,0,14,3.90715003,11.1203499,0,0,0,0,0,1.78521264,-12.0200768,60.5287361,1.12796211,9.58880234,6.01100016,669.221619,75.1765976,1.65199995,0.0250000004,50,1,0.119999997,0.550000012,0.0133333337
C17_rand_32_r0,0,463,0.573333323,0,0,6.01100016,0.0356666669,0.0176666658,0.115360416,0.110596545,0,0,14,3.90715003,11.1203499,0,0,0,0,0,1.78521264,-12.0200768,60.5287361,1.12796211,9.58880234,6.01100016,669.221619,75.1765976,1.65199995,0.0250000004,50,1,0.119999997,0.550000012,0.0133333337
C17_rand_32_r0,0,464,0.586666644,0,0,6.01100016,0.0353333317,0.0173333324,0.114369996,0.109657295,0,0,14,3.90715003,11.1203499,0,0,0,0,0,1.78521264,-12.0200768,60.5287361,1.12796211,9.58880234,6.01100016,669.221619,75.1765976,1.65199995,0.0250000004,50,1,0.119999997,0.550000012,0.0133333337
C17_rand_32_r0,0,465,0.600000024,0,0,6.01100016,0.0350000001,0.0170000009,0.114724018,0.108460858,0,0,14,3.90715003,11.1203499,0,0,0,0,0,1.78521264,-12.0200768,60.5287361,1.12796211,9.58880234,6.01100016,669.221619,75.1765976,1.65199995,0.0250000004,50,1,0.119999997,0.550000012,0.0133333337
C17_rand_32_r0,0,466,0.613333344,0,0,6.01100016,0.0346666649,0.0166666675,0.114670351,0.105342686,0,0,14,3.90715003,11.1203499,0,0,0,0,0,1.78521264,-12.0200768,60.5287361,1.12796211,9.58880234,6.01100016,669.221619,75.1765976,1.65199995,0.0250000004,50,1,0.119999997,0.550000012,0.0133333337
C17_rand_32_r0,0,467,0.626666665,0,0,6.01100016,0.0343333334,0.0163333341,0.113549106,0.111474976,0,0,14,3.90715003,11.1203499,0,0,0,0,0,1.78521264,-12.0200768,60.5287361,1.12796211,9.58880234,6.01100016,669.221619,75.1765976,1.65199995,0.0250000004,50,1,0.119999997,0.550000012,0.0133333337
C17_rand_32_r0,0,468,0.639999986,0,0,6.01100016,0.0340000018,0.0160000008,0.111746147,0.111330368,0,0,14,3.90715003,11.1203499,0,0,0,0,0,1.78521264,-12.0200768,60.5287361,1.12796211,9.58880234,6.01100016,669.221619,75.1765976,1.65199995,0.0250000004,50,1,0.119999997,0.550000012,0.0133333337
C17_rand_32_r0,0,469,0.653333306,0,0,6.01100016,0.0336666666,0.0156666674,0.110195689,0.107308231,0,0,14,3.90715003,11.1203499,0,0,0,0,0,1.78521264,-12.0200768,60.5287361,1.12796211,9.58880234,6.01100016,669.221619,75.1765976,1.65199995,0.0250000004,50,1,0.119999997,0.550000012,0.0133333337
C17_rand_32_r0,0,470,0.666666687,0,0,6.01100016,0.0333333351,0.0153333331,0.107537895,0.105224274,0,0,14,3.90715003,11.1203499,0,0,0,0,0,1.78521264,-12.0200768,60.5287361,1.12796211,9.58880234,6.01100016,669.221619,75.1765976,1.65199995,0.0250000004,50,1,0.119999997,0.550000012,0.0133333337
C17_rand_32_r0,0,471,0.680000007,0,0,6.01100016,0.0329999998,0.0149999997,0.105647407,0.102861956,0,0,14,3.90715003,11.1203499,0,0,0,0,0,1.78521264,-12.0200768,60.5287361,1.12796211,9.58880234,6.01100016,669.221619,75.1765976,1.65199995,0.0250000004,50,1,0.119999997,0.550000012,0.0133333337
C17_rand_32_r0,0,472,0.693333328,0,0,6.01100016,0.0326666683,0.0146666663,0.104466885,0.0981430784,0,0,14,3.90715003,11.1203499,0,0,0,0,0,1.78521264,-12.0200768,60.5287361,1.12796211,9.58880234,6.01100016,669.221619,75.1765976,1.65199995,0.0250000004,50,1,0.119999997,0.550000012,0.0133333337
C17_rand_32_r0,0,473,0.706666648,0,0,6.01100016,0.032333333,0.0143333329,0.102719836,0.0952660367,0,0,14,3.90715003,11.1203499,0,0,0,0,0,1.78521264,-12.0200768,60.5287361,1.12796211,9.58880234,6.01100016,669.221619,75.1765976,1.65199995,0.0250000004,50,1,0.119999997,0.550000012,0.0133333337
C17_rand_32_r0,0,474,0.720000029,0,0,6.01100016,0.0320000015,0.0140000004,0.101447031,0.0983619541,0,0,14,3.90715003,11.1203499,0,0,0,0,0,1.78521264,-12.0200768,60.5287361,1.12796211,9.58880234,6.01100016,669.221619,75.1765976,1.65199995,0.0250000004,50,1,0.119999997,0.550000012,0.0133333337
C17_rand_32_r0,0,475,0.733333349,0,0,6.01100016,0.0316666663,0.013666667,0.0973188803,0.0963072181,0,0,14,3.90715003,11.1203499,0,0,0,0,0,1.78521264,-12.0200768,60.5287361,1.12796211,9.58880234,6.01100016,669.221619,75.1765976,1.65199995,0.0250000004,50,1,0.119999997,0.550000012,0.0133333337
C17_rand_32_r0,0,476,0.74666667,0,0,6.01100016,0.0313333347,0.0133333337,0.0937746167,0.092635408,0,0,14,3.90715003,11.1203499,0,0,0,0,0,1.78521264,-12.0200768,60.5287361,1.12796211,9.58880234,6.01100016,669.221619,75.1765976,1.65199995,0.0250000004,50,1,0.119999997,0.550000012,0.0133333337
C17_rand_32_r0,0,477,0.75999999,0,0,6.01100016,0.0309999995,0.0130000003,0.0905959159,0.0866713747,0,0,14,3.90715003,11.1203499,0,0,0,0,0,1.78521264,-12.0200768,60.5287361,1.12796211,9.58880234,6.01100016,669.221619,75.1765976,1.65199995,0.0250000004,50,1,0.119999997,0.550000012,0.0133333337
C17_rand_32_r0,0,478,0.773333311,0,0,6.01100016,0.0306666661,0.0126666669,0.0864679962,0.085995689,0,0,14,3.90715003,11.1203499,0,0,0,0,0,1.78521264,-12.0200768,60.5287361,1.12796211,9.58880234,6.01100016,669.221619,75.1765976,1.65199995,0.0250000004,50,1,0.119999997,0.550000012,0.0133333337
C17_rand_32_r0,0,479,0.786666691,0,0,6.01100016,0.0303333327,0.0123333335,0.0818603411,0.0805630833,0,0,14,3.90715003,11.1203499,0,0,0,0,0,1.78521264,-12.0200768,60.5287361,1.12796211,9.58880234,6.01100016,669.221619,75.1765976,1.65199995,0.0250000004,50,1,0.119999997,0.550000012,0.0133333337
C17_rand_32_r0,0,480,0.800000012,0,0,6.01100016,0.0299999993,0.0120000001,0.0766880959,0.0760255679,0,0,14,3.90715003,11.1203499,0,0,0,0,0,1.78521264,-12.0200768,60.5287361,1.12796211,9.58880234,6.01100016,669.221619,75.1765976,1.65199995,0.0250000004,50,1,0.119999997,0.550000012,0.0133333337
C17_rand_32_r0,0,481,0.813333333,0,0,6.01100016,0.0296666659,0.0116666667,0.0712292418,0.0712273046,0,0,14,3.90715003,11.1203499,0,0,0,0,0,1.78521264,-12.0200768,60.5287361,1.12796211,9.58880234,6.01100016,669.221619,75.1765976,1.65199995,0.0250000004,50,1,0.119999997,0.550000012,0.0133333337
C17_rand_32_r0,0,482,0.826666653,0,0,6.01100016,0.0293333326,0.0113333333,0.0653437003,0.0650912896,0,0,14,3.90715003,11.1203499,0,0,0,0,0,1.78521264,-12.0200768,60.5287361,1.12796211,9.58880234,6.01100016,669.221619,75.1765976,1.65199995,0.0250000004,50,1,0.119999997,0.550000012,0.0133333337
C17_rand_32_r0,0,483,0.839999974,0,0,6.01100016,0.0289999992,0.0109999999,0.0599019341,0.0593799278,0,0,14,3.90715003,11.1203499,0,0,0,0,0,1.78521264,-12.0200768,60.5287361,1.12796211,9.58880234,6.01100016,669.221619,75.1765976,1.65199995,0.0250000004,50,1,0.119999997,0.550000012,0.0133333337
C17_rand_32_r0,0,484,0.853333354,0,0,6.01100016,0.0286666658,0.0106666666,0.0543170907,0.0536432005,0,0,14,3.90715003,11.1203499,0,0,0,0,0,1.78521264,-12.0200768,60.5287361,1.12796211,9.58880234,6.01100016,669.221619,75.1765976,1.65199995,0.0250000004,50,1,0.119999997,0.550000012,0.0133333337
C17_rand_32_r0,0,485,0.866666675,0,0,6.01100016,0.0283333343,0.0103333332,0.0486071259,0.0483692102,0,0,14,3.90715003,11.1203499,0,0,0,0,0,1.78521264,-12.0200768,60.5287361,1.12796211,9.58880234,6.01100016,669.221619,75.1765976,1.65199995,0.0250000004,50,1,0.119999997,0.550000012,0.0133333337
C17_rand_32_r0,0,486,0.879999995,0,0.826942623,6.01100016,0.0280000009,0.00999999978,0.0427698009,0.0425174609,0,1.50353205,14,3.90715003,11.1203499,0,0,0,0,0,1.78521264,-12.0200768,60.5287361,1.12796211,9.58880234,6.01100016,669.221619,75.1765976,1.65199995,0.0250000004,50,1,0.119999997,0.550000012,0.0133333337
C17_rand_32_r0,0,487,0.893333316,0,1.19906676,6.01100016,0.0276666675,0.00966666639,0.0372044295,0.0370009542,0,1.50353205,14,3.90715003,11.1203499,0,0,0,0,0,1.78521264,-12.0200768,60.5287361,1.12796211,9.58880234,6.01100016,669.221619,75.1765976,1.65199995,0.0250000004,50,1,0.119999997,0.550000012,0.0133333337
C17_rand_32_r0,0,488,0.906666696,0,1.36652267,6.01100016,0.0273333341,0.009333333,0.0319009982,0.0315882266,0,1.50353205,14,3.90715003,11.1203499,0,0,0,0,0,1.78521264,-12.0200768,60.5287361,1.12796211,9.58880234,6.01100016,669.221619,75.1765976,1.65199995,0.0250000004,50,1,0.119999997,0.550000012,0.0133333337
C17_rand_32_r0,0,489,0.920000017,0,1.44187784,6.01100016,0.0270000007,0.00899999961,0.0282018092,0.0258741304,0,1.50353205,14,3.90715003,11.1203499,0,0,0,0,0,1.78521264,-12.0200768,60.5287361,1.12796211,9.58880234,6.01100016,669.221619,75.1765976,1.65199995,0.0250000004,50,1,0.119999997,0.550000012,0.0133333337
C17_rand_32_r0,0,490,0.933333337,0,1.47578764,6.01100016,0.0266666673,0.00866666622,0.0232213829,0.0211964864,0,1.50353205,14,3.90715003,11.1203499,0,0,0,0,0,1.78521264,-12.0200768,60.5287361,1.12796211,9.58880234,6.01100016,669.221619,75.1765976,1.65199995,0.0250000004,50,1,0.119999997,0.550000012,0.0133333337
C17_rand_32_r0,0,491,0.946666658,0,1.95602667,6.01100016,0.0263333339,0.00833333377,0.0194856096,0.016736716,0.00126328471,2.34894943,14,3.90715003,11.1203499,0,0,0,0,0,1.78521264,-12.0200768,60.5287361,1.12796211,9.58880234,6.01100016,669.221619,75.1765976,1.65199995,0.0250000004,50,1,0.119999997,0.550000012,0.0133333337
C17_rand_32_r0,0,492,0.959999979,0,2.81752348,6.01100016,0.0260000005,0.00800000038,0.0152489822,0.0149832824,0.0030167175,3.52238441,14,3.90715003,11.1203499,1,0,0,0,0,1.78521264,-12.0200768,60.5287361,1.12796211,9.58880234,6.01100016,669.221619,75.1765976,1.65199995,0.0250000004,50,1,0.119999997,0.550000012,0.0133333337
C17_rand_32_r0,0,493,0.973333359,0,4.62943172,6.01100016,0.0256666671,0.00766666653,0.01141732,0.0111138355,0.00688616466,6.11190224,14,3.90715003,11.1203499,1,1,0,1,0,1.78521264,-12.0200768,60.5287361,1.12796211,9.58880234,6.01100016,669.221619,75.1765976,1.65199995,0.0250000004,50,1,0.119999997,0.550000012,0.0133333337
C17_rand_32_r0,0,494,1.13853335,1,6.59535122,6.01100016,0.0257734302,0.00777343102,0.00864289142,0.00798792206,0.0100120781,8.20383072,14,3.90715003,11.1203499,1,1,0,2,0,-3.02699494,-5.28917694,52.4097252,1.54976308,11.9143696,6.01100016,669.221619,75.1765976,1.65199995,0.0250000004,50,1,0.119999997,0.550000012,0.0133333337
C17_rand_32_r0,0,495,1.30373335,1,7.61402988,6.01100016,0.0261067636,0.00810676441,0.0047394908,0.00465753675,0.0133424634,8.44749451,14,3.90715003,11.1203499,1,1,0,3,0,-3.02699494,-5.28917694,52.4097252,1.54976308,11.9143696,6.01100016,669.221619,75.1765976,1.65199995,0.0250000004,50,1,0.119999997,0.550000012,0.0133333337
C17_rand_32_r0,0,496,1.46893334,1,8.10692406,6.01100016,0.026440097,0.00844009779,0.00322341174,0.00303674629,0.0149632534,8.5102005,14,3.90715003,11.1203499,1,1,0,4,0,-3.02699494,-5.28917694,52.4097252,1.54976308,11.9143696,6.01100016,669.221619,75.1765976,1.65199995,0.0250000004,50,1,0.119999997,0.550000012,0.0133333337
C17_rand_32_r0,0,497,1.63413334,1,9.46146107,6.01100016,0.0267734304,0.00877343118,0.00388973416,-4.07380576e-05,0.0180407371,10.5697193,14,3.90715003,11.1203499,1,1,0,5,0,-3.02699494,-5.28917694,52.4097252,1.54976308,11.9143696,6.01100016,669.221619,75.1765976,1.65199995,0.0250000004,50,1,0.119999997,0.550000012,0.0133333337
C17_rand_32_r0,0,498,1.79933333,1,10.1802025,6.01100016,0.0271067638,0.00910676457,0.00235393993,-0.00033741782,0.0183374174,10.7682638,14,3.90715003,11.1203499,1,1,0,6,0,-3.02699494,-5.28917694,52.4097252,1.54976308,11.9143696,6.01100016,669.221619,75.1765976,1.65199995,0.0250000004,50,1,0.119999997,0.550000012,0.0133333337
C17_rand_32_r0,0,499,1.96453333,1,10.3018618,6.01100016,0.0274400972,0.00944009796,0.000704110658,0.000210776459,0.0177892242,10.4014006,14,3.90715003,11.1203499,1,1,0,7,0,-3.02699494,-5.28917694,52.4097252,1.54976308,11.9143696,6.01100016,669.221619,75.1765976,1.65199995,0.0250000004,50,1,0.119999997,0.550000012,0.0133333337
C17_rand_32_r0,0,500,2.12973332,2,10.7794523,6.01100016,0.0277734306,0.00977343135,0.00177668314,-0.000938033569,0.0189380329,11.1702089,14,3.90715003,11.1203499,1,1,0,8,0,11.8712673,-26.2947178,62.5760002,1.51184833,27.2584095,6.01100016,669.221619,75.1765976,1.65199995,0.0250000004,50,1,0.119999997,0.550000012,0.0133333337
C17_rand_32_r0,0,501,2.29493332,2,10.5112429,6.01100016,0.028106764,0.0101067638,0.00175265607,0.000374551048,0.0176254492,10.2917995,14,3.90715003,11.1203499,1,1,0,9,0,11.8712673,-26.2947178,62.5760002,1.51184833,27.2584095,6.01100016,669.221619,75.1765976,1.65199995,0.0250000004,50,1,0.119999997,0.550000012,0.0133333337
C17_rand_32_r0,0,502,2.46013331,2,10.9504881,6.01100016,0.0284400973,0.0104400972,0.00208001537,-0.00114672619,0.0191467255,11.3098707,14,3.90715003,11.1203499,1,1,0,10,0,11.8712673,-26.2947178,62.5760002,1.51184833,27.2584095,6.01100016,669.221619,75.1765976,1.65199995,0.0250000004,50,1,0.119999997,0.550000012,0.0133333337
C17_rand_32_r0,0,503,2.62533331,2,10.2128277,6.01100016,0.0287734307,0.0107734306,0.00150416023,0.00139441027,0.0166055895,9.60928726,14,3.90715003,11.1203499,1,1,0,11,0,11.8712673,-26.2947178,62.5760002,1.51184833,27.2584095,6.01100016,669.221619,75.1765976,1.65199995,0.0250000004,50,1,0.119999997,0.550000012,0.0133333337
C17_rand_32_r0,0,504,2.7905333,2,10.552846,6.01100016,0.0291067641,0.011106764,0.0019501074,-0.000431226799,0.0184312277,10.8310432,14,3.90715003,11.1203499,1,1,0,12,0,11.8712673,-26.2947178,62.5760002,1.51184833,27.2584095,6.01100016,669.221619,75.1765976,1.65199995,0.0250000004,50,1,0.119999997,0.550000012,0.0133333337
C17_rand_32_r0,0,505,2.9557333,2,10.858079,6.01100016,0.0294400975,0.0114400974,0.00248588272,-0.000844799157,0.0188448001,11.1078148,14,3.90715003,11.1203499,1,1,0,13,0,11.8712673,-26.2947178,62.5760002,1.51184833,27.2584095,6.01100016,669.221619,75.1765976,1.65199995,0.0250000004,50,1,0.119999997,0.550000012,0.0133333337
C17_rand_32_r0,0,506,3.12093329,3,10.5520811,6.01100016,0.0297734309,0.0117734307,0.00107448606,0.000359728787,0.0176402703,10.3017187,14,3.90715003,11.1203499,1,1,0,14,0,0.626858771,-1.55788147,89.4908981,0.962085307,175.111343,6.01100016,669.221619,75.1765976,1.65199995,0.0250000004,50,1,0.119999997,0.550000012,0.0133333337
C17_rand_32_r0,0,507,3.28613329,3,10.8726454,6.01100016,0.0301067643,0.0121067641,0.00223563891,-0.000885309186,0.0188853089,11.1349249,14,3.90715003,11.1203499,1,1,0,15,0,0.626858771,-1.55788147,89.4908981,0.962085307,175.111343,6.01100016,669.221619,75.1765976,1.65199995,0.0250000004,50,1,0.119999997,0.550000012,0.0133333337
C17_rand_32_r0,0,508,3.45133328,3,10.2717867,6.01100016,0.0304400977,0.0124400975,0.00135417155,0.00113905664,0.0168609433,9.78017521,14,3.90715003,11.1203499,1,1,0,16,0,0.626858771,-1.55788147,89.4908981,0.962085307,175.111343,6.01100016,669.221619,75.1765976,1.65199995,0.0250000004,50,1,0.119999997,0.550000012,0.0133333337
C17_rand_32_r0,0,509,3.61653328,3,10.0732574,6.01100016,0.0307734311,0.0127734309,0.00185427081,0.000943832507,0.0170561671,9.91082382,14,3.90715003,11.1203499,1,1,0,17,0,0.626858771,-1.55788147,89.4908981,0.962085307,175.111343,6.01100016,669.221619,75.1765976,1.65199995,0.0250000004,50,1,0.119999997,0.550000012,0.0133333337
C17_rand_32_r0,0,510,3.78173327,3,10.4321613,6.01100016,0.0311067645,0.0131067643,0.00080432446,-0.00027397924,0.0182739794,10.7258101,14,3.90715003,11.1203499,1,1,0,18,0,0.626858771,-1.55788147,89.4908981,0.962085307,175.111343,6.01100016,669.221619,75.1765976,1.65199995,0.0250000004,50,1,0.119999997,0.550000012,0.0133333337
C17_rand_32_r0,0,511,3.7950666,3,11.2341738,6.01100016,0.0314400978,0.0134400977,0.00245113787,-0.00201414409,0.0200141445,11.8903656,14,3.90715003,11.1203499,1,0,0,0,0,0.626858771,-1.55788147,89.4908981,0.962085307,175.111343,6.01100016,669.221619,75.1765976,1.65199995,0.0250000004,50,1,0.119999997,0.550000012,0.0133333337
C17_rand_32_r0,0,512,3.80839992,3,10.9277439,6.01100016,0.0317734294,0.0137734311,0.00204832526,-0.00020108794,0.0182010885,10.6770296,14,3.90715003,11.1203499,1,1,0,1,0,0.626858771,-1.55788147,89.4908981,0.962085307,175.111343,6.01100016,669.221619,75.1765976,1.65199995,0.0250000004,50,1,0.119999997,0.550000012,0.0133333337
C17_rand_32_r0,0,513,3.97359991,3,10.8553133,6.01100016,0.0321067646,0.0141067645,0.00124421052,-0.000378939731,0.0183789395,10.796051,14,3.90715003,11.1203499,1,1,0,2,0,0.626858771,-1.55788147,89.4908981,0.962085307,175.111343,6.01100016,669.221619,75.1765976,1.65199995,0.0250000004,50,1,0.119999997,0.550000012,0.0133333337
C17_rand_32_r0,0,514,4.13880014,4,10.5006361,6.01100016,0.0324400961,0.0144400978,0.00198590499,0.000496114953,0.0175038856,10.2104464,14,3.90715003,11.1203499,1,1,0,3,0,2.04914856,0.14441967,89.9581451,0.77251184,140.431931,6.01100016,669.221619,75.1765976,1.65199995,0.0250000004,50,1,0.119999997,0.550000012,0.0133333337
C17_rand_32_r0,0,515,4.3039999,4,9.81899738,6.01100016,0.0327734314,0.0147734312,0.00199679821,0.00191441027,0.0160855893,9.26129246,14,3.90715003,11.1203499,1,1,0,4,0,2.04914856,0.14441967,89.9581451,0.77251184,140.431931,6.01100016,669.221619,75.1765976,1.65199995,0.0250000004,50,1,0.119999997,0.550000012,0.0133333337
C17_rand_32_r0,0,516,4.46920013,4,10.6858654,6.01100016,0.0331067629,0.0151067646,0.00141768402,-0.00127411401,0.0192741137,11.3951216,14,3.90715003,11.1203499,1,1,0,5,0,2.04914856,0.14441967,89.9581451,0.77251184,140.431931,6.01100016,669.221619,75.1765976,1.65199995,0.0250000004,50,1,0.119999997,0.550000012,0.0133333337
C17_rand_32_r0,0,517,4.63439989,4,9.81689453,6.01100016,0.0334400982,0.015440098,0.00220474391,0.00214658142,0.015853418,9.10591793,14,3.90715003,11.1203499,1,1,0,6,0,2.04914856,0.14441967,89.9581451,0.77251184,140.431931,6.01100016,669.221619,75.1765976,1.65199995,0.0250000004,50,1,0.119999997,0.550000012,0.0133333337
C17_rand_32_r0,0,518,4.79960012,4,10.53337,6.01100016,0.0337734297,0.0157734305,0.00200128485,-0.000862376299,0.018862376,11.1195774,14,3.90715003,11.1203499,1,1,0,7,0,2.04914856,0.14441967,89.9581451,0.77251184,140.431931,6.01100016,669.221619,75.1765976,1.65199995,0.0250000004,50,1,0.119999997,0.550000012,0.0133333337
C17_rand_32_r0,0,519,4.96479988,4,10.1248503,6.01100016,0.0341067649,0.0161067639,0.00190627214,0.00112347072,0.0168765299,9.79060555,14,3.90715003,11.1203499,1,1,0,8,0,2.04914856,0.14441967,89.9581451,0.77251184,140.431931,6.01100016,669.221619,75.1765976,1.65199995,0.0250000004,50,1,0.119999997,0.550000012,0.0133333337
C17_rand_32_r0,0,520,5.13000011,5,10.3685989,6.01100016,0.0344400965,0.0164400972,0.000985170016,-3.82130129e-05,0.0180382133,10.5680294,14,3.90715003,11.1203499,1,1,0,9,0,30.9956341,-17.6731548,76.4126434,1.30805683,62.911026,6.01100016,669.221619,75.1765976,1.65199995,0.0250000004,50,1,0.119999997,0.550000012,0.0133333337
C17_rand_32_r0,0,521,5.29519987,5,9.74255753,6.01100016,0.0347734317,0.0167734306,0.00281810691,0.0019606594,0.0160393398,9.23034096,14,3.90715003,11.1203499,1,1,0,10,0,30.9956341,-17.6731548,76.4126434,1.30805683,62.911026,6.01100016,669.221619,75.1765976,1.65199995,0.0250000004,50,1,0.119999997,0.550000012,0.0133333337
C17_rand_32_r0,0,522,5.4604001,5,10.0780945,6.01100016,0.0351067632,0.017106764,0.00251499866,0.000283660745,0.0177163389,10.3526249,14,3.90715003,11.1203499,1,1,0,11,0,30.9956341,-17.6731548,76.4126434,1.30805683,62.911026,6.01100016,669.221619,75.1765976,1.65199995,0.0250000004,50,1,0.119999997,0.550000012,0.0133333337
C17_rand_32_r0,0,523,5.62559986,5,10.647686,6.01100016,0.0354400985,0.0174400974,0.00191840203,-0.000853616279,0.018853616,11.1137152,14,3.90715003,11.1203499,1,1,0,12,0,30.9956341,-17.6731548,76.4126434,1.30805683,62.911026,6.01100016,669.221619,75.1765976,1.65199995,0.0250000004,50,1,0.119999997,0.550000012,0.0133333337
C17_rand_32_r0,0,524,5.79080009,5,10.5614843,6.01100016,0.03577343,0.0177734308,0.00173033751,7.69566468e-05,0.017923044,10.4909554,14,3.90715003,11.1203499,1,1,0,13,0,30.9956341,-17.6731548,76.4126434,1.30805683,62.911026,6.01100016,669.221619,75.1765976,1.65199995,0.0250000004,50,1,0.119999997,0.550000012,0.0133333337
C17_rand_32_r0,0,525,5.95599985,5,9.99532032,6.01100016,0.0361067653,0.0181067642,0.00152374851,0.00150975538,0.0164902452,9.53209591,14,3.90715003,11.1203499,1,1,0,14,0,30.9956341,-17.6731548,76.4126434,1.30805683,62.911026,6.01100016,669.221619,75.1765976,1.65199995,0.0250000004,50,1,0.119999997,0.550000012,0.0133333337
C17_rand_32_r0,0,526,6.12120008,6,10.8369198,6.01100016,0.0364400968,0.0184400976,0.00197897293,-0.00146893586,0.0194689352,11.5255003,14,3.90715003,11.1203499,1,1,0,15,0,-3.52541757,-76.1013565,83.0000839,1.00473928,156.392914,6.01100016,669.221619,75.1765976,1.65199995,0.0250000004,50,1,0.119999997,0.550000012,0.0133333337
C17_rand_32_r0,0,527,6.28639984,6,10.6471472,6.01100016,0.036773432,0.018773431,0.00183003605,7.55785077e-05,0.0179244224,10.4918776,14,3.90715003,11.1203499,1,1,0,16,0,-3.52541757,-76.1013565,83.0000839,1.00473928,156.392914,6.01100016,669.221619,75.1765976,1.65199995,0.0250000004,50,1,0.119999997,0.550000012,0.0133333337
C17_rand_32_r0,0,528,6.45160007,6,9.99391174,6.01100016,0.0371067636,0.0191067643,0.00219243905,0.0016183143,0.0163816866,9.45944595,14,3.90715003,11.1203499,1,1,0,17,0,-3.52541757,-76.1013565,83.0000839,1.00473928,156.392914,6.01100016,669.221619,75.1765976,1.65199995,0.0250000004,50,1,0.119999997,0.550000012,0.0133333337
C17_rand_32_r0,0,529,6.61679983,6,9.95664787,6.01100016,0.0374400988,0.0194400977,0.0030755077,0.000920915743,0.0170790851,9.92615986,14,3.90715003,11.1203499,1,1,0,18,0,-3.52541757,-76.1013565,83.0000839,1.00473928,156.392914,6.01100016,669.221619,75.1765976,1.65199995,0.0250000004,50,1,0.119999997,0.550000012,0.0133333337
C17_rand_32_r0,0,530,6.78200006,6,10.2625885,6.01100016,0.0377734303,0.0197734311,0.00364206778,4.41603952e-05,0.0179558396,10.5129042,14,3.90715003,11.1203499,1,1,0,19,0,-3.52541757,-76.1013565,83.0000839,1.00473928,156.392914,6.01100016,669.221619,75.1765976,1.65199995,0.0250000004,50,1,0.119999997,0.550000012,0.0133333337
C17_rand_32_r0,0,531,6.94719982,6,9.91139412,6.01100016,0.0381067656,0.0201067645,0.00228008791,0.00137234514,0.0166276544,9.62405396,14,3.90715003,11.1203499,1,1,0,20,0,-3.52541757,-76.1013565,83.0000839,1.00473928,156.392914,6.01100016,669.221619,75.1765976,1.65199995,0.0250000004,50,1,0.119999997,0.550000012,0.0133333337
C17_rand_32_r0,0,532,6.96053314,6,11.4279346,6.01100016,0.0384400971,0.0204400979,0.00381989405,-0.00317724748,0.0211772472,12.6687393,14,3.90715003,11.1203499,1,0,0,0,0,-3.52541757,-76.1013565,83.0000839,1.00473928,156.392914,6.01100016,669.221619,75.1765976,1.65199995,0.0250000004,50,1,0.119999997,0.550000012,0.0133333337
C17_rand_32_r0,0,533,6.97386646,6,11.319458,6.01100016,0.0387734324,0.0207734313,0.00197264459,-0.00102843181,0.0190284327,11.2307053,14,3.90715003,11.1203499,1,0,0,0,0,-3.52541757,-76.1013565,83.0000839,1.00473928,156.392914,6.01100016,669.221619,75.1765976,1.65199995,0.0250000004,50,1,0.119999997,0.550000012,0.0133333337
C17_rand_32_r0,0,534,6.98719978,6,11.334424,6.01100016,0.0391067639,0.0211067647,0.00226334343,-0.00120171264,0.0192017127,11.3466692,14,3.90715003,11.1203499,1,0,0,0,0,-3.52541757,-76.1013565,83.0000839,1.00473928,156.392914,6.01100016,669.221619,75.1765976,1.65199995,0.0250000004,50,1,0.119999997,0.550000012,0.0133333337
C17_rand_32_r0,0,535,7.0005331,7,10.736496,6.01100016,0.0394400991,0.0214400981,0.00334080239,0.000441071548,0.0175589286,10.247282,14,3.90715003,11.1203499,1,1,0,1,0,1.04795063,-3.74374628,89.844986,0.65876776,3.11996412,6.01100016,669.221619,75.1765976,1.65199995,0.0250000004,50,1,0.119999997,0.550000012,0.0133333337
C17_rand_32_r0,1,957,0.0133333337,0,0,6.01100016,0.0496666655,0.0316666663,0.288349479,0.288248569,0,0,14,3.90715003,11.1203499,0,0,0,0,0,1.78521264,-12.0200768,60.5287361,1.12796211,9.58880234,6.01100016,669.221619,75.1765976,1.65199995,0.0250000004,50,1,0.119999997,0.550000012,0.0133333337
C17_rand_32_r0,1,958,0.0266666673,0,0,6.01100016,0.049333334,0.0313333347,0.284442604,0.28440842,0,0,14,3.90715003,11.1203499,0,0,0,0,0,1.78521264,-12.0200768,60.5287361,1.12796211,9.58880234,6.01100016,669.221619,75.1765976,1.65199995,0.0250000004,50,1,0.119999997,0.550000012,0.0133333337
C17_rand_32_r0,1,959,0.0399999991,0,0,6.01100016,0.0489999987,0.0309999995,0.280028731,0.279993802,0,0,14,3.90715003,11.1203499,0,0,0,0,0,1.78521264,-12.0200768,60.5287361,1.12796211,9.58880234,6.01100016,669.221619,75.1765976,1.65199995,0.0250000004,50,1,0.119999997,0.550000012,0.0133333337
C17_rand_32_r0,1,960,0.0533333346,0,0,6.01100016,0.0486666672,0.0306666661,0.275553554,0.275427848,0,0,14,3.90715003,11.1203499,0,0,0,0,0,1.78521264,-12.0200768,60.5287361,1.12796211,9.58880234,6.01100016,669.221619,75.1765976,1.65199995,0.0250000004,50,1,0.119999997,0.550000012,0.0133333337
C17_rand_32_r0,1,961,0.0666666701,0,0,6.01100016,0.0483333319,0.0303333327,0.27085337,0.270850658,0,0,14,3.90715003,11.1203499,0,0,0,0,0,1.78521264,-12.0200768,60.5287361,1.12796211,9.58880234,6.01100016,669.221619,75.1765976,1.65199995,0.0250000004,50,1,0.119999997,0.550000012,0.0133333337
C17_rand_32_r0,1,962,0.0799999982,0,0,6.01100016,0.0480000004,0.0299999993,0.266348541,0.266098082,0,0,14,3.90715003,11.1203499,0,0,0,0,0,1.78521264,-12.0200768,60.5287361,1.12796211,9.58880234,6.01100016,669.221619,75.1765976,1.65199995,0.0250000004,50,1,0.119999997,0.550000012,0.0133333337
C17_rand_32_r0,1,963,0.0933333337,0,0,6.01100016,0.0476666652,0.0296666659,0.26170221,0.261395603,0,0,14,3.90715003,11.1203499,0,0,0,0,0,1.78521264,-12.0200768,60.5287361,1.12796211,9.58880234,6.01100016,669.221619,75.1765976,1.65199995,0.0250000004,50,1,0.119999997,0.550000012,0.0133333337
C17_rand_32_r0,1,964,0.106666669,0,0,6.01100016,0.0473333336,0.0293333326,0.257011414,0.256852955,0,0,14,3.90715003,11.1203499,0,0,0,0,0,1.78521264,-12.0200768,60.5287361,1.12796211,9.58880234,6.01100016,669.221619,75.1765976,1.65199995,0.0250000004,50,1,0.119999997,0.550000012,0.0133333337
C17_rand_32_r0,1,965,0.119999997,0,0,6.01100016,0.0469999984,0.0289999992,0.252413779,0.252136201,0,0,14,3.90715003,11.1203499,0,0,0,0,0,1.78521264,-12.0200768,60.5287361,1.12796211,9.58880234,6.01100016,669.221619,75.1765976,1.65199995,0.0250000004,50,1,0.119999997,0.550000012,0.0133333337
C17_rand_32_r0,1,966,0.13333334,0,0,6.01100016,0.0466666669,0.0286666658,0.24774918,0.247635603,0,0,14,3.90715003,11.1203499,0,0,0,0,0,1.78521264,-12.0200768,60.5287361,1.12796211,9.58880234,6.01100016,669.221619,75.1765976,1.65199995,0.0250000004,50,1,0.119999997,0.550000012,0.0133333337
C17_rand_32_r0,1,967,0.146666661,0,0,6.01100016,0.0463333316,0.0283333343,0.243198708,0.242913395,0,0,14,3.90715003,11.1203499,0,0,0,0,0,1.78521264,-12.0200768,60.5287361,1.12796211,9.58880234,6.01100016,669.221619,75.1765976,1.65199995,0.0250000004,50,1,0.119999997,0.550000012,0.0133333337
C17_rand_32_r0,1,968,0.159999996,0,0,6.01100016,0.0460000001,0.0280000009,0.238561779,0.238485351,0,0,14,3.90715003,11.1203499,0,0,0,0,0,1.78521264,-12.0200768,60.5287361,1.12796211,9.58880234,6.01100016,669.221619,75.1765976,1.65199995,0.0250000004,50,1,0.119999997,0.550000012,0.0133333337
C17_rand_32_r0,1,969,0.173333332,0,0,6.01100016,0.0456666648,0.0276666675,0.23405239,0.233796656,0,0,14,3.90715003,11.1203499,0,0,0,0,0,1.78521264,-12.0200768,60.5287361,1.12796211,9.58880234,6.01100016,669.221619,75.1765976,1.65199995,0.0250000004,50,1,0.119999997,0.550000012,0.0133333337
C17_rand_32_r0,1,970,0.186666667,0,0,6.01100016,0.0453333333,0.0273333341,0.229436055,0.229384318,0,0,14,3.90715003,11.1203499,0,0,0,0,0,1.78521264,-12.0200768,60.5287361,1.12796211,9.58880234,6.01100016,669.221619,75.1765976,1.65199995,0.0250000004,50,1,0.119999997,0.550000012,0.0133333337
C17_rand_32_r0,1,971,0.200000003,0,0,6.01100016,0.0450000018,0.0270000007,0.224958047,0.224701777,0,0,14,3.90715003,11.1203499,0,0,0,0,0,1.78521264,-12.0200768,60.5287361,1.12796211,9.58880234,6.01100016,669.221619,75.1765976,1.65199995,0.0250000004,50,1,0.119999997,0.550000012,0.0133333337
C17_rand_32_r0,1,972,0.213333338,0,0,6.01100016,0.0446666665,0.0266666673,0.220361903,0.220303684,0,0,14,3.90715003,11.1203499,0,0,0,0,0,1.78521264,-12.0200768,60.5287361,1.12796211,9.58880234,6.01100016,669.221619,75.1765976,1.65199995,0.0250000004,50,1,0.119999997,0.550000012,0.0133333337
C17_rand_32_r0,1,973,0.226666674,0,0,6.01100016,0.044333335,0.0263333339,0.215913981,0.215608984,0,0,14,3.90715003,11.1203499,0,0,0,0,0,1.78521264,-12.0200768,60.5287361,1.12796211,9.58880234,6.01100016,669.221619,75.1765976,1.65199995,0.0250000004,50,1,0.119999997,0.550000012,0.0133333337
C17_rand_32_r0,1,974,0.239999995,0,0,6.01100016,0.0439999998,0.0260000005,0.21134156,0.211219713,0,0,14,3.90715003,11.1203499,0,0,0,0,0,1.78521264,-12.0200768,60.5287361,1.12796211,9.58880234,6.01100016,669.221619,75.1765976,1.65199995,0.0250000004,50,1,0.119999997,0.550000012,0.0133333337
C17_rand_32_r0,1,975,0.25333333,0,0,6.01100016,0.0436666682,0.0256666671,0.206943154,0.206467628,0,0,14,3.90715003,11.1203499,0,0,0,0,0,1.78521264,-12.0200768,60.5287361,1.12796211,9.58880234,6.01100016,669.221619,75.1765976,1.65199995,0.0250000004,50,1,0.119999997,0.550000012,0.0133333337
C17_rand_32_r0,1,976,0.266666681,0,0,6.01100016,0.043333333,0.0253333338,0.20240815,0.202177882,0,0,14,3.90715003,11.1203499,0,0,0,0,0,1.78521264,-12.0200768,60.5287361,1.12796211,9.58880234,6.01100016,669.221619,75.1765976,1.65199995,0.0250000004,50,1,0.119999997,0.550000012,0.0133333337
C17_rand_32_r0,1,977,0.280000001,0,0,6.01100016,0.0430000015,0.0250000004,0.198089868,0.197416991,0,0,14,3.90715003,11.1203499,0,0,0,0,0,1.78521264,-12.0200768,60.5287361,1.12796211,9.58880234,6.01100016,669.221619,75.1765976,1.65199995,0.0250000004,50,1,0.119999997,0.550000012,0.0133333337
C17_rand_32_r0,1,978,0.293333322,0,0,6.01100016,0.0426666662,0.024666667,0.193584666,0.193217471,0,0,14,3.90715003,11.1203499,0,0,0,0,0,1.78521264,-12.0200768,60.5287361,1.12796211,9.58880234,6.01100016,669.221619,75.1765976,1.65199995,0.0250000004,50,1,0.119999997,0.550000012,0.0133333337
C17_rand_32_r0,1,979,0.306666672,0,0,6.01100016,0.0423333347,0.0243333336,0.189253703,0.189028993,0,0,14,3.90715003,11.1203499,0,0,0,0,0,1.78521264,-12.0200768,60.5287361,1.12796211,9.58880234,6.01100016,669.221619,75.1765976,1.65199995,0.0250000004,50,1,0.119999997,0.550000012,0.0133333337
C17_rand_32_r0,1,980,0.319999993,0,0,6.01100016,0.0419999994,0.0240000002,0.18488057,0.18435435,0,0,14,3.90715003,11.1203499,0,0,0,0,0,1.78521264,-12.0200768,60.5287361,1.12796211,9.58880234,6.01100016,669.221619,75.1765976,1.65199995,0.0250000004,50,1,0.119999997,0.550000012,0.0133333337
C17_rand_32_r0,1,981,0.333333343,0,0,6.01100016,0.0416666679,0.0236666668,0.180570275,0.180205405,0,0,14,3.90715003,11.1203499,0,0,0,0,0,1.78521264,-12.0200768,60.5287361,1.12796211,9.58880234,6.01100016,669.221619,75.1765976,1.65199995,0.0250000004,50,1,0.119999997,0.550000012,0.0133333337
C17_rand_32_r0,1,982,0.346666664,0,0,6.01100016,0.0413333327,0.0233333334,0.176287413,0.1755694,0,0,14,3.90715003,11.1203499,0,0,0,0,0,1.78521264,-12.0200768,60.5287361,1.12796211,9.58880234,6.01100016,669.221619,75.1765976,1.65199995,0.0250000004,50,1,0.119999997,0.550000012,0.0133333337
C17_rand_32_r0,1,983,0.360000014,0,0,6.01100016,0.0410000011,0.023,0.171973899,0.171352029,0,0,14,3.90715003,11.1203499,0,0,0,0,0,1.78521264,-12.0200768,60.5287361,1.12796211,9.58880234,6.01100016,669.221619,75.1765976,1.65199995,0.0250000004,50,1,0.119999997,0.550000012,0.0133333337
C17_rand_32_r0,1,984,0.373333335,0,0,6.01100016,0.0406666659,0.0226666667,0.167775735,0.16672872,0,0,14,3.90715003,11.1203499,0,0,0,0,0,1.78521264,-12.0200768,60.5287361,1.12796211,9.58880234,6.01100016,669.221619,75.1765976,1.65199995,0.0250000004,50,1,0.119999997,0.550000012,0.0133333337
C17_rand_32_r0,1,985,0.386666656,0,0,6.01100016,0.0403333344,0.0223333333,0.163442194,0.16241464,0,0,14,3.90715003,11.1203499,0,0,0,0,0,1.78521264,-12.0200768,60.5287361,1.12796211,9.58880234,6.01100016,669.221619,75.1765976,1.65199995,0.0250000004,50,1,0.119999997,0.550000012,0.0133333337
C17_rand_32_r0,1,986,0.400000006,0,0,6.01100016,0.0399999991,0.0219999999,0.159335449,0.157798529,0,0,14,3.90715003,11.1203499,0,0,0,0,0,1.78521264,-12.0200768,60.5287361,1.12796211,9.58880234,6.01100016,669.221619,75.1765976,1.65199995,0.0250000004,50,1,0.119999997,0.550000012,0.0133333337
C17_rand_32_r0,1,987,0.413333327,0,0,6.01100016,0.0396666676,0.0216666665,0.154670373,0.154658839,0,0,14,3.90715003,11.1203499,0,0,0,0,0,1.78521264,-12.0200768,60.5287361,1.12796211,9.58880234,6.01100016,669.221619,75.1765976,1.65199995,0.0250000004,50,1,0.119999997,0.550000012,0.0133333337
C17_rand_32_r0,1,988,0.426666677,0,0,6.01100016,0.0393333323,0.0213333331,0.150425211,0.150179833,0,0,14,3.90715003,11.1203499,0,0,0,0,0,1.78521264,-12.0200768,60.5287361,1.12796211,9.58880234,6.01100016,669.221619,75.1765976,1.65199995,0.0250000004,50,1,0.119999997,0.550000012,0.0133333337
C17_rand_32_r0,1,989,0.439999998,0,0,6.01100016,0.0390000008,0.0209999997,0.145685077,0.145599619,0,0,14,3.90715003,11.1203499,0,0,0,0,0,1.78521264,-12.0200768,60.5287361,1.12796211,9.58880234,6.01100016,669.221619,75.1765976,1.65199995,0.0250000004,50,1,0.119999997,0.550000012,0.0133333337
C17_rand_32_r0,1,990,0.453333348,0,0,6.01100016,0.0386666656,0.0206666663,0.14138104,0.141038641,0,0,14,3.90715003,11.1203499,0,0,0,0,0,1.78521264,-12.0200768,60.5287361,1.12796211,9.58880234,6.01100016,669.221619,75.1765976,1.65199995,0.0250000004,50,1,0.119999997,0.550000012,0.0133333337
C17_rand_32_r0,1,991,0.466666669,0,0,6.01100016,0.038333334,0.0203333329,0.136750311,0.136413276,0,0,14,3.90715003,11.1203499,0,0,0,0,0,1.78521264,-12.0200768,60.5287361,1.12796211,9.58880234,6.01100016,669.221619,75.1765976,1.65199995,0.0250000004,50,1,0.119999997,0.550000012,0.0133333337
C17_rand_32_r0,1,992,0.479999989,0,0,6.01100016,0.0379999988,0.0199999996,0.13236472,0.131803587,0,0,14,3.90715003,11.1203499,0,0,0,0,0,1.78521264,-12.0200768,60.5287361,1.12796211,9.58880234,6.01100016,669.221619,75.1765976,1.65199995,0.0250000004,50,1,0.119999997,0.550000012,0.0133333337
C17_rand_32_r0,1,993,0.49333334,0,0,6.01100016,0.0376666673,0.0196666662,0.12793842,0.127051607,0,0,14,3.90715003,11.1203499,0,0,0,0,0,1.78521264,-12.0200768,60.5287361,1.12796211,9.58880234,6.01100016,669.221619,75.1765976,1.65199995,0.0250000004,50,1,0.119999997,0.550000012,0.0133333337
C17_rand_32_r0,1,994,0.50666666,0,0,6.01100016,0.037333332,0.0193333328,0.123424999,0.122433491,0,0,14,3.90715003,11.1203499,0,0,0,0,0,1.78521264,-12.0200768,60.5287361,1.12796211,9.58880234,6.01100016,669.221619,75.1765976,1.65199995,0.0250000004,50,1,0.119999997,0.550000012,0.0133333337
C17_rand_32_r0,1,995,0.519999981,0,0,6.01100016,0.0370000005,0.0189999994,0.119349666,0.117551461,0,0,14,3.90715003,11.1203499,0,0,0,0,0,1.78521264,-12.0200768,60.5287361,1.12796211,9.58880234,6.01100016,669.221619,75.1765976,1.65199995,0.0250000004,50,1,0.119999997,0.550000012,0.0133333337
C17_rand_32_r0,1,996,0.533333361,0,0,6.01100016,0.0366666652,0.018666666,0.114647888,0.112946272,0,0,14,3.90715003,11.1203499,0,0,0,0,0,1.78521264,-12.0200768,60.5287361,1.12796211,9.58880234,6.01100016,669.221619,75.1765976,1.65199995,0.0250000004,50,1,0.119999997,0.550000012,0.0133333337
C17_rand_32_r0,1,997,0.546666682,0,0,6.01100016,0.0363333337,0.0183333326,0.110804021,0.108219519,0,0,14,3.90715003,11.1203499,0,0,0,0,0,1.78521264,-12.0200768,60.5287361,1.12796211,9.58880234,6.01100016,669.221619,75.1765976,1.65199995,0.0250000004,50,1,0.119999997,0.550000012,0.0133333337
C17_rand_32_r0,1,998,0.560000002,0,0,6.01100016,0.0359999985,0.0179999992,0.106158994,0.103375979,0,0,14,3.90715003,11.1203499,0,0,0,0,0,1.78521264,-12.0200768,60.5287361,1.12796211,9.58880234,6.01100016,669.221619,75.1765976,1.65199995,0.0250000004,50,1,0.119999997,0.550000012,0.0133333337
C17_rand_32_r0,1,999,0.573333323,0,0,6.01100016,0.0356666669,0.0176666658,0.102125488,0.0986674353,0,0,14,3.90715003,11.1203499,0,0,0,0,0,1.78521264,-12.0200768,60.5287361,1.12796211,9.58880234,6.01100016,669.221619,75.1765976,1.65199995,0.0250000004,50,1,0.119999997,0.550000012,0.0133333337
C17_rand_32_r0,1,1000,0.586666644,0,0,6.01100016,0.0353333317,0.0173333324,0.0981127024,0.0937994495,0,0,14,3.90715003,11.1203499,0,0,0,0,0,1.78521264,-12.0200768,60.5287361,1.12796211,9.58880234,6.01100016,669.221619,75.1765976,1.65199995,0.0250000004,50,1,0.119999997,0.550000012,0.0133333337
C17_rand_32_r0,1,1001,0.600000024,0,0,6.01100016,0.0350000001,0.0170000009,0.0938139558,0.0891080797,0,0,14,3.90715003,11.1203499,0,0,0,0,0,1.78521264,-12.0200768,60.5287361,1.12796211,9.58880234,6.01100016,669.221619,75.1765976,1.65199995,0.0250000004,50,1,0.119999997,0.550000012,0.0133333337
C17_rand_32_r0,1,1002,0.613333344,0,0,6.01100016,0.0346666649,0.0166666675,0.089908205,0.0881262422,0,0,14,3.90715003,11.1203499,0,0,0,0,0,1.78521264,-12.0200768,60.5287361,1.12796211,9.58880234,6.01100016,669.221619,75.1765976,1.65199995,0.0250000004,50,1,0.119999997,0.550000012,0.0133333337
C17_rand_32_r0,1,1003,0.626666665,0,0,6.01100016,0.0343333334,0.0163333341,0.0860352591,0.0795831457,0,0,14,3.90715003,11.1203499,0,0,0,0,0,1.78521264,-12.0200768,60.5287361,1.12796211,9.58880234,6.01100016,669.221619,75.1765976,1.65199995,0.0250000004,50,1,0.119999997,0.550000012,0.0133333337
C17_rand_32_r0,1,1004,0.639999986,0,0,6.01100016,0.0340000018,0.0160000008,0.0812930018,0.0786668211,0,0,14,3.90715003,11.1203499,0,0,0,0,0,1.78521264,-12.0200768,60.5287361,1.12796211,9.58880234,6.01100016,669.221619,75.1765976,1.65199995,0.0250000004,50,1,0.119999997,0.550000012,0.0133333337
C17_rand_32_r0,1,1005,0.653333306,0,0,6.01100016,0.0336666666,0.0156666674,0.0778661668,0.0741015226,0,0,14,3.90715003,11.1203499,0,0,0,0,0,1.78521264,-12.0200768,60.5287361,1.12796211,9.58880234,6.01100016,669.221619,75.1765976,1.65199995,0.0250000004,50,1,0.119999997,0.550000012,0.0133333337
C17_rand_32_r0,1,1006,0.666666687,0,0,6.01100016,0.0333333351,0.0153333331,0.0733451396,0.0694252849,0,0,14,3.90715003,11.1203499,0,0,0,0,0,1.78521264,-12.0200768,60.5287361,1.12796211,9.58880234,6.01100016,669.221619,75.1765976,1.65199995,0.0250000004,50,1,0.119999997,0.550000012,0.0133333337
C17_rand_32_r0,1,1007,0.680000007,0,0,6.01100016,0.0329999998,0.0149999997,0.0695319921,0.0650357828,0,0,14,3.90715003,11.1203499,0,0,0,0,0,1.78521264,-12.0200768,60.5287361,1.12796211,9.58880234,6.01100016,669.221619,75.1765976,1.65199995,0.0250000004,50,1,0.119999997,0.550000012,0.0133333337
C17_rand_32_r0,1,1008,0.693333328,0,0,6.01100016,0.0326666683,0.0146666663,0.0662857741,0.060604535,0,0,14,3.90715003,11.1203499,0,0,0,0,0,1.78521264,-12.0200768,60.5287361,1.12796211,9.58880234,6.01100016,669.221619,75.1765976,1.65199995,0.0250000004,50,1,0.119999997,0.550000012,0.0133333337
C17_rand_32_r0,1,1009,0.706666648,0,0,6.01100016,0.032333333,0.0143333329,0.061948441,0.0565110259,0,0,14,3.90715003,11.1203499,0,0,0,0,0,1.78521264,-12.0200768,60.5287361,1.12796211,9.58880234,6.01100016,669.221619,75.1765976,1.65199995,0.0250000004,50,1,0.119999997,0.550000012,0.0133333337
C17_rand_32_r0,1,1010,0.720000029,0,0,6.01100016,0.0320000015,0.0140000004,0.0592393689,0.0525070466,0,0,14,3.90715003,11.1203499,0,0,0,0,0,1.78521264,-12.0200768,60.5287361,1.12796211,9.58880234,6.01100016,669.221619,75.1765976,1.65199995,0.0250000004,50,1,0.119999997,0.550000012,0.0133333337
C17_rand_32_r0,1,1011,0.733333349,0,0,6.01100016,0.0316666663,0.013666667,0.0553298593,0.0487517901,0,0,14,3.90715003,11.1203499,0,0,0,0,0,1.78521264,-12.0200768,60.5287361,1.12796211,9.58880234,6.01100016,669.221619,75.1765976,1.65199995,0.0250000004,50,1,0.119999997,0.550000012,0.0133333337
C17_rand_32_r0,1,1012,0.74666667,0,0,6.01100016,0.0313333347,0.0133333337,0.0520373546,0.0451819487,0,0,14,3.90715003,11.1203499,0,0,0,0,0,1.78521264,-12.0200768,60.5287361,1.12796211,9.58880234,6.01100016,669.221619,75.1765976,1.65199995,0.0250000004,50,1,0.119999997,0.550000012,0.0133333337
C17_rand_32_r0,1,1013,0.75999999,0,0.826942623,6.01100016,0.0309999995,0.0130000003,0.0498710945,0.0419063196,0,1.50353205,14,3.90715003,11.1203499,0,0,0,0,0,1.78521264,-12.0200768,60.5287361,1.12796211,9.58880234,6.01100016,669.221619,75.1765976,1.65199995,0.0250000004,50,1,0.119999997,0.550000012,0.0133333337
C17_rand_32_r0,1,1014,0.773333311,0,1.19906676,6.01100016,0.0306666661,0.0126666669,0.0458151177,0.0387942605,0,1.50353205,14,3.90715003,11.1203499,0,0,0,0,0,1.78521264,-12.0200768,60.5287361,1.12796211,9.58880234,6.01100016,669.221619,75.1765976,1.65199995,0.0250000004,50,1,0.119999997,0.550000012,0.0133333337
C17_rand_32_r0,1,1015,0.786666691,0,1.36652267,6.01100016,0.0303333327,0.0123333335,0.0439307168,0.0358610824,0,1.50353205,14,3.90715003,11.1203499,0,0,0,0,0,1.78521264,-12.0200768,60.5287361,1.12796211,9.58880234,6.01100016,669.221619,75.1765976,1.65199995,0.0250000004,50,1,0.119999997,0.550000012,0.0133333337
C17_rand_32_r0,1,1016,0.800000012,0,1.44187784,6.01100016,0.0299999993,0.0120000001,0.040756911,0.0333187729,0,1.50353205,14,3.90715003,11.1203499,0,0,0,0,0,1.78521264,-12.0200768,60.5287361,1.12796211,9.58880234,6.01100016,669.221619,75.1765976,1.65199995,0.0250000004,50,1,0.119999997,0.550000012,0.0133333337
C17_rand_32_r0,1,1017,0.813333333,0,1.47578764,6.01100016,0.0296666659,0.0116666667,0.038016174,0.0308523923,0,1.50353205,14,3.90715003,11.1203499,0,0,0,0,0,1.78521264,-12.0200768,60.5287361,1.12796211,9.58880234,6.01100016,669.221619,75.1765976,1.65199995,0.0250000004,50,1,0.119999997,0.550000012,0.0133333337
C17_rand_32_r0,1,1018,0.826666653,0,1.49104702,6.01100016,0.0293333326,0.0113333333,0.0363457017,0.0348924026,0,1.50353205,14,3.90715003,11.1203499,0,0,0,0,0,1.78521264,-12.0200768,60.5287361,1.12796211,9.58880234,6.01100016,669.221619,75.1765976,1.65199995,0.0250000004,50,1,0.119999997,0.550000012,0.0133333337
C17_rand_32_r0,1,1019,0.839999974,0,1.49791372,6.01100016,0.0289999992,0.0109999999,0.0332065783,0.0266830884,0,1.50353205,14,3.90715003,11.1203499,0,0,0,0,0,1.78521264,-12.0200768,60.5287361,1.12796211,9.58880234,6.01100016,669.221619,75.1765976,1.65199995,0.0250000004,50,1,0.119999997,0.550000012,0.0133333337
C17_rand_32_r0,1,1020,0.853333354,0,1.50100374,6.01100016,0.0286666658,0.0106666666,0.0321310572,0.0289866179,0,1.50353205,14,3.90715003,11.1203499,0,0,0,0,0,1.78521264,-12.0200768,60.5287361,1.12796211,9.58880234,6.01100016,669.221619,75.1765976,1.65199995,0.0250000004,50,1,0.119999997,0.550000012,0.0133333337
C17_rand_32_r0,1,1021,0.866666675,0,1.50239432,6.01100016,0.0283333343,0.0103333332,0.0296251476,0.0232475363,0,1.50353205,14,3.90715003,11.1203499,0,0,0,0,0,1.78521264,-12.0200768,60.5287361,1.12796211,9.58880234,6.01100016,669.221619,75.1765976,1.65199995,0.0250000004,50,1,0.119999997,0.550000012,0.0133333337
C17_rand_32_r0,1,1022,0.879999995,0,1.50302005,6.01100016,0.0280000009,0.00999999978,0.0274798777,0.0216483288,0,1.50353205,14,3.90715003,11.1203499,0,0,0,0,0,1.78521264,-12.0200768,60.5287361,1.12796211,9.58880234,6.01100016,669.221619,75.1765976,1.65199995,0.0250000004,50,1,0.119999997,0.550000012,0.0133333337
C17_rand_32_r0,1,1023,0.893333316,0,1.50330162,6.01100016,0.0276666675,0.00966666639,0.0270715058,0.0244385898,0,1.50353205,14,3.90715003,11.1203499,0,0,0,0,0,1.78521264,-12.0200768,60.5287361,1.12796211,9.58880234,6.01100016,669.221619,75.1765976,1.65199995,0.0250000004,50,1,0.119999997,0.550000012,0.0133333337
C17_rand_32_r0,1,1024,0.906666696,0,1.50342834,6.01100016,0.0273333341,0.009333333,0.0238486882,0.0191756319,0,1.50353205,14,3.90715003,11.1203499,0,0,0,0,0,1.78521264,-12.0200768,60.5287361,1.12796211,9.58880234,6.01100016,669.221619,75.1765976,1.65199995,0.0250000004,50,1,0.119999997,0.550000012,0.0133333337
C17_rand_32_r0,1,1025,0.920000017,0,1.50348532,6.01100016,0.0270000007,0.00899999961,0.0239211991,0.0222546104,0,1.50353205,14,3.90715003,11.1203499,0,0,0,0,0,1.78521264,-12.0200768,60.5287361,1.12796211,9.58880234,6.01100016,669.221619,75.1765976,1.65199995,0.0250000004,50,1,0.119999997,0.550000012,0.0133333337
C17_rand_32_r0,1,1026,0.933333337,0,1.79475486,6.01100016,0.0266666673,0.00866666622,0.0213436782,0.0172087308,0.000791269122,2.03306627,14,3.90715003,11.1203499,0,0,0,0,0,1.78521264,-12.0200768,60.5287361,1.12796211,9.58880234,6.01100016,669.221619,75.1765976,1.65199995,0.0250000004,50,1,0.119999997,0.550000012,0.0133333337
C17_rand_32_r0,1,1027,0.946666658,0,2.29476976,6.01100016,0.0263333339,0.00833333377,0.0203405023,0.0162063632,0.00179363752,2.70387292,14,3.90715003,11.1203499,0,0,0,0,0,1.78521264,-12.0200768,60.5287361,1.12796211,9.58880234,6.01100016,669.221619,75.1765976,1.65199995,0.0250000004,50,1,0.119999997,0.550000012,0.0133333337
C17_rand_32_r0,1,1028,0.959999979,0,2.71488285,6.01100016,0.0260000005,0.00800000038,0.0199131183,0.0156762861,0.00232371432,3.05861187,14,3.90715003,11.1203499,1,0,0,0,0,1.78521264,-12.0200768,60.5287361,1.12796211,9.58880234,6.01100016,669.221619,75.1765976,1.65199995,0.0250000004,50,1,0.119999997,0.550000012,0.0133333337
C17_rand_32_r0,1,1029,0.973333359,0,3.21181536,6.01100016,0.0256666671,0.00766666653,0.017446924,0.014839814,0.00316018541,3.61839652,14,3.90715003,11.1203499,1,0,0,0,0,1.78521264,-12.0200768,60.5287361,1.12796211,9.58880234,6.01100016,669.221619,75.1765976,1.65199995,0.0250000004,50,1,0.119999997,0.550000012,0.0133333337
C17_rand_32_r0,1,1030,0.986666679,0,3.56721616,6.01100016,0.0253333338,0.00733333314,0.0193617493,0.0144817838,0.00351821654,3.85799837,14,3.90715003,11.1203499,1,0,0,0,0,1.78521264,-12.0200768,60.5287361,1.12796211,9.58880234,6.01100016,669.221619,75.1765976,1.65199995,0.0250000004,50,1,0.119999997,0.550000012,0.0133333337
C17_rand_32_r0,1,1031,1,0,4.01865578,6.01100016,0.0250000004,0.00700000022,0.0155648841,0.0136897936,0.00431020651,4.38801527,14,3.90715003,11.1203499,1,1,0,1,0,1.78521264,-12.0200768,60.5287361,1.12796211,9.58880234,6.01100016,669.221619,75.1765976,1.65199995,0.0250000004,50,1,0.119999997,0.550000012,0.0133333337
C17_rand_32_r0,1,1032,1.01333332,1,2.92108512,6.01100016,0.024666667,0.00666666683,0.0175010469,0.0172236636,0.000776335772,2.02307272,14,3.90715003,11.1203499,0,0,0,0,0,-3.02699494,-5.28917694,52.4097252,1.54976308,11.9143696,6.01100016,669.221619,75.1765976,1.65199995,0.0250000004,50,1,0.119999997,0.550000012,0.0133333337
C17_rand_32_r0,1,1033,2.01333332,2,4.13784313,6.01100016,0.0243333336,0.00633333344,0.0145204682,0.0125760259,0.00542397425,5.13337278,14,3.90715003,11.1203499,1,1,0,1,0,11.8712673,-26.2947178,62.5760002,1.51184833,27.2584095,6.01100016,669.221619,75.1765976,1.65199995,0.0250000004,50,1,0.119999997,0.550000012,0.0133333337
C17_rand_32_r0,1,1034,2.17853332,2,4.94934034,6.01100016,0.0240000002,0.00600000005,0.0164125338,0.0118588954,0.00614110474,5.61329222,14,3.90715003,11.1203499,1,1,0,2,0,11.8712673,-26.2947178,62.5760002,1.51184833,27.2584095,6.01100016,669.221619,75.1765976,1.65199995,0.0250000004,50,1,0.119999997,0.550000012,0.0133333337
C17_rand_32_r0,1,1035,2.34373331,2,5.34089947,6.01100016,0.0237583052,0.00575830555,0.0143198427,0.0117872078,0.00621279189,5.66126633,14,3.90715003,11.1203499,1,1,0,3,0,11.8712673,-26.2947178,62.5760002,1.51184833,27.2584095,6.01100016,669.221619,75.1765976,1.65199995,0.0250000004,50,1,0.119999997,0.550000012,0.0133333337
C17_rand_32_r0,1,1036,2.35706663,2,3.88768578,6.01100016,0.0234249718,0.00542497216,0.0159040876,0.0155964522,0.00240354799,2.6986928,14,3.90715003,11.1203499,1,0,0,0,0,11.8712673,-26.2947178,62.5760002,1.51184833,27.2584095,6.01100016,669.221619,75.1765976,1.65199995,0.0250000004,50,1,0.119999997,0.550000012,0.0133333337
C17_rand_32_r0,1,1037,4.01333332,4,4.82319498,6.01100016,0.0230916385,0.00509163877,0.0141263576,0.0118957739,0.00610422622,5.58861208,14,3.90715003,11.1203499,1,1,0,1,0,2.04914856,0.14441967,89.9581451,0.77251184,140.431931,6.01100016,669.221619,75.1765976,1.65199995,0.0250000004,50,1,0.119999997,0.550000012,0.0133333337
C17_rand_32_r0,1,1038,4.02666664,4,3.80039859,6.01100016,0.0227583051,0.00475830538,0.0159291588,0.0158183109,0.00218168832,2.96356487,14,3.90715003,11.1203499,1,0,0,0,0,2.04914856,0.14441967,89.9581451,0.77251184,140.431931,6.01100016,669.221619,75.1765976,1.65199995,0.0250000004,50,1,0.119999997,0.550000012,0.0133333337
C17_rand_32_r0,1,1039,4.03999996,4,4.51878834,6.01100016,0.0224249717,0.00442497199,0.0139237912,0.0126160886,0.00538391154,5.10656166,14,3.90715003,11.1203499,1,1,0,1,0,2.04914856,0.14441967,89.9581451,0.77251184,140.431931,6.01100016,669.221619,75.1765976,1.65199995,0.0250000004,50,1,0.119999997,0.550000012,0.0133333337
C17_rand_32_r0,1,1040,4.05333328,4,3.61266232,6.01100016,0.0220916383,0.00409163861,0.0160275437,0.0159562007,0.00204379903,2.87128639,14,3.90715003,11.1203499,1,0,0,0,0,2.04914856,0.14441967,89.9581451,0.77251184,140.431931,6.01100016,669.221619,75.1765976,1.65199995,0.0250000004,50,1,0.119999997,0.550000012,0.0133333337
C17_rand_32_r0,1,1041,6.01333332,6,4.48910522,6.01100016,0.0217583049,0.00375830545,0.0132675841,0.0124672092,0.00553279044,5.20619488,14,3.90715003,11.1203499,1,1,0,1,0,-3.52541757,-76.1013565,83.0000839,1.00473928,156.392914,6.01100016,669.221619,75.1765976,1.65199995,0.0250000004,50,1,0.119999997,0.550000012,0.0133333337
C17_rand_32_r0,1,1042,6.02666664,6,3.87258077,6.01100016,0.0214249715,0.00342497206,0.0153471101,0.0152137484,0.00278625148,3.36815166,14,3.90715003,11.1203499,1,0,0,0,0,-3.52541757,-76.1013565,83.0000839,1.00473928,156.392914,6.01100016,669.221619,75.1765976,1.65199995,0.0250000004,50,1,0.119999997,0.550000012,0.0133333337
C17_rand_32_r0,1,1043,6.03999996,6,4.84626865,6.01100016,0.0210916381,0.00309163891,0.0121608227,0.0118146194,0.00618538028,5.64292192,14,3.90715003,11.1203499,1,1,0,1,0,-3.52541757,-76.1013565,83.0000839,1.00473928,156.392914,6.01100016,669.221619,75.1765976,1.65199995,0.0250000004,50,1,0.119999997,0.550000012,0.0133333337
C17_rand_32_r0,1,1044,6.2052002,6,5.54066324,6.01100016,0.0209054332,0.00290543423,0.0149621731,0.0111184642,0.00688153598,6.10880423,14,3.90715003,11.1203499,1,1,0,2,0,-3.52541757,-76.1013565,83.0000839,1.00473928,156.392914,6.01100016,669.221619,75.1765976,1.65199995,0.0250000004,50,1,0.119999997,0.550000012,0.0133333337
C17_rand_32_r0,1,1045,8.16520023,8,5.6014967,6.01100016,0.0207606498,0.00276064919,0.0109662758,0.0108104898,0.00718950992,5.65126944,14,3.90715003,11.1203499,1,1,0,3,0,2.53125191,0.290048093,89.9480362,0.895734608,39.0381126,6.01100016,669.221619,75.1765976,1.65199995,0.0250000004,50,1,0.119999997,0.550000012,0.0133333337
C17_rand_32_r0,1,1046,8.33040047,8,5.8499279,6.01100016,0.0206917766,0.00269177603,0.0123353656,0.00993074011,0.00806926005,6.05318975,14,3.90715003,11.1203499,1,1,0,4,0,2.53125191,0.290048093,89.9480362,0.895734608,39.0381126,6.01100016,669.221619,75.1765976,1.65199995,0.0250000004,50,1,0.119999997,0.550000012,0.0133333337
C17_rand_32_r0,1,1047,8.49559975,8,5.78474188,6.01100016,0.0206174478,0.00261744764,0.0111203967,0.00989991985,0.0081000803,5.73140764,14,3.90715003,11.1203499,1,1,0,5,0,2.53125191,0.290048093,89.9480362,0.895734608,39.0381126,6.01100016,669.221619,75.1765976,1.65199995,0.0250000004,50,1,0.119999997,0.550000012,0.0133333337
C17_rand_32_r0,1,1048,8.66079998,8,6.10068369,6.01100016,0.0206299722,0.0026299716,0.00961032882,0.00899862219,0.00900137797,6.35918188,14,3.90715003,11.1203499,1,1,0,6,0,2.53125191,0.290048093,89.9480362,0.895734608,39.0381126,6.01100016,669.221619,75.1765976,1.65199995,0.0250000004,50,1,0.119999997,0.550000012,0.0133333337
C17_rand_32_r0,1,1049,10.1652002,10,5.16813326,6.01100016,0.0203979295,0.00239792932,0.0119027905,0.0113331079,0.00666689221,4.40513706,14,3.90715003,11.1203499,1,1,0,7,0,31.9914913,-16.4415855,82.043663,1.53554499,113.144775,6.01100016,669.221619,75.1765976,1.65199995,0.0250000004,50,1,0.119999997,0.550000012,0.0133333337
C17_rand_32_r0,1,1050,10.3304005,10,6.4895339,6.01100016,0.0204921812,0.00249218172,0.00938184839,0.00825131498,0.00974868517,7.57067966,14,3.90715003,11.1203499,1,1,0,8,0,31.9914913,-16.4415855,82.043663,1.53554499,113.144775,6.01100016,669.221619,75.1765976,1.65199995,0.0250000004,50,1,0.119999997,0.550000012,0.0133333337
C17_rand_32_r0,1,1051,10.4955997,10,6.60179234,6.01100016,0.0206719991,0.00267199939,0.00971110351,0.00736260507,0.0106373951,6.69364023,14,3.90715003,11.1203499,1,1,0,9,0,31.9914913,-16.4415855,82.043663,1.53554499,113.144775,6.01100016,669.221619,75.1765976,1.65199995,0.0250000004,50,1,0.119999997,0.550000012,0.0133333337
C17_rand_32_r0,1,1052,10.6608,10,5.9758091,6.01100016,0.0206921939,0.00269219372,0.010785901,0.00862384494,0.00937615521,5.46364069,14,3.90715003,11.1203499,1,1,0,10,0,31.9914913,-16.4415855,82.043663,1.53554499,113.144775,6.01100016,669.221619,75.1765976,1.65199995,0.0250000004,50,1,0.119999997,0.550000012,0.0133333337
C17_rand_32_r0,2,1474,0.0133333337,0,0,6.01100016,0.0496666655,0.0316666663,0.267242074,0.265246481,0,0,14,3.90715003,11.1203499,0,0,0,0,0,1.78521264,-12.0200768,60.5287361,1.12796211,9.58880234,6.01100016,669.221619,75.1765976,1.65199995,0.0250000004,50,1,0.119999997,0.550000012,0.0133333337
C17_rand_32_r0,2,1475,0.0266666673,0,0,6.01100016,0.049333334,0.0313333347,0.264336109,0.261908084,0,0,14,3.90715003,11.1203499,0,0,0,0,0,1.78521264,-12.0200768,60.5287361,1.12796211,9.58880234,6.01100016,669.221619,75.1765976,1.65199995,0.0250000004,50,1,0.119999997,0.550000012,0.0133333337
C17_rand_32_r0,2,1476,0.0399999991,0,0,6.01100016,0.0489999987,0.0309999995,0.259565622,0.257487327,0,0,14,3.90715003,11.1203499,0,0,0,0,0,1.78521264,-12.0200768,60.5287361,1.12796211,9.58880234,6.01100016,669.221619,75.1765976,1.65199995,0.0250000004,50,1,0.119999997,0.550000012,0.0133333337
C17_rand_32_r0,2,1477,0.0533333346,0,0,6.01100016,0.0486666672,0.0306666661,0.254877895,0.252563417,0,0,14,3.90715003,11.1203499,0,0,0,0,0,1.78521264,-12.0200768,60.5287361,1.12796211,9.58880234,6.01100016,669.221619,75.1765976,1.65199995,0.0250000004,50,1,0.119999997,0.550000012,0.0133333337
C17_rand_32_r0,2,1478,0.0666666701,0,0,6.01100016,0.0483333319,0.0303333327,0.249481574,0.247276992,0,0,14,3.90715003,11.1203499,0,0,0,0,0,1.78521264,-12.0200768,60.5287361,1.12796211,9.58880234,6.01100016,669.221619,75.1765976,1.65199995,0.0250000004,50,1,0.119999997,0.550000012,0.0133333337
C17_rand_32_r0,2,1479,0.0799999982,0,0,6.01100016,0.0480000004,0.0299999993,0.244593605,0.242180616,0,0,14,3.90715003,11.1203499,0,0,0,0,0,1.78521264,-12.0200768,60.5287361,1.12796211,9.58880234,6.01100016,669.221619,75.1765976,1.65199995,0.0250000004,50,1,0.119999997,0.550000012,0.0133333337
C17_rand_32_r0,2,1480,0.0933333337,0,0,6.01100016,0.0476666652,0.0296666659,0.239225611,0.236866787,0,0,14,3.90715003,11.1203499,0,0,0,0,0,1.78521264,-12.0200768,60.5287361,1.12796211,9.58880234,6.01100016,669.221619,75.1765976,1.65199995,0.0250000004,50,1,0.119999997,0.550000012,0.0133333337
C17_rand_32_r0,2,1481,0.106666669,0,0,6.01100016,0.0473333336,0.0293333326,0.23432225,0.23179014,0,0,14,3.90715003,11.1203499,0,0,0,0,0,1.78521264,-12.0200768,60.5287361,1.12796211,9.58880234,6.01100016,669.221619,75.1765976,1.65199995,0.0250000004,50,1,0.119999997,0.550000012,0.0133333337
C17_rand_32_r0,2,1482,0.119999997,0,0,6.01100016,0.0469999984,0.0289999992,0.229027644,0.226497486,0,0,14,3.90715003,11.1203499,0,0,0,0,0,1.78521264,-12.0200768,60.5287361,1.12796211,9.58880234,6.01100016,669.221619,75.1765976,1.65199995,0.0250000004,50,1,0.119999997,0.550000012,0.0133333337
C17_rand_32_r0,2,1483,0.13333334,0,0,6.01100016,0.0466666669,0.0286666658,0.22413142,0.221443072,0,0,14,3.90715003,11.1203499,0,0,0,0,0,1.78521264,-12.0200768,60.5287361,1.12796211,9.58880234,6.01100016,669.221619,75.1765976,1.65199995,0.0250000004,50,1,0.119999997,0.550000012,0.0133333337
C17_rand_32_r0,2,1484,0.146666661,0,0,6.01100016,0.0463333316,0.0283333343,0.218909338,0.216172442,0,0,14,3.90715003,11.1203499,0,0,0,0,0,1.78521264,-12.0200768,60.5287361,1.12796211,9.58880234,6.01100016,669.221619,75.1765976,1.65199995,0.0250000004,50,1,0.119999997,0.550000012,0.0133333337
C17_rand_32_r0,2,1485,0.159999996,0,0,6.01100016,0.0460000001,0.0280000009,0.214027062,0.211142227,0,0,14,3.90715003,11.1203499,0,0,0,0,0,1.78521264,-12.0200768,60.5287361,1.12796211,9.58880234,6.01100016,669.221619,75.1765976,1.65199995,0.0250000004,50,1,0.119999997,0.550000012,0.0133333337
C17_rand_32_r0,2,1486,0.173333332,0,0,6.01100016,0.0456666648,0.0276666675,0.208876789,0.205889463,0,0,14,3.90715003,11.1203499,0,0,0,0,0,1.78521264,-12.0200768,60.5287361,1.12796211,9.58880234,6.01100016,669.221619,75.1765976,1.65199995,0.0250000004,50,1,0.119999997,0.550000012,0.0133333337
C17_rand_32_r0,2,1487,0.186666667,0,0,6.01100016,0.0453333333,0.0273333341,0.204015657,0.200873539,0,0,14,3.90715003,11.1203499,0,0,0,0,0,1.78521264,-12.0200768,60.5287361,1.12796211,9.58880234,6.01100016,669.221619,75.1765976,1.65199995,0.0250000004,50,1,0.119999997,0.550000012,0.0133333337
C17_rand_32_r0,2,1488,0.200000003,0,0,6.01100016,0.0450000018,0.0270000007,0.198933586,0.195639521,0,0,14,3.90715003,11.1203499,0,0,0,0,0,1.78521264,-12.0200768,60.5287361,1.12796211,9.58880234,6.01100016,669.221619,75.1765976,1.65199995,0.0250000004,50,1,0.119999997,0.550000012,0.0133333337
C17_rand_32_r0,2,1489,0.213333338,0,0,6.01100016,0.0446666665,0.0266666673,0.194099665,0.190630123,0,0,14,3.90715003,11.1203499,0,0,0,0,0,1.78521264,-12.0200768,60.5287361,1.12796211,9.58880234,6.01100016,669.221619,75.1765976,1.65199995,0.0250000004,50,1,0.119999997,0.550000012,0.0133333337
C17_rand_32_r0,2,1490,0.226666674,0,0,6.01100016,0.044333335,0.0263333339,0.189085513,0.18540518,0,0,14,3.90715003,11.1203499,0,0,0,0,0,1.78521264,-12.0200768,60.5287361,1.12796211,9.58880234,6.01100016,669.221619,75.1765976,1.65199995,0.0250000004,50,1,0.119999997,0.550000012,0.0133333337
C17_rand_32_r0,2,1491,0.239999995,0,0,6.01100016,0.0439999998,0.0260000005,0.184283882,0.180407494,0,0,14,3.90715003,11.1203499,0,0,0,0,0,1.78521264,-12.0200768,60.5287361,1.12796211,9.58880234,6.01100016,669.221619,75.1765976,1.65199995,0.0250000004,50,1,0.119999997,0.550000012,0.0133333337
C17_rand_32_r0,2,1492,0.25333333,0,0,6.01100016,0.0436666682,0.0256666671,0.179338321,0.175178453,0,0,14,3.90715003,11.1203499,0,0,0,0,0,1.78521264,-12.0200768,60.5287361,1.12796211,9.58880234,6.01100016,669.221619,75.1765976,1.65199995,0.0250000004,50,1,0.119999997,0.550000012,0.0133333337
C17_rand_32_r0,2,1493,0.266666681,0,0,6.01100016,0.043333333,0.0253333338,0.174576804,0.170168281,0,0,14,3.90715003,11.1203499,0,0,0,0,0,1.78521264,-12.0200768,60.5287361,1.12796211,9.58880234,6.01100016,669.221619,75.1765976,1.65199995,0.0250000004,50,1,0.119999997,0.550000012,0.0133333337
C17_rand_32_r0,2,1494,0.280000001,0,0,6.01100016,0.0430000015,0.0250000004,0.169701681,0.164953709,0,0,14,3.90715003,11.1203499,0,0,0,0,0,1.78521264,-12.0200768,60.5287361,1.12796211,9.58880234,6.01100016,669.221619,75.1765976,1.65199995,0.0250000004,50,1,0.119999997,0.550000012,0.0133333337
C17_rand_32_r0,2,1495,0.293333322,0,0,6.01100016,0.0426666662,0.024666667,0.164311454,0.16421181,0,0,14,3.90715003,11.1203499,0,0,0,0,0,1.78521264,-12.0200768,60.5287361,1.12796211,9.58880234,6.01100016,669.221619,75.1765976,1.65199995,0.0250000004,50,1,0.119999997,0.550000012,0.0133333337
C17_rand_32_r0,2,1496,0.306666672,0,0,6.01100016,0.0423333347,0.0243333336,0.159205869,0.159057036,0,0,14,3.90715003,11.1203499,0,0,0,0,0,1.78521264,-12.0200768,60.5287361,1.12796211,9.58880234,6.01100016,669.221619,75.1765976,1.65199995,0.0250000004,50,1,0.119999997,0.550000012,0.0133333337
C17_rand_32_r0,2,1497,0.319999993,0,0,6.01100016,0.0419999994,0.0240000002,0.15416351,0.154027686,0,0,14,3.90715003,11.1203499,0,0,0,0,0,1.78521264,-12.0200768,60.5287361,1.12796211,9.58880234,6.01100016,669.221619,75.1765976,1.65199995,0.0250000004,50,1,0.119999997,0.550000012,0.0133333337
C17_rand_32_r0,2,1498,0.333333343,0,0,6.01100016,0.0416666679,0.0236666668,0.149048582,0.148831218,0,0,14,3.90715003,11.1203499,0,0,0,0,0,1.78521264,-12.0200768,60.5287361,1.12796211,9.58880234,6.01100016,669.221619,75.1765976,1.65199995,0.0250000004,50,1,0.119999997,0.550000012,0.0133333337
C17_rand_32_r0,2,1499,0.346666664,0,0,6.01100016,0.0413333327,0.0233333334,0.144126832,0.143756539,0,0,14,3.90715003,11.1203499,0,0,0,0,0,1.78521264,-12.0200768,60.5287361,1.12796211,9.58880234,6.01100016,669.221619,75.1765976,1.65199995,0.0250000004,50,1,0.119999997,0.550000012,0.0133333337
C17_rand_32_r0,2,1500,0.360000014,0,0,6.01100016,0.0410000011,0.023,0.138902664,0.138719305,0,0,14,3.90715003,11.1203499,0,0,0,0,0,1.78521264,-12.0200768,60.5287361,1.12796211,9.58880234,6.01100016,669.221619,75.1765976,1.65199995,0.0250000004,50,1,0.119999997,0.550000012,0.0133333337
C17_rand_32_r0,2,1501,0.373333335,0,0,6.01100016,0.0406666659,0.0226666667,0.13373521,0.133649826,0,0,14,3.90715003,11.1203499,0,0,0,0,0,1.78521264,-12.0200768,60.5287361,1.12796211,9.58880234,6.01100016,669.221619,75.1765976,1.65199995,0.0250000004,50,1,0.119999997,0.550000012,0.0133333337
C17_rand_32_r0,2,1502,0.386666656,0,0,6.01100016,0.0403333344,0.0223333333,0.128918946,0.128896952,0,0,14,3.90715003,11.1203499,0,0,0,0,0,1.78521264,-12.0200768,60.5287361,1.12796211,9.58880234,6.01100016,669.221619,75.1765976,1.65199995,0.0250000004,50,1,0.119999997,0.550000012,0.0133333337
C17_rand_32_r0,2,1503,0.400000006,0,0,6.01100016,0.0399999991,0.0219999999,0.12363252,0.123593591,0,0,14,3.90715003,11.1203499,0,0,0,0,0,1.78521264,-12.0200768,60.5287361,1.12796211,9.58880234,6.01100016,669.221619,75.1765976,1.65199995,0.0250000004,50,1,0.119999997,0.550000012,0.0133333337
C17_rand_32_r0,2,1504,0.413333327,0,0,6.01100016,0.0396666676,0.0216666665,0.118684232,0.11858096,0,0,14,3.90715003,11.1203499,0,0,0,0,0,1.78521264,-12.0200768,60.5287361,1.12796211,9.58880234,6.01100016,669.221619,75.1765976,1.65199995,0.0250000004,50,1,0.119999997,0.550000012,0.0133333337
C17_rand_32_r0,2,1505,0.426666677,0,0,6.01100016,0.0393333323,0.0213333331,0.113920279,0.113647267,0,0,14,3.90715003,11.1203499,0,0,0,0,0,1.78521264,-12.0200768,60.5287361,1.12796211,9.58880234,6.01100016,669.221619,75.1765976,1.65199995,0.0250000004,50,1,0.119999997,0.550000012,0.0133333337
C17_rand_32_r0,2,1506,0.439999998,0,0,6.01100016,0.0390000008,0.0209999997,0.10873612,0.108704641,0,0,14,3.90715003,11.1203499,0,0,0,0,0,1.78521264,-12.0200768,60.5287361,1.12796211,9.58880234,6.01100016,669.221619,75.1765976,1.65199995,0.0250000004,50,1,0.119999997,0.550000012,0.0133333337
C17_rand_32_r0,2,1507,0.453333348,0,0,6.01100016,0.0386666656,0.0206666663,0.104279332,0.103842266,0,0,14,3.90715003,11.1203499,0,0,0,0,0,1.78521264,-12.0200768,60.5287361,1.12796211,9.58880234,6.01100016,669.221619,75.1765976,1.65199995,0.0250000004,50,1,0.119999997,0.550000012,0.0133333337
C17_rand_32_r0,2,1508,0.466666669,0,0,6.01100016,0.038333334,0.0203333329,0.0992741883,0.0990729257,0,0,14,3.90715003,11.1203499,0,0,0,0,0,1.78521264,-12.0200768,60.5287361,1.12796211,9.58880234,6.01100016,669.221619,75.1765976,1.65199995,0.0250000004,50,1,0.119999997,0.550000012,0.0133333337
C17_rand_32_r0,2,1509,0.479999989,0,0,6.01100016,0.0379999988,0.0199999996,0.0946672559,0.0943606123,0,0,14,3.90715003,11.1203499,0,0,0,0,0,1.78521264,-12.0200768,60.5287361,1.12796211,9.58880234,6.01100016,669.221619,75.1765976,1.65199995,0.0250000004,50,1,0.119999997,0.550000012,0.0133333337
C17_rand_32_r0,2,1510,0.49333334,0,0,6.01100016,0.0376666673,0.0196666662,0.090154171,0.0899637714,0,0,14,3.90715003,11.1203499,0,0,0,0,0,1.78521264,-12.0200768,60.5287361,1.12796211,9.58880234,6.01100016,669.221619,75.1765976,1.65199995,0.0250000004,50,1,0.119999997,0.550000012,0.0133333337
C17_rand_32_r0,2,1511,0.50666666,0,0,6.01100016,0.037333332,0.0193333328,0.0856436566,0.0853170827,0,0,14,3.90715003,11.1203499,0,0,0,0,0,1.78521264,-12.0200768,60.5287361,1.12796211,9.58880234,6.01100016,669.221619,75.1765976,1.65199995,0.0250000004,50,1,0.119999997,0.550000012,0.0133333337
C17_rand_32_r0,2,1512,0.519999981,0,0,6.01100016,0.0370000005,0.0189999994,0.0812527835,0.0811527148,0,0,14,3.90715003,11.1203499,0,0,0,0,0,1.78521264,-12.0200768,60.5287361,1.12796211,9.58880234,6.01100016,669.221619,75.1765976,1.65199995,0.0250000004,50,1,0.119999997,0.550000012,0.0133333337
C17_rand_32_r0,2,1513,0.533333361,0,0,6.01100016,0.0366666652,0.018666666,0.0772111043,0.0769476965,0,0,14,3.90715003,11.1203499,0,0,0,0,0,1.78521264,-12.0200768,60.5287361,1.12796211,9.58880234,6.01100016,669.221619,75.1765976,1.65199995,0.0250000004,50,1,0.119999997,0.550000012,0.0133333337
C17_rand_32_r0,2,1514,0.546666682,0,0,6.01100016,0.0363333337,0.0183333326,0.0730734989,0.0729916468,0,0,14,3.90715003,11.1203499,0,0,0,0,0,1.78521264,-12.0200768,60.5287361,1.12796211,9.58880234,6.01100016,669.221619,75.1765976,1.65199995,0.0250000004,50,1,0.119999997,0.550000012,0.0133333337
C17_rand_32_r0,2,1515,0.560000002,0,0,6.01100016,0.0359999985,0.0179999992,0.0694534481,0.0692244843,0,0,14,3.90715003,11.1203499,0,0,0,0,0,1.78521264,-12.0200768,60.5287361,1.12796211,9.58880234,6.01100016,669.221619,75.1765976,1.65199995,0.0250000004,50,1,0.119999997,0.550000012,0.0133333337
C17_rand_32_r0,2,1516,0.573333323,0,0,6.01100016,0.0356666669,0.0176666658,0.0656505972,0.065510653,0,0,14,3.90715003,11.1203499,0,0,0,0,0,1.78521264,-12.0200768,60.5287361,1.12796211,9.58880234,6.01100016,669.221619,75.1765976,1.65199995,0.0250000004,50,1,0.119999997,0.550000012,0.0133333337
C17_rand_32_r0,2,1517,0.586666644,0,0,6.01100016,0.0353333317,0.0173333324,0.0622826368,0.0620655455,0,0,14,3.90715003,11.1203499,0,0,0,0,0,1.78521264,-12.0200768,60.5287361,1.12796211,9.58880234,6.01100016,669.221619,75.1765976,1.65199995,0.0250000004,50,1,0.119999997,0.550000012,0.0133333337
C17_rand_32_r0,2,1518,0.600000024,0,0,6.01100016,0.0350000001,0.0170000009,0.0589739382,0.0586693548,0,0,14,3.90715003,11.1203499,0,0,0,0,0,1.78521264,-12.0200768,60.5287361,1.12796211,9.58880234,6.01100016,669.221619,75.1765976,1.65199995,0.0250000004,50,1,0.119999997,0.550000012,0.0133333337
C17_rand_32_r0,2,1519,0.613333344,0,0,6.01100016,0.0346666649,0.0166666675,0.0558293015,0.0555115417,0,0,14,3.90715003,11.1203499,0,0,0,0,0,1.78521264,-12.0200768,60.5287361,1.12796211,9.58880234,6.01100016,669.221619,75.1765976,1.65199995,0.0250000004,50,1,0.119999997,0.550000012,0.0133333337
C17_rand_32_r0,2,1520,0.626666665,0,0,6.01100016,0.0343333334,0.0163333341,0.05269178,0.052431453,0,0,14,3.90715003,11.1203499,0,0,0,0,0,1.78521264,-12.0200768,60.5287361,1.12796211,9.58880234,6.01100016,669.221619,75.1765976,1.65199995,0.0250000004,50,1,0.119999997,0.550000012,0.0133333337
C17_rand_32_r0,2,1521,0.639999986,0,0,6.01100016,0.0340000018,0.0160000008,0.0501057133,0.0495081693,0,0,14,3.90715003,11.1203499,0,0,0,0,0,1.78521264,-12.0200768,60.5287361,1.12796211,9.58880234,6.01100016,669.221619,75.1765976,1.65199995,0.0250000004,50,1,0.119999997,0.550000012,0.0133333337
C17_rand_32_r0,2,1522,0.653333306,0,0,6.01100016,0.0336666666,0.0156666674,0.0468548834,0.0467525497,0,0,14,3.90715003,11.1203499,0,0,0,0,0,1.78521264,-12.0200768,60.5287361,1.12796211,9.58880234,6.01100016,669.221619,75.1765976,1.65199995,0.0250000004,50,1,0.119999997,0.550000012,0.0133333337
C17_rand_32_r0,2,1523,0.666666687,0,0.826942623,6.01100016,0.0333333351,0.0153333331,0.0447177477,0.0443635471,0,1.50353205,14,3.90715003,11.1203499,0,0,0,0,0,1.78521264,-12.0200768,60.5287361,1.12796211,9.58880234,6.01100016,669.221619,75.1765976,1.65199995,0.0250000004,50,1,0.119999997,0.550000012,0.0133333337
C17_rand_32_r0,2,1524,0.680000007,0,1.19906676,6.01100016,0.0329999998,0.0149999997,0.041636277,0.0416056886,0,1.50353205,14,3.90715003,11.1203499,0,0,0,0,0,1.78521264,-12.0200768,60.5287361,1.12796211,9.58880234,6.01100016,669.221619,75.1765976,1.65199995,0.0250000004,50,1,0.119999997,0.550000012,0.0133333337
C17_rand_32_r0,2,1525,0.693333328,0,1.36652267,6.01100016,0.0326666683,0.0146666663,0.039611686,0.0394641757,0,1.50353205,14,3.90715003,11.1203499,0,0,0,0,0,1.78521264,-12.0200768,60.5287361,1.12796211,9.58880234,6.01100016,669.221619,75.1765976,1.65199995,0.0250000004,50,1,0.119999997,0.550000012,0.0133333337
C17_rand_32_r0,2,1526,0.706666648,0,1.44187784,6.01100016,0.032333333,0.0143333329,0.0371038802,0.0370178074,0,1.50353205,14,3.90715003,11.1203499,0,0,0,0,0,1.78521264,-12.0200768,60.5287361,1.12796211,9.58880234,6.01100016,669.221619,75.1765976,1.65199995,0.0250000004,50,1,0.119999997,0.550000012,0.0133333337
C17_rand_32_r0,2,1527,0.720000029,0,1.47578764,6.01100016,0.0320000015,0.0140000004,0.0351715907,0.0351374559,0,1.50353205,14,3.90715003,11.1203499,0,0,0,0,0,1.78521264,-12.0200768,60.5287361,1.12796211,9.58880234,6.01100016,669.221619,75.1765976,1.65199995,0.0250000004,50,1,0.119999997,0.550000012,0.0133333337
C17_rand_32_r0,2,1528,0.733333349,0,1.49104702,6.01100016,0.0316666663,0.013666667,0.0333325788,0.0330211855,0,1.50353205,14,3.90715003,11.1203499,0,0,0,0,0,1.78521264,-12.0200768,60.5287361,1.12796211,9.58880234,6.01100016,669.221619,75.1765976,1.65199995,0.0250000004,50,1,0.119999997,0.550000012,0.0133333337
C17_rand_32_r0,2,1529,0.74666667,0,1.49791372,6.01100016,0.0313333347,0.0133333337,0.0314578153,0.0314078033,0,1.50353205,14,3.90715003,11.1203499,0,0,0,0,0,1.78521264,-12.0200768,60.5287361,1.12796211,9.58880234,6.01100016,669.221619,75.1765976,1.65199995,0.0250000004,50,1,0.119999997,0.550000012,0.0133333337
C17_rand_32_r0,2,1530,0.75999999,0,1.50100374,6.01100016,0.0309999995,0.0130000003,0.0300352387,0.0297152326,0,1.50353205,14,3.90715003,11.1203499,0,0,0,0,0,1.78521264,-12.0200768,60.5287361,1.12796211,9.58880234,6.01100016,669.221619,75.1765976,1.65199995,0.0250000004,50,1,0.119999997,0.550000012,0.0133333337
C17_rand_32_r0,2,1531,0.773333311,0,1.50239432,6.01100016,0.0306666661,0.0126666669,0.0285114981,0.0282846782,0,1.50353205,14,3.90715003,11.1203499,0,0,0,0,0,1.78521264,-12.0200768,60.5287361,1.12796211,9.58880234,6.01100016,669.221619,75.1765976,1.65199995,0.0250000004,50,1,0.119999997,0.550000012,0.0133333337
C17_rand_32_r0,2,1532,0.786666691,0,1.50302005,6.01100016,0.0303333327,0.0123333335,0.0273271855,0.0268745217,0,1.50353205,14,3.90715003,11.1203499,0,0,0,0,0,1.78521264,-12.0200768,60.5287361,1.12796211,9.58880234,6.01100016,669.221619,75.1765976,1.65199995,0.0250000004,50,1,0.119999997,0.550000012,0.0133333337
C17_rand_32_r0,2,1533,0.800000012,0,1.50330162,6.01100016,0.0299999993,0.0120000001,0.0263283439,0.0257599633,0,1.50353205,14,3.90715003,11.1203499,0,0,0,0,0,1.78521264,-12.0200768,60.5287361,1.12796211,9.58880234,6.01100016,669.221619,75.1765976,1.65199995,0.0250000004,50,1,0.119999997,0.550000012,0.0133333337
C17_rand_32_r0,2,1534,0.813333333,0,1.50342834,6.01100016,0.0296666659,0.0116666667,0.0253424887,0.0246200971,0,1.50353205,14,3.90715003,11.1203499,0,0,0,0,0,1.78521264,-12.0200768,60.5287361,1.12796211,9.58880234,6.01100016,669.221619,75.1765976,1.65199995,0.0250000004,50,1,0.119999997,0.550000012,0.0133333337
C17_rand_32_r0,2,1535,0.826666653,0,1.50348532,6.01100016,0.0293333326,0.0113333333,0.0246754847,0.0239189472,0,1.50353205,14,3.90715003,11.1203499,0,0,0,0,0,1.78521264,-12.0200768,60.5287361,1.12796211,9.58880234,6.01100016,669.221619,75.1765976,1.65199995,0.0250000004,50,1,0.119999997,0.550000012,0.0133333337
C17_rand_32_r0,2,1536,0.839999974,0,1.50351095,6.01100016,0.0289999992,0.0109999999,0.0240044389,0.0228982102,0,1.50353205,14,3.90715003,11.1203499,0,0,0,0,0,1.78521264,-12.0200768,60.5287361,1.12796211,9.58880234,6.01100016,669.221619,75.1765976,1.65199995,0.0250000004,50,1,0.119999997,0.550000012,0.0133333337
C17_rand_32_r0,2,1537,0.853333354,0,1.50352252,6.01100016,0.0286666658,0.0106666666,0.0231044181,0.0224085823,0,1.50353205,14,3.90715003,11.1203499,0,0,0,0,0,1.78521264,-12.0200768,60.5287361,1.12796211,9.58880234,6.01100016,669.221619,75.1765976,1.65199995,0.0250000004,50,1,0.119999997,0.550000012,0.0133333337
C17_rand_32_r0,2,1538,0.866666675,0,1.50352776,6.01100016,0.0283333343,0.0103333332,0.023202775,0.0216442049,0,1.50353205,14,3.90715003,11.1203499,0,0,0,0,0,1.78521264,-12.0200768,60.5287361,1.12796211,9.58880234,6.01100016,669.221619,75.1765976,1.65199995,0.0250000004,50,1,0.119999997,0.550000012,0.0133333337
C17_rand_32_r0,2,1539,0.879999995,0,1.50353014,6.01100016,0.0280000009,0.00999999978,0.0222434253,0.0212834999,0,1.50353205,14,3.90715003,11.1203499,0,0,0,0,0,1.78521264,-12.0200768,60.5287361,1.12796211,9.58880234,6.01100016,669.221619,75.1765976,1.65199995,0.0250000004,50,1,0.119999997,0.550000012,0.0133333337
C17_rand_32_r0,2,1540,0.893333316,0,1.5035311,6.01100016,0.0276666675,0.00966666639,0.0219553113,0.0212987829,0,1.50353205,14,3.90715003,11.1203499,0,0,0,0,0,1.78521264,-12.0200768,60.5287361,1.12796211,9.58880234,6.01100016,669.221619,75.1765976,1.65199995,0.0250000004,50,1,0.119999997,0.550000012,0.0133333337
C17_rand_32_r0,2,1541,0.906666696,0,1.50353158,6.01100016,0.0273333341,0.009333333,0.0219774935,0.0208600257,0,1.50353205,14,3.90715003,11.1203499,0,0,0,0,0,1.78521264,-12.0200768,60.5287361,1.12796211,9.58880234,6.01100016,669.221619,75.1765976,1.65199995,0.0250000004,50,1,0.119999997,0.550000012,0.0133333337
C17_rand_32_r0,2,1542,0.920000017,0,1.50353181,6.01100016,0.0270000007,0.00899999961,0.0210237261,0.0206991881,0,1.50353205,14,3.90715003,11.1203499,0,0,0,0,0,1.78521264,-12.0200768,60.5287361,1.12796211,9.58880234,6.01100016,669.221619,75.1765976,1.65199995,0.0250000004,50,1,0.119999997,0.550000012,0.0133333337
C17_rand_32_r0,2,1543,0.933333337,0,1.50353193,6.01100016,0.0266666673,0.00866666622,0.0214435402,0.0203066524,0,1.50353205,14,3.90715003,11.1203499,0,0,0,0,0,1.78521264,-12.0200768,60.5287361,1.12796211,9.58880234,6.01100016,669.221619,75.1765976,1.65199995,0.0250000004,50,1,0.119999997,0.550000012,0.0133333337
C17_rand_32_r0,2,1544,0.946666658,0,1.50353193,6.01100016,0.0263333339,0.00833333377,0.0207748301,0.0202961154,0,1.50353205,14,3.90715003,11.1203499,0,0,0,0,0,1.78521264,-12.0200768,60.5287361,1.12796211,9.58880234,6.01100016,669.221619,75.1765976,1.65199995,0.0250000004,50,1,0.119999997,0.550000012,0.0133333337
C17_rand_32_r0,2,1545,0.959999979,0,1.50353193,6.01100016,0.0260000005,0.00800000038,0.0211171247,0.019900132,0,1.50353205,14,3.90715003,11.1203499,0,0,0,0,0,1.78521264,-12.0200768,60.5287361,1.12796211,9.58880234,6.01100016,669.221619,75.1765976,1.65199995,0.0250000004,50,1,0.119999997,0.550000012,0.0133333337
C17_rand_32_r0,2,1546,0.973333359,0,1.50353205,6.01100016,0.0256666671,0.00766666653,0.0208783094,0.019777935,0,1.50353205,14,3.90715003,11.1203499,0,0,0,0,0,1.78521264,-12.0200768,60.5287361,1.12796211,9.58880234,6.01100016,669.221619,75.1765976,1.65199995,0.0250000004,50,1,0.119999997,0.550000012,0.0133333337
C17_rand_32_r0,2,1547,0.986666679,0,1.50353205,6.01100016,0.0253333338,0.00733333314,0.020827895,0.020229917,0,1.50353205,14,3.90715003,11.1203499,0,0,0,0,0,1.78521264,-12.0200768,60.5287361,1.12796211,9.58880234,6.01100016,669.221619,75.1765976,1.65199995,0.0250000004,50,1,0.119999997,0.550000012,0.0133333337
C17_rand_32_r0,2,1548,1,0,1.50353205,6.01100016,0.0250000004,0.00700000022,0.0208674241,0.0194375291,0,1.50353205,14,3.90715003,11.1203499,0,0,0,0,0,1.78521264,-12.0200768,60.5287361,1.12796211,9.58880234,6.01100016,669.221619,75.1765976,1.65199995,0.0250000004,50,1,0.119999997,0.550000012,0.0133333337
C17_rand_32_r0,2,1549,1.01333332,1,1.50353205,6.01100016,0.024666667,0.00666666683,0.0203859601,0.0200254265,0,1.50353205,14,3.90715003,11.1203499,0,0,0,0,0,-3.02699494,-5.28917694,52.4097252,1.54976308,11.9143696,6.01100016,669.221619,75.1765976,1.65199995,0.0250000004,50,1,0.119999997,0.550000012,0.0133333337
C17_rand_32_r0,2,1550,1.02666664,1,1.50353205,6.01100016,0.0243333336,0.00633333344,0.0207841601,0.0191618111,0,1.50353205,14,3.90715003,11.1203499,0,0,0,0,0,-3.02699494,-5.28917694,52.4097252,1.54976308,11.9143696,6.01100016,669.221619,75.1765976,1.65199995,0.0250000004,50,1,0.119999997,0.550000012,0.0133333337
C17_rand_32_r0,2,1551,1.03999996,1,1.50353205,6.01100016,0.0240000002,0.00600000005,0.020350704,0.0198253002,0,1.50353205,14,3.90715003,11.1203499,0,0,0,0,0,-3.02699494,-5.28917694,52.4097252,1.54976308,11.9143696,6.01100016,669.221619,75.1765976,1.65199995,0.0250000004,50,1,0.119999997,0.550000012,0.0133333337
C17_rand_32_r0,2,1552,1.05333328,1,1.50353205,6.01100016,0.0236666668,0.00566666666,0.0204126872,0.020262314,0,1.50353205,14,3.90715003,11.1203499,0,0,0,0,0,-3.02699494,-5.28917694,52.4097252,1.54976308,11.9143696,6.01100016,669.221619,75.1765976,1.65199995,0.0250000004,50,1,0.119999997,0.550000012,0.0133333337
C17_rand_32_r0,2,1553,1.06666672,1,1.50353205,6.01100016,0.0233333334,0.00533333328,0.0205698591,0.0192100648,0,1.50353205,14,3.90715003,11.1203499,0,0,0,0,0,-3.02699494,-5.28917694,52.4097252,1.54976308,11.9143696,6.01100016,669.221619,75.1765976,1.65199995,0.0250000004,50,1,0.119999997,0.550000012,0.0133333337
C17_rand_32_r0,2,1554,1.08000004,1,1.50353205,6.01100016,0.023,0.00499999989,0.0202020127,0.0199850649,0,1.50353205,14,3.90715003,11.1203499,0,0,0,0,0,-3.02699494,-5.28917694,52.4097252,1.54976308,11.9143696,6.01100016,669.221619,75.1765976,1.65199995,0.0250000004,50,1,0.119999997,0.550000012,0.0133333337
C17_rand_32_r0,2,1555,1.09333336,1,1.50353205,6.01100016,0.0226666667,0.0046666665,0.0199324116,0.0196254123,0,1.50353205,14,3.90715003,11.1203499,0,0,0,0,0,-3.02699494,-5.28917694,52.4097252,1.54976308,11.9143696,6.01100016,669.221619,75.1765976,1.65199995,0.0250000004,50,1,0.119999997,0.550000012,0.0133333337
C17_rand_32_r0,2,1556,1.10666668,1,1.50353205,6.01100016,0.0223333333,0.00433333311,0.0199150704,0.0198979918,0,1.50353205,14,3.90715003,11.1203499,0,0,0,0,0,-3.02699494,-5.28917694,52.4097252,1.54976308,11.9143696,6.01100016,669.221619,75.1765976,1.65199995,0.0250000004,50,1,0.119999997,0.550000012,0.0133333337
C17_rand_32_r0,2,1557,1.12,1,1.50353205,6.01100016,0.0219999999,0.00400000019,0.0193579067,0.0192732699,0,1.50353205,14,3.90715003,11.1203499,0,0,0,0,0,-3.02699494,-5.28917694,52.4097252,1.54976308,11.9143696,6.01100016,669.221619,75.1765976,1.65199995,0.0250000004,50,1,0.119999997,0.550000012,0.0133333337
C17_rand_32_r0,2,1558,1.13333333,1,1.50353205,6.01100016,0.0216666665,0.00366666657,0.0194880217,0.019392604,0,1.50353205,14,3.90715003,11.1203499,0,0,0,0,0,-3.02699494,-5.28917694,52.4097252,1.54976308,11.9143696,6.01100016,669.221619,75.1765976,1.65199995,0.0250000004,50,1,0.119999997,0.550000012,0.0133333337
C17_rand_32_r0,2,1559,1.14666665,1,1.50353205,6.01100016,0.0213333331,0.00333333341,0.018972937,0.0188448988,0,1.50353205,14,3.90715003,11.1203499,0,0,0,0,0,-3.02699494,-5.28917694,52.4097252,1.54976308,11.9143696,6.01100016,669.221619,75.1765976,1.65199995,0.0250000004,50,1,0.119999997,0.550000012,0.0133333337
C17_rand_32_r0,2,1560,1.15999997,1,1.50353205,6.01100016,0.0209999997,0.00300000003,0.0188804939,0.0182186905,0,1.50353205,14,3.90715003,11.1203499,0,0,0,0,0,-3.02699494,-5.28917694,52.4097252,1.54976308,11.9143696,6.01100016,669.221619,75.1765976,1.65199995,0.0250000004,50,1,0.119999997,0.550000012,0.0133333337
C17_rand_32_r0,2,1561,1.17333329,1,1.87957776,6.01100016,0.0206666663,0.00266666664,0.0182969626,0.0169783365,0.00102166401,2.18725157,14,3.90715003,11.1203499,0,0,0,0,0,-3.02699494,-5.28917694,52.4097252,1.54976308,11.9143696,6.01100016,669.221619,75.1765976,1.65199995,0.0250000004,50,1,0.119999997,0.550000012,0.0133333337
C17_rand_32_r0,2,1562,1.18666661,1,1.77569151,6.01100016,0.0203333329,0.00233333325,0.0182781648,0.0177203286,0.000279670523,1.69069362,14,3.90715003,11.1203499,0,0,0,0,0,-3.02699494,-5.28917694,52.4097252,1.54976308,11.9143696,6.01100016,669.221619,75.1765976,1.65199995,0.0250000004,50,1,0.119999997,0.550000012,0.0133333337
C17_rand_32_r0,2,1563,1.20000005,1,2.19635868,6.01100016,0.0199999996,0.00200000009,0.0178332683,0.0164504256,0.0015495749,2.54054093,14,3.90715003,11.1203499,0,0,0,0,0,-3.02699494,-5.28917694,52.4097252,1.54976308,11.9143696,6.01100016,669.221619,75.1765976,1.65199995,0.0250000004,50,1,0.119999997,0.550000012,0.0133333337
C17_rand_32_r0,2,1564,1.21333337,1,1.95460892,6.01100016,0.0196666662,0.00166666671,0.0177448299,0.0176215284,0.000378471974,1.75681365,14,3.90715003,11.1203499,0,0,0,0,0,-3.02699494,-5.28917694,52.4097252,1.54976308,11.9143696,6.01100016,669.221619,75.1765976,1.65199995,0.0250000004,50,1,0.119999997,0.550000012,0.0133333337
C17_rand_32_r0,2,1565,1.22666669,1,2.15104866,6.01100016,0.0193333328,0.00133333332,0.0173670091,0.0167922676,0.00120773178,2.31177211,14,3.90715003,11.1203499,0,0,0,0,0,-3.02699494,-5.28917694,52.4097252,1.54976308,11.9143696,6.01100016,669.221619,75.1765976,1.65199995,0.0250000004,50,1,0.119999997,0.550000012,0.0133333337
C17_rand_32_r0,2,1566,1.24000001,1,2.82282305,6.01100016,0.0189999994,0.00100000005,0.016622236,0.0152073158,0.00279268436,3.37245655,14,3.90715003,11.1203499,0,0,0,0,0,-3.02699494,-5.28917694,52.4097252,1.54976308,11.9143696,6.01100016,669.221619,75.1765976,1.65199995,0.0250000004,50,1,0.119999997,0.550000012,0.0133333337
C17_rand_32_r0,2,1567,1.25333333,1,2.75333118,6.01100016,0.018666666,0.00066666666,0.0165173933,0.016217418,0.00178258203,2.69647431,14,3.90715003,11.1203499,0,0,0,0,0,-3.02699494,-5.28917694,52.4097252,1.54976308,11.9143696,6.01100016,669.221619,75.1765976,1.65199995,0.0250000004,50,1,0.119999997,0.550000012,0.0133333337
C17_rand_32_r0,2,1568,1.26666665,1,3.3087368,6.01100016,0.0183333326,0.00033333333,0.0154448543,0.0146234985,0.00337650091,3.76315951,14,3.90715003,11.1203499,0,0,0,0,0,-3.02699494,-5.28917694,52.4097252,1.54976308,11.9143696,6.01100016,669.221619,75.1765976,1.65199995,0.0250000004,50,1,0.119999997,0.550000012,0.0133333337
C17_rand_32_r0,2,1569,1.27999997,1,3.18826175,6.01100016,0.0179999992,5.89805982e-17,0.015853839,0.0156298447,0.00237015542,3.08969116,14,3.90715003,11.1203499,0,0,0,0,0,-3.02699494,-5.28917694,52.4097252,1.54976308,11.9143696,6.01100016,669.221619,75.1765976,1.65199995,0.0250000004,50,1,0.119999997,0.550000012,0.0133333337
C17_rand_32_r0,2,1570,1.29333329,1,3.72480512,6.01100016,0.0176666658,-0.00033333333,0.0145328641,0.0140248397,0.00397515995,4.16379499,14,3.90715003,11.1203499,0,0,0,0,0,-3.02699494,-5.28917694,52.4097252,1.54976308,11.9143696,6.01100016,669.221619,75.1765976,1.65199995,0.0250000004,50,1,0.119999997,0.550000012,0.0133333337
C17_rand_32_r0,2,1571,1.30666661,1,3.59755588,6.01100016,0.0173333324,-0.00066666666,0.015397273,0.0150265293,0.0029734706,3.49344277,14,3.90715003,11.1203499,1,0,0,0,0,-3.02699494,-5.28917694,52.4097252,1.54976308,11.9143696,6.01100016,669.221619,75.1765976,1.65199995,0.0250000004,50,1,0.119999997,0.550000012,0.0133333337
C17_rand_32_r0,2,1572,1.32000005,1,4.13639164,6.01100016,0.0170000009,-0.00100000005,0.0139228646,0.0134070143,0.00459298585,4.57725716,14,3.90715003,11.1203499,1,1,0,1,0,-3.02699494,-5.28917694,52.4097252,1.54976308,11.9143696,6.01100016,669.221619,75.1765976,1.65199995,0.0250000004,50,1,0.119999997,0.550000012,0.0133333337
C17_rand_32_r0,2,1573,3.1652,3,4.58618879,6.01100016,0.0166666675,-0.00133333332,0.0150551843,0.0128437523,0.00515624834,4.95420456,14,3.90715003,11.1203499,1,1,0,2,0,0.626858771,-1.55788147,89.4908981,0.962085307,175.111343,6.01100016,669.221619,75.1765976,1.65199995,0.0250000004,50,1,0.119999997,0.550000012,0.0133333337
C17_rand_32_r0,2,1574,3.33039999,3,4.87221622,6.01100016,0.0163333341,-0.00166666671,0.0132125746,0.012616571,0.00538342865,5.10623884,14,3.90715003,11.1203499,1,1,0,3,0,0.626858771,-1.55788147,89.4908981,0.962085307,175.111343,6.01100016,669.221619,75.1765976,1.65199995,0.0250000004,50,1,0.119999997,0.550000012,0.0133333337
C17_rand_32_r0,2,1575,3.49559999,3,5.19495726,6.01100016,0.0160510987,-0.00194890087,0.0135683548,0.0120894229,0.00591057679,5.45901775,14,3.90715003,11.1203499,1,1,0,4,0,0.626858771,-1.55788147,89.4908981,0.962085307,175.111343,6.01100016,669.221619,75.1765976,1.65199995,0.0250000004,50,1,0.119999997,0.550000012,0.0133333337
C17_rand_32_r0,2,1576,3.66079998,3,5.1714077,6.01100016,0.0157708395,-0.00222915993,0.0123828389,0.0122035714,0.00579642877,5.15213966,14,3.90715003,11.1203499,1,1,0,5,0,0.626858771,-1.55788147,89.4908981,0.962085307,175.111343,6.01100016,669.221619,75.1765976,1.65199995,0.0250000004,50,1,0.119999997,0.550000012,0.0133333337
C17_rand_32_r0,2,1577,5.16520023,5,5.28632975,6.01100016,0.015522833,-0.00247716717,0.0122723524,0.0118492404,0.00615075976,5.38035727,14,3.90715003,11.1203499,1,1,0,6,0,30.9956341,-17.6731548,76.4126434,1.30805683,62.911026,6.01100016,669.221619,75.1765976,1.65199995,0.0250000004,50,1,0.119999997,0.550000012,0.0133333337
C17_rand_32_r0,2,1578,5.33039999,5,5.27657366,6.01100016,0.015277491,-0.00272250897,0.0121643543,0.011798868,0.0062011322,5.2685914,14,3.90715003,11.1203499,1,1,0,7,0,30.9956341,-17.6731548,76.4126434,1.30805683,62.911026,6.01100016,669.221619,75.1765976,1.65199995,0.0250000004,50,1,0.119999997,0.550000012,0.0133333337
C17_rand_32_r0,2,1579,5.49560022,5,5.91150331,6.01100016,0.0152089624,-0.00279103732,0.0101713492,0.010043961,0.00795603916,6.4309907,14,3.90715003,11.1203499,1,1,0,8,0,30.9956341,-17.6731548,76.4126434,1.30805683,62.911026,6.01100016,669.221619,75.1765976,1.65199995,0.0250000004,50,1,0.119999997,0.550000012,0.0133333337
C17_rand_32_r0,2,1580,5.66079998,5,5.7729845,6.01100016,0.015131426,-0.00286857411,0.0104377158,0.0100048203,0.00799517985,5.6596508,14,3.90715003,11.1203499,1,1,0,9,0,30.9956341,-17.6731548,76.4126434,1.30805683,62.911026,6.01100016,669.221619,75.1765976,1.65199995,0.0250000004,50,1,0.119999997,0.550000012,0.0133333337
C17_rand_32_r0,2,1581,7.16520023,7,6.37919807,6.01100016,0.0152207799,-0.00277921953,0.00959325861,0.00824918877,0.00975081138,6.87519121,14,3.90715003,11.1203499,1,1,0,10,0,1.04795063,-3.74374628,89.844986,0.65876776,3.11996412,6.01100016,669.221619,75.1765976,1.65199995,0.0250000004,50,1,0.119999997,0.550000012,0.0133333337
C17_rand_32_r0,2,1582,7.33039999,7,6.84455919,6.01100016,0.0154672172,-0.00253278296,0.00679001678,0.006601159,0.0113988416,7.2253089,14,3.90715003,11.1203499,1,1,0,11,0,1.04795063,-3.74374628,89.844986,0.65876776,3.11996412,6.01100016,669.221619,75.1765976,1.65199995,0.0250000004,50,1,0.119999997,0.550000012,0.0133333337
C17_rand_32_r0,2,1583,7.49560022,7,7.07515621,6.01100016,0.0158005506,-0.00219944981,0.00573390583,0.00548485899,0.0125151407,7.26382685,14,3.90715003,11.1203499,1,1,0,12,0,1.04795063,-3.74374628,89.844986,0.65876776,3.11996412,6.01100016,669.221619,75.1765976,1.65199995,0.0250000004,50,1,0.119999997,0.550000012,0.0133333337
C17_rand_32_r0,2,1584,7.66079998,7,8.01164246,6.01100016,0.016133884,-0.0018661163,0.00278198626,0.00263679214,0.015363208,8.77785873,14,3.90715003,11.1203499,1,1,0,13,0,1.04795063,-3.74374628,89.844986,0.65876776,3.11996412,6.01100016,669.221619,75.1765976,1.65199995,0.0250000004,50,1,0.119999997,0.550000012,0.0133333337
C17_rand_32_r0,2,1585,9.16520023,9,9.09265232,6.01100016,0.0164672174,-0.00153278303,0.000930290786,0.000844774651,0.0171552245,9.97711563,14,3.90715003,11.1203499,1,1,0,14,0,28.0858021,-13.1581936,55.6028366,1.43601894,34.2202415,6.01100016,669.221619,75.1765976,1.65199995,0.0250000004,50,1,0.119999997,0.550000012,0.0133333337
C17_rand_32_r0,2,1586,9.33040047,9,9.52747822,6.01100016,0.0168005507,-0.00119944965,0.00115641905,0.000985042192,0.017014958,9.88324547,14,3.90715003,11.1203499,1,1,0,15,0,28.0858021,-13.1581936,55.6028366,1.43601894,34.2202415,6.01100016,669.221619,75.1765976,1.65199995,0.0250000004,50,1,0.119999997,0.550000012,0.0133333337
C17_rand_32_r0,2,1587,9.49559975,9,9.73993301,6.01100016,0.0171338841,-0.000866116374,0.00163631956,0.000939446327,0.0170605537,9.91375923,14,3.90715003,11.1203499,1,1,0,16,0,28.0858021,-13.1581936,55.6028366,1.43601894,34.2202415,6.01100016,669.221619,75.1765976,1.65199995,0.0250000004,50,1,0.119999997,0.550000012,0.0133333337
C17_rand_32_r0,2,1588,9.50893307,9,11.3212023,6.01100016,0.0174672175,-0.000532783044,0.00314374408,-0.00309689948,0.0210969001,12.6149683,14,3.90715003,11.1203499,1,0,0,0,0,28.0858021,-13.1581936,55.6028366,1.43601894,34.2202415,6.01100016,669.221619,75.1765976,1.65199995,0.0250000004,50,1,0.119999997,0.550000012,0.0133333337
